link_id,0,1,2,3,4,5,6,7,8,9,10,11,12,13,14,15,16,17,18,19,20,21,22,23,24,25,26,27,28,29,30,31,32,33,34,35,36,37,38,39,40,41,42,43,44,45,46,47,48,49,50,51,52,53,54,55,56,57,58,59,60,61,62,63,64,65,66,67,68,69,70,71,72,73,74,75,76,77,78,79,80,81,82,83,84,85,86,87,88,89,90,91,92,93,94,95,96,97,98,99,100,101,102,103,104,105,106,107,108,109,110,111,112,113,114,115,116,117,118,119,120,121,122,123,124,125,126,127,128,129,130,131,132,133,134,135,136,137,138,139,140,141,142,143,144,145,146,147,148,149,150,151,152,153,154,155,156,157,158,159,160,161,162,163,164,165,166,167,168,169,170,171,172,173,174,175,176,177,178,179,180,181,182,183,184,185,186,187,188,189,190,191,192,193,194,195,196,197,198,199
-E1,0.0,0.0,0.0,0.0,0.0225314708272664,0.058943427044206305,0.10029381818388469,0.35624520744590693,0.8111475257468435,1.4552922808334614,2.183916352521119,3.032336198584595,4.053899715190605,5.325907386870625,6.918166754338795,8.756349439734809,10.65415753728368,12.729066827036519,15.044147538292684,17.530200474859505,20.126815140548672,22.8413496638005,25.044143180462513,26.63883649916712,27.78540416648395,26.80144534541441,26.38757995897867,26.90223940371625,27.406922250045533,27.93014082316077,30.426888604482205,32.287676607728876,33.864888811389484,35.3735462446336,36.85612331308916,38.329650188534366,39.80005031756323,41.235395455255755,42.67425887139085,44.11306117855568,45.18440538094953,46.27525454855369,46.855536494831256,47.58313931130721,48.36348206871371,47.21208696469186,46.68941933517508,46.931262579122105,47.45312435310316,48.06302808634062,50.66207532294352,52.6030843169402,54.028502830563085,55.363588614232526,56.70413554517037,58.07298841189074,59.4695478895282,60.853852080661646,62.25778238346896,63.67279381874687,65.0953905379957,66.52316822701596,67.33175435236461,68.1254476377282,68.90899490958513,67.73555872598749,67.20830576058381,67.42478577043076,67.9107451402999,68.47761853525114,71.0288061153673,72.93829459245902,74.34862288663395,75.67622206254681,77.01327225309932,78.3807037334773,79.77690142396261,81.1613703803931,82.5199463129168,83.59213311417025,84.40225200592545,85.32439530224559,86.02880638364715,86.92268837986981,88.07044115609094,87.45581733875848,87.53937230870277,88.96079974443003,90.74775869139496,92.31605240908901,95.39364298945182,97.56398777512702,98.23744714760176,98.64155962298412,98.90618982239485,99.09447492029697,99.29354859524749,99.59058921777509,100.03691662812551,100.63688879784823,101.32961093460655,102.05397407896739,102.40709412972612,102.67837271468116,102.84465365635168,101.03677903301616,99.86566514207357,100.04600941814749,100.0410295010652,99.6259051260441,100.94746077392419,101.45764800660334,101.35601592859686,101.05489759476494,100.69550968013027,100.3618979288001,100.15665139657472,100.16360433604112,100.40974904748647,100.86339671590258,101.45695183450218,102.11409020629202,102.46701924989031,102.73817605134116,102.90437797954627,101.75302554285135,100.91047832790261,101.08840141340458,100.97646711773903,100.45587269673943,100.76433263299234,100.8958581167506,100.89531694289849,100.86140817890694,100.82143381193457,100.79746123723662,100.80594889825512,100.8535590210082,100.93667674506531,101.04479659857292,101.16507390755154,101.28590541475359,101.4575049787002,101.56026515096282,101.62753112752729,100.69516683912718,99.76378735545114,98.81737736662734,97.85779276613331,96.88837479565977,96.90600610441763,96.9164526952316,96.91993692508578,96.92167946146314,96.92265621116135,96.9236857178289,96.92543556880918,96.92824618324319,96.93208251090635,96.93663948514336,96.94150380718514,96.94628830340892,96.95300911457525,96.95762216723223,96.96091899205777,96.28089567517742,95.9849127477257,95.85608196018264,95.79982394343796,95.77506359011007,95.77654144029444,95.77728186033528,95.77737047734662,95.77726649047389,95.77709512874179,95.77691796856891,95.7768155226332,95.77686089941547,95.77708467628945,95.77746904295171,95.77796429383984,95.77851087187743,95.77909408748987,95.77961338868326,95.78005981491158,95.76761470390544,95.76253218584816,95.76054426937672,95.75960469692828,95.75907508023052,95.7594148257576,95.75953113928884,95.7594731474556,95.75935792119363,95.75923746591272,95.75914916276979,95.75912480246254,95.75918122258669,95.75931541743877,95.75950879913997
-E10,0.0,0.0,0.0,0.0,0.0,0.0,0.0,0.0,0.0,0.0,0.0,0.0,0.0,0.0,0.0124985191610105,0.1906424759209292,0.858555733859081,1.578385232646957,2.3023187543604378,3.142693841497544,4.344541055374783,5.735303542310343,7.1940597764576975,7.065485073671671,7.427536269439004,8.234475851492673,9.293354011074308,10.658592867559912,12.997296108375277,15.50067170931734,17.623791256459636,20.079636958837256,22.267790934970208,23.735722156096553,24.931752904460502,26.486519564555433,27.94969168109054,29.397315157480747,30.839400118599155,32.279399988799064,33.493999762485416,34.734028497589655,35.97439294079747,35.59077184216032,35.35267924065623,35.52614797454984,35.679510973201154,35.562826613914005,37.113524440228105,38.59705051794036,39.43749522902541,40.35758098577893,41.30388134488446,42.27362634206387,43.2616836604413,44.724452131777895,46.14375586770733,47.56862659224297,48.99792645441907,50.43025679941508,51.64003480918049,52.87693791634417,54.11523788411589,54.040034359612854,54.96412349337895,56.411361489680395,57.811410039394566,59.186778405752484,61.00374863218974,62.66770216078906,63.63040532594674,64.63333394383373,65.58910804626927,66.4278471299036,67.2256328200559,68.11461988164064,68.9353452118774,69.73234094832284,70.53035432695589,71.35833010816921,72.01780106658215,72.7764492260334,73.56102606420149,73.60662857635434,74.15668418733175,75.8341500113984,77.9170619483395,80.12907998253657,82.86474032440557,85.4737757953863,86.81948198964885,88.11555456430415,89.362033431649,90.41129198746712,91.29021591563605,92.1032998058065,92.86661599457793,93.55893222525255,94.11231597819388,94.58700748868665,95.13374885717018,95.56383923092237,95.8683210363597,95.29542512315155,95.21223751422833,95.16361830871219,95.06502657278922,94.96817922057329,95.25572886967126,95.37287923834107,95.3526863983543,95.28020670061984,95.18952746414637,95.10186216601205,95.00170110092579,94.99735748135971,94.99223745945106,95.00038366060643,95.01620642286873,95.05863525947228,95.31108690310964,95.5649625187015,95.80988258001526,95.64688971983762,95.59896421220336,95.6482962777025,95.7245535299802,95.77141417442704,96.06783656961974,96.18900569909292,96.1698157819458,96.0980370753394,96.00784062598713,95.92050466470519,95.86185405279835,95.85366986095363,95.90424237081352,96.00733477723122,96.14730374464463,96.30565165069164,96.51211347035202,96.68282802390915,96.82167605761778,96.69509915721676,96.69078654427435,96.78336106884794,96.87261571373888,96.94384276002233,97.2317641321148,97.34903001591663,97.32870721922342,97.25619579005848,97.16551887804334,97.07786471428489,96.98493138560383,96.99503204112612,97.04944135700953,97.11646589318433,97.21890041267955,97.36092519573427,97.62908326413455,97.85866633283999,98.01710750130917,97.89383466876644,97.88599238890652,97.95850617602777,98.03861977082202,98.1056991672102,98.39165244121428,98.50801467787313,98.48746165847737,98.41478498162412,98.31925609380805,98.21020912966642,98.06148895854818,98.00877351848365,97.88916590307535,97.74497642753546,97.60640558339698,97.49022692667977,97.65808332831497,97.79206682780483,97.90316959525524,97.76053741798287,97.74992273490912,97.83233961855831,97.92728644243519,98.0110070711784,98.31343203339031,98.44266079350267,98.39878383178487,98.27410297239706,98.08004329071723,97.81842758126349,97.5052497240968,97.17122561746629,96.84153376468709,96.54039506501725,96.28167902277802,96.07001114448195
-E101,0.0,0.0,0.0,0.0,0.0,0.2108413676370937,0.6287305555769017,1.2568376346243104,2.0207265235131993,2.8014700770898715,3.8416878172993485,4.767145322071818,5.581913083303299,6.268795689355865,6.655724694140799,6.681068427450805,6.69672372636605,6.6558819297205565,6.592488795219245,6.612983394171373,5.861179922992694,5.100871994731291,4.337816678668592,3.574098484229489,3.2439726652391934,3.644144038875364,4.248266959564748,4.894434717556498,5.548824595450611,5.920078296927116,6.389718758719289,6.721997864445444,7.019184618654208,7.306384652839823,7.408583092243374,7.040583856090615,6.69722949327803,6.350086987000647,6.002043714503774,5.877653989980739,5.253839093639176,4.655009023379188,4.0617545330139855,3.4696145500725737,3.2137520898371013,3.5898325305535597,4.152873473822538,4.753474456665771,5.361261883120853,5.712309399775709,6.175747164665301,6.506448897540011,6.803279523238455,7.090405498992032,7.19258943839823,6.824587491194412,6.481232639630329,6.134090047802605,5.786046760692087,5.6616570337234435,5.08471647654936,4.532760745793883,3.9863805949879256,3.441114951614526,3.2055119060215134,3.4377951073961586,3.829580593178761,4.253988491224589,4.684695873149961,4.943679908166478,5.372939352720111,5.6932354150712285,5.987285320005262,6.2737336297558635,6.375763356166115,6.007728121141275,5.66436637887198,5.317222408215429,4.969178852807222,4.8447890748375215,4.445120203148505,4.0704361656415,3.701327709511346,3.333333761072276,3.1743487714505663,3.3167598454185643,3.5867194696643145,3.882328654009292,4.1827873230068295,4.375604258314238,4.780808115617148,5.093902760704653,5.386053990637283,5.67204461117747,5.773971112095904,5.405913760546411,5.062547468674417,4.7154025924797605,4.367358861671419,4.242969050490924,3.9739034781648632,3.729822745062256,3.4913175942605355,3.25392695131681,3.1513896160933488,3.308233416877123,3.5793674826384763,3.872687616122876,4.170061367051895,4.361259481151597,4.7658713684411556,5.078788772529852,5.370893335939889,5.656872726539346,5.758796699048711,5.3907388066403845,5.047372403668372,4.700227505389193,4.352183770308041,4.227793958319341,3.9620215916494947,3.7212340643256976,3.48602211932524,3.251924682186831,3.1508106933515387,3.30784234190398,3.5787980150200682,3.8718472261616546,4.168929140906889,4.359972225288746,4.764525846652359,5.077425362361582,5.369525115873695,5.655503328715909,5.757427032197193,5.3893690815395505,5.046002666479185,4.698857765775999,4.350814030222326,4.2264242181436655,3.96094910410378,3.7204588294236522,3.4855441370693874,3.2517439525776286,3.1507584383977356,3.2004614576697534,3.2688946779270136,3.343924931230879,3.420465183321845,3.4515187496198587,3.782224530309877,4.069190741470439,4.353635890132413,4.637607731924849,4.739048816186374,4.370882055176252,4.027492314591015,3.6803426109805346,3.3322979183749624,3.2079079206940886,3.1634649634476997,3.1440068742032032,3.130124372630511,3.1173563799012562,3.1119025119480903,3.1843487645018214,3.2500786141613127,3.3160542695788924,3.3821133113372928,3.4061092899447916,3.733705566818371,4.019609665192142,4.303746870852844,4.5876389872148025,4.689061065474978,4.3208900484156265,3.9774994002863955,3.630349510594346,3.2823047810366877,3.1579147762100304,3.124321024674315,3.1157121422411094,3.112678847684703,3.110760062009283,3.109995296587795,3.183712028262616,3.2495453845800406,3.3153261564390952,3.3811224640550894,3.4049365866003254,3.7324520710556084,4.018328471569066,4.302457630435236,4.586280499990036,4.687350929012552,4.318612228123742,3.974304931390532,3.626095425083586,3.277071853812384,3.151857485335108
-E102,0.0,0.0,0.0,0.0,0.2760105176340137,0.9056728216790088,1.5932721247591246,2.2683407661755948,2.786474399350145,3.108011493786088,3.613985966127526,4.392776848287005,5.454128688728289,6.6227764038183485,7.56411999978987,6.921906335797509,6.13472190943606,5.1281359832517275,4.034880412843531,3.6459464278246907,4.020998253610342,4.709057106825738,5.380289215683934,6.054371307375161,6.459755596820904,6.720371195677815,6.868013295222626,6.990331829624728,7.107209051702146,7.148739298215089,7.554509001935484,7.906694631674578,8.256235934197393,8.605392650191472,8.730127492793017,7.472298078248995,6.337149504108128,5.198982887474601,4.059743710253724,3.6526596278876595,4.312070986546564,4.965752442917291,5.636156055129426,6.310180159252926,6.551151492935833,6.743826789529881,6.873112867613078,6.991335329089301,7.107393809022575,7.148771734596807,7.554514496933339,7.906695537089869,8.256236080106632,8.605392673281543,8.730127496392086,7.472298078802842,6.337149504192425,5.19898288748731,4.059743710255625,3.652659627887942,4.3120709865466065,4.965752442917297,5.636156055129426,6.210516572054238,6.0652933684164045,5.787789851771815,5.4444404097130334,5.188267943442589,5.183966750063007,5.300670629683833,5.863973792625252,6.360536592266247,6.77960076291363,7.100401274852124,7.108345248541531,5.853217902340657,4.554363294765401,3.216018587698315,1.8814810995565354,1.2005115763237888,0.932466824334236,0.807887585829313,0.7471760275146748,0.7160933829874805,0.6679790377292618,0.7536191799136283,0.8419223603223994,0.9544920888876811,1.0911987300376305,1.16919991301627,1.3081637833065995,1.3888211118927125,1.4341213198603129,1.4482400806959022,1.386941035175901,1.1343427905124537,0.9158757727045341,0.7153819367583352,0.5323678487277546,0.4619819424361906,0.442890915251421,0.4366989398359246,0.4341635793469602,0.43396404351503187,0.4422654746033793,0.5985199454998372,0.7625029955772464,0.9476088490164263,1.1435240207169888,1.2614381927288163,1.4537397759585102,1.5538354930242382,1.6015219202144868,1.608730446494867,1.5171747139472973,1.2228021381626053,0.9725376093985534,0.7482153056477701,0.5475457107849145,0.4699252998491322,0.4487181667804518,0.4416374087462855,0.4386528455663051,0.43746914492790023,0.4424090723417978,0.5923705264439457,0.7471212227343371,0.9210693980755665,1.1057771290419949,1.2154966326124514,1.3982312128044037,1.4918474836505122,1.536984968807288,1.5445061509081945,1.4580894691003603,1.1784951324077204,0.9416411328848742,0.7291588973163081,0.5383398138561412,0.46488836399482825,0.4448834756475002,0.4383276750760442,0.4356174184743335,0.4346606398266679,0.4347674283795072,0.5707376733148168,0.699509337603751,0.8378262142858838,0.9847711006713826,1.0622108322051655,1.1575616930051078,1.2118160798017819,1.2382659843811195,1.240637983520764,1.1969586036084805,0.9905691361903477,0.8125628063164853,0.6485146473322487,0.4967899357206989,0.4405843036714467,0.4261657200337883,0.422193979306812,0.42088560430475186,0.4213660153865686,0.4245505261329779,0.5245164816272188,0.573918024865947,0.6184754588973047,0.6655679293306193,0.6630995728967074,0.8605736116065922,1.0217502227942374,1.1650965615947997,1.286521789508562,1.2752615446987976,1.0560028926825042,0.8588283892632229,0.6755331762766565,0.5081075625179416,0.4453857646080057,0.4295057233544048,0.4248603461463688,0.4232638640252828,0.42352154559428473,0.4258110735750898,0.4368166019876778,0.457214687836293,0.4881336636918647,0.5277884213165182,0.5709529793895292,0.8060198733817714,0.9930962293481146,1.1556590537606368,1.2944550044471206,1.302198024458009,1.0880108157677428,0.893465215308821,0.7086410348348902,0.5345970372247758,0.46842921455463893
-E103,0.0,0.0,0.0,0.0,0.0,0.0,0.0,0.0,0.0,0.27814408468801227,1.0132386746570063,1.6930970736945512,2.3732446563359764,2.938424273441998,3.3093103946935005,3.741907655527368,4.2835266316887175,4.18952130904078,4.308207207206861,4.240303833214633,4.01534009820989,4.065887243555784,4.818806940109076,5.4657447611305505,6.103351397460583,6.739002628651823,6.966030223327853,7.011867285867776,7.013535155285256,7.005054853924474,6.994541644838412,6.9907020016038,6.941337578105321,6.8982893883398395,6.855511457623692,6.812770019364972,6.797500378383592,6.135419189953791,5.5517874199370745,4.970152326692897,4.3886768636705416,4.180927361746774,4.8465654496605755,5.471582531699164,6.104476677917016,6.739206920369181,6.9660657273849935,7.011873254650027,7.013536132893406,7.00505501071189,6.994541669552253,6.990702005443298,6.941337578694518,6.898289388429302,6.855511457637151,6.8127700193669805,6.797500378383891,6.1354191899538355,5.551787419937081,4.970152326692899,4.3886768636705416,4.180927361746774,4.8465654496605755,5.471582531699164,5.8472294933300635,6.0531382633501725,5.767427109500183,5.270184991959807,4.934815595784044,4.835534327616296,4.943516603524801,5.214800478823012,5.507163880526054,5.801364058204395,6.033466224769037,6.0279743870682365,5.7248721369763835,4.75974276820812,3.7490997769707004,2.766853179362317,1.931494297527737,1.5061551147439936,1.3433791409206874,1.260003303439285,1.2148617124648977,1.1895672877988752,1.145563764301691,1.1088682294065297,1.1587674932270902,1.3002998239780983,1.595881843224019,2.0586112676150696,2.5742736583200765,2.9965178790999656,3.2871624549201983,3.391122272122048,3.317327937340753,2.799905811817243,2.302090435910001,1.805823878867919,1.3264087313695936,1.0716235051241811,0.9459483527894841,0.8559814693759543,0.7912653241977419,0.7467938006205879,0.7118521972537227,0.6814447146871789,0.7477149828907581,0.9487771734900151,1.2936183657976723,1.7667501895371864,2.2321577442877354,2.5528162378467236,2.7237833415057624,2.7399916298081615,2.6453834621730246,2.2213656818626504,1.84292962426106,1.475161093457463,1.1176450722090359,0.9368083366164994,0.8531791207091823,0.7893643544862597,0.7404017502946426,0.7045811250177811,0.664468524051667,0.5852351513036816,0.5040193363159717,0.43077100940929625,0.378213181255424,0.373906771923763,0.40280026826694393,0.4388742366642714,0.4730982236806174,0.4945042851568084,0.49948591916982593,0.4346930531296087,0.3705141602800966,0.3007017240052867,0.2272534986787734,0.1862668156372927,0.1637525626302119,0.1431138630462508,0.124892978817379,0.1085385004556791,0.0910213395060944,0.0785194775593539,0.0794028606678367,0.10001631074925921,0.145188383107696,0.2142259863407499,0.2911972747610719,0.3554372495081735,0.4023291872450393,0.425053547621018,0.4245434737798506,0.3504672667323617,0.2767783799335942,0.200228948217543,0.124504133207613,0.0861372732257722,0.07397394947596861,0.0673600532931908,0.0633425632172154,0.060726793090570996,0.0546858302558121,0.0511561112120005,0.059272428332212704,0.0859116866581083,0.1355333060135163,0.2074757637428828,0.2862055717419522,0.3514886252873779,0.3988934835909898,0.421729112803563,0.4211334511258658,0.3468493935560209,0.2729684318511862,0.1963175114731392,0.1206264769731406,0.0824559205724999,0.07074012470369301,0.0646830392994298,0.0612502952762108,0.05919613009398279,0.0535918498387913,0.05038266218201071,0.0587222134725847,0.0855193789589737,0.1352537285170516,0.20727229186519,0.2860505001709908,0.3513632169953777,0.3987811388380041,0.4216134622467934,0.4210011189696089,0.34668697170647944,0.2727696876226906,0.1960831358835271
-E104,0.0,0.0,0.0,0.0,0.0,0.0,0.0,0.0,0.0,0.0169302564746307,0.0719339059484204,0.1829381326284623,0.3121636356789382,0.5717130332830118,1.4669032030377254,2.7364139048098046,3.98232141906391,5.128103961791015,5.856196940211593,5.547325054780251,5.162219147063625,4.734268465510418,4.288523464247398,4.171429352162166,4.765692190129374,5.303235708673976,5.83970486269162,6.375777178599591,6.567289275601145,5.98961723374646,5.445275751812995,4.893601616796047,4.340233749417541,4.1424508390194035,4.784604855331665,5.387122488242824,5.997123994900235,6.608873597405168,6.827518016764627,6.2109198653614275,5.62745428323928,5.035529541918763,4.44166910823436,4.229408637750245,4.781545190731915,5.306838142127905,5.840436100920637,6.375914895618403,6.567313872514595,5.989621457041207,5.445276455230989,4.893601731158776,4.340233767649183,4.142450841878953,4.784604855774067,5.387122488310471,5.997123994910475,6.6088735974067045,6.827518016764857,6.210919865361461,5.6274542832392855,5.0355295419187645,4.441669108234362,4.229408637750246,4.781545190731917,5.306838142127905,5.840436100920637,6.375914895618402,6.567313872514595,5.989621457041207,5.445276455230989,4.893601731158776,4.340233767649183,4.142450841878953,4.784604855774067,5.387122488310471,5.997123994910475,6.6088735974067045,6.827518016764857,6.210919865361461,5.6274542832392855,5.0355295419187645,4.441669108234362,4.229408637750246,4.781545190731917,5.306838142127905,5.840436100920637,6.375914895618402,6.567313872514595,5.968052546915126,5.363479255071596,4.736966214035983,4.101829630649098,3.790332615478813,4.396671484875237,4.985292914026216,5.6003586636423925,6.253354558147663,6.50480336786331,5.92577511955513,5.380388961241232,4.822350512143663,4.254919254067621,4.005416737305391,4.44088044543302,4.775735916204164,5.049268068496637,5.287962519983646,5.176503717136413,4.254576631747817,3.4395790498000305,2.6958621972486974,2.036644915331847,1.8508775521154723,2.006603075652625,2.2375786518749283,2.5249133448141285,2.859841259413523,3.1645603634543287,2.8631441911395026,2.58154547675342,2.244578324930189,1.833323890690812,1.6761488301086687,1.6478087103401453,1.5902347148114129,1.5360378152593268,1.494042753137725,1.4475818455637741,1.1568668895601624,0.9252620653682941,0.7246218823333803,0.5565494751230315,0.575668941291091,0.7730305661414167,1.016374336687744,1.3081164488442532,1.6599024576477621,2.0340792538655763,2.102189198665458,2.2353791760769286,2.3731117095180005,2.48336329223284,2.7375935414664654,3.0571044677415316,3.2839034485866154,3.4272158502504775,3.5044072485723086,3.5104247064588874,2.7862840017128554,2.138373747908888,1.5093935957883189,0.9052933922346225,0.7339159063648384,0.9196051788519894,1.150316112442685,1.3932575835056036,1.62849055111552,1.7585296475153964,1.4820682839867092,1.1999541991915583,0.8898083163582519,0.5578175229032674,0.4086330978827216,0.3876665499921749,0.3736671690612971,0.3652728553431812,0.3594715486742548,0.3327496376508481,0.2892825245095885,0.2785095300159621,0.3046169928932315,0.3698353341092644,0.4842672646128601,0.6793600369328711,0.8766947681754054,1.0685341262595616,1.2456573683129395,1.372802152270836,1.1133767350219934,0.8510425622563731,0.5595387702603039,0.24542361895292808,0.11493191949634869,0.1180777254220058,0.1268025672265501,0.135651007165359,0.1436992855178916,0.12321923141352589,0.1168887428986959,0.1230588481552577,0.1423504429383704,0.1713492498611541,0.19766408372591,0.2723556014203718,0.3379633252288338,0.4001454467071608,0.459090262834575,0.48437631693083977,0.37823779148017167
-E105,0.0,0.0,0.0,0.0,0.0,0.0,0.0,0.0,0.0,0.1264375234449776,0.601106156465809,0.7238120147042684,1.0179396431450887,1.4077871887815334,1.6424707778959255,2.000355820196442,3.1452305458913723,4.0619993435882265,4.884235503687593,5.660367343047338,5.9876348255016705,5.740719406965461,5.2448714548779325,4.78228327757984,5.312358191045266,5.927344843759758,6.4034539060555655,6.980778347349748,6.987919623333692,6.756274493462345,6.66195870223919,5.879862034948679,5.204113921210873,4.5343705274399015,3.865564382090969,3.6266444534962803,4.503700027777095,5.3212624457738835,6.147660730182081,6.976166567842952,7.272270815691545,7.522613026514165,7.693511663142836,7.850790271718513,8.005409799590895,8.060544944265386,7.718789961344362,7.406730311594268,7.092911554850995,6.778611779168742,6.666295519904006,5.8806532342576,5.204251911136481,4.534393787640613,3.8655681997510594,3.62664506679128,4.50370012458111,5.321262460830377,6.147660732494841,6.976166568194414,7.272270815744459,7.522613026522066,7.693511663144006,7.850790271718686,8.00540979959092,8.06054494426539,7.718789961344362,7.406730311594271,7.092911554850996,6.778611779168742,6.666295519904006,5.880653234257599,5.204251911136481,4.495499387769579,3.757078049172229,3.436885804846023,3.8902180947608325,4.386739204231048,5.014704986513015,5.799892055447763,6.320339101506847,6.864266558001347,7.293616686151385,7.607586229612731,7.829327185352748,7.904913345619809,7.558768343374047,7.22797768134517,6.887694571275068,6.543929056194788,6.402405468095866,5.58181703844377,4.871924037047302,4.1719557202816695,3.476950133770954,3.22095946090885,3.4891853446911165,3.7931410717547545,4.154470456832154,4.579969491286871,4.882878515555093,5.350226245752163,5.806704599886484,6.256187226586759,6.674384764746419,6.936206378028604,6.704298617107791,6.412701964737332,6.067114172044974,5.673091336877631,5.459136878682982,4.841935528213173,4.321010504979089,3.8239424818967116,3.3513579195304586,3.1798933644851477,3.3381363768144636,3.522146000026378,3.7391349400995226,3.9899402201919307,4.158182465034176,4.4948746803937665,4.815828802081176,5.1346064090407495,5.4389116105152855,5.608571186813704,5.306664110226047,4.964089784718607,4.582298414357174,4.163035633766056,3.931524367190742,3.6813531482074824,3.4897295766412104,3.3249110566059232,3.187124192070085,3.136664334486975,3.302263801587764,3.464845319837529,3.6390339600674317,3.8235100010770893,3.9139025229070414,4.150180366704125,4.348830909499439,4.5346662096411885,4.707848664867921,4.762944226909749,4.396835956841235,4.050574504038749,3.6993121013089367,3.3482929851233254,3.208734370723433,3.1580239707845315,3.1371728778037884,3.1258696781975885,3.1186102361127794,3.115980912817985,3.299112945403359,3.4829958266290912,3.68972644812668,3.917051523058008,4.054230743714088,4.3300954161041485,4.554807477719122,4.7507146939060885,4.919659381766955,4.965133345903031,4.57715048115617,4.203306070984155,3.8229259083057263,3.4414485708564526,3.2762690655754403,3.2019614706520416,3.164364880292835,3.1411328787367543,3.1253000295386153,3.1185179805355676,3.286115436542428,3.43618896702252,3.587000726619401,3.738504613361427,3.7937458320910267,3.9958211718933483,4.165328562925537,4.331441309245919,4.496384623969211,4.554529532853625,4.211699988398079,3.8973519729590205,3.580995142156207,3.264260908407379,3.1501710530203897,3.120734545080342,3.1142441624984296,3.1130763505807426,3.11310620633674,3.1131306052495797,3.2814149592871575,3.4304225236439,3.5791067199671205,3.7278009098279252
-E106,0.0,0.0,0.0,0.0,0.1380052588170068,0.4528364108395044,0.9523770374869109,1.6380324150023047,2.2580867097417556,2.776336477509669,3.1527604401409315,3.3687790542720335,3.543440806319744,2.957132111071898,2.4782982316316398,2.0309386617776566,1.5673391558632284,1.514851196911429,1.8877193336633495,2.5760173584306854,3.520062452004304,4.602404545956443,5.48414448060247,6.3152360788687085,6.155901810327843,6.07956599510775,6.1055687706551165,5.9880811825130635,6.1590905256699156,6.406571893901472,6.520129860953265,6.564792777018782,6.6086543277820855,5.860604673472714,5.188298930951975,4.514318359353457,3.8396474786221817,3.5985641654963496,4.2781391848880155,4.921213687793727,5.573615093722125,6.228150614364506,6.462097894260671,6.748793136859547,6.9625377426736295,7.165343712982847,7.3660456034761275,7.437668329405705,7.25183435205095,7.075009430593432,6.895383539701315,6.715123549447192,6.65069224393152,5.870265550811915,5.190272971571826,4.514691749017289,3.839714370205711,3.598575676517017,4.278141105419881,4.9212140004608935,5.462784107384378,5.914166882758748,5.924881349764404,5.971160974599486,5.975837669491828,6.008864751493521,6.035083060790802,5.904117992858632,5.492158462897778,5.083386882844963,4.684179495295318,4.309308352268794,4.081139055872864,3.8777349107321206,3.7368171586413697,3.632334374411335,3.5547278712615444,3.5283907986152236,3.561807677669225,3.6559520019552,3.813157826898318,4.024042769505127,4.2464294508626,4.671134780406229,5.017869079210677,5.298231341598769,5.512036804277966,5.537334329418016,5.223837500453673,4.879388469400045,4.517276885955732,4.157987839822991,3.9489294893959412,3.785116593053822,3.677594389545822,3.6007497454272315,3.5448852810069718,3.5260044951751817,3.5123738243638614,3.522172651146085,3.5565280833188213,3.6170223581809706,3.7049304999788513,3.9831581846991604,4.218578368315271,4.418390616072982,4.576731888647035,4.590963757600215,4.330844650540931,4.068341481394091,3.8015687505296785,3.5408264747596214,3.407264541606607,3.311824731995465,3.25066201806456,3.206625290545398,3.173915555172578,3.1620993216688973,3.2191649735513956,3.290140783727486,3.386226098461589,3.513795526228158,3.64518604571077,3.9511240560438385,4.239237070688076,4.509301590875408,4.742242174032203,4.833953116426891,4.629065910158702,4.396607109439535,4.136542114698253,3.8640123948043215,3.7094442362298112,3.5578609946290216,3.44896991049676,3.362606444030501,3.2934370608370194,3.2684651213833127,3.290510219534325,3.3152767754307053,3.3435981107734403,3.3748668478241908,3.390917830526975,3.569944321238469,3.7230468991060133,3.8702987441445806,4.012641956816811,4.0543489725386035,3.8504582676436794,3.659372002155144,3.467666351892581,3.2773764816280577,3.2049594600309024,3.1802406357986444,3.1708084776120353,3.1657064424165813,3.162121953066343,3.1603803473245193,3.2018069077469073,3.238691881739489,3.2758456165607965,3.313504807092292,3.3275357934622165,3.489743583412493,3.630618294134754,3.769978767346581,3.908508526642958,3.9566585839221333,3.763238559846118,3.5830731799062514,3.401131039602401,3.218892392109403,3.1527272841076748,3.133614570465715,3.1279939173113718,3.1255202036706704,3.1237403724318664,3.1226837255340665,3.1721627043893794,3.2163890398816997,3.2612402364570863,3.307011012760019,3.325092019913337,3.4847006236820453,3.623483509339631,3.760702847124928,3.896940016360448,3.945390360200552,3.7528936255894028,3.573411523280346,3.391738487462595,3.2094655055685744,3.143081958118346,3.1233475994930746,3.117210842993436,3.114313641178471,3.1122730029121435,3.1113964337792925,3.163118766272665,3.2089581222946224
-E107,0.0,0.0,0.0,0.0,0.0,0.0,0.0,0.0,0.010634358203613,0.0423733223483468,0.1048774307728603,0.23668601443953902,0.4265877503327375,0.6820741868929441,0.997159816241665,1.3465955546303485,1.6657009480587597,1.9491437649419514,2.3084928605505564,2.785331495971445,3.3499194236782412,4.018124295172786,4.626264496980047,4.838796468540726,4.196584991102649,3.6947883504459496,3.2849008426050585,2.980889171006371,3.448178920134781,4.399037566507266,5.18162102168645,5.894680981797347,6.4045387313657,6.575549359031012,6.618330865331354,6.627506248534468,6.629296625172452,6.629624376262231,6.678549992479247,6.721830845200415,6.765006168702753,6.80817846095992,6.823603419192335,6.479472973343989,6.172112972692569,5.86475575163124,5.557272432954971,5.447406187305066,5.718430517253463,5.977249640923084,6.240396144097302,6.504516503040245,6.598924311878995,6.623156442898521,6.628425209932195,6.629462044359194,6.629652943834981,6.629686459119089,6.678560449719715,6.721832560547954,6.765006444142008,6.808178504419736,6.823603425949801,6.4794729743817,6.172112972850231,5.864755751654972,5.557272432958515,5.447406187305592,5.718430517253539,5.9772496409230955,6.240396144097304,6.504516503040246,6.462859747814328,6.1753583113003065,5.779152524655869,5.342505543412896,4.986372603485529,4.800673310656373,4.816893173191932,4.921701983559487,5.056806336502142,5.16956695261611,5.200483072295379,4.865564417593037,4.521413041184849,4.153092402005079,3.7784767517966147,3.5777271164919915,3.627231782602256,3.67754879440503,3.7376736579056695,3.8060166267801425,3.7843047162645775,3.7441652990162453,3.7312122132304735,3.7708423789800696,3.877430819104391,4.0531430155146895,4.328275736383965,4.612808996359598,4.871604370958725,5.06897173092428,5.156718497869205,4.855631683537966,4.5307212761112385,4.171397650621341,3.7990343278033025,3.5980558973113608,3.6479901060633737,3.697423126938011,3.7561430871732133,3.822916045426654,3.7985306153321985,3.7459461421210554,3.700629740445613,3.67430864121813,3.670123954830728,3.6864745866509736,3.7646618516388477,3.8400675089297733,3.908775320512108,3.96486189191121,3.9788183812601834,3.77080591675676,3.576153023659656,3.3785603307134275,3.1814396211221654,3.099476357639179,3.203259999046896,3.304852752343961,3.4103263737181884,3.5177772986547855,3.549170201394311,3.5560808497869116,3.56678037841521,3.590728296478261,3.6290152852627813,3.676349714388066,3.7731581236720153,3.856578247657703,3.9263010772142977,3.9799422015422428,3.990438785756017,3.778879581407862,3.5815320751902693,3.3820235009304564,3.1835911449552237,3.1009313704287926,3.2043988678187314,3.3057814008893986,3.4111034414075205,3.5184385012136206,3.5495141096778777,3.5518798441444117,3.5502515425730756,3.552422637558623,3.5600059957853216,3.571800651041931,3.634191972209051,3.6897615606317404,3.741646145212201,3.788680845978237,3.803032800712468,3.616386775732883,3.4459846606292617,3.274528106618015,3.103239881005557,3.0382065925806367,3.1500367595855776,3.258764356539422,3.3703024971409072,3.482832346096747,3.5207054975272256,3.529496133070139,3.533039458226588,3.538637690162793,3.547784551831625,3.5594321420091175,3.620379533123459,3.6739520995978348,3.724032846841374,3.769987102275675,3.784210057719993,3.5997149510033415,3.4318046664151107,3.2630921284296406,3.0945643829945593,3.0313534031728584,3.144037802102674,3.253539566412742,3.365745175280435,3.4788401094047434,3.5175394984829857,3.5270525417384087,3.530947934941052,3.536471162170822,3.5450634198350652,3.555828435491192,3.6158429212625682,3.668665199554228
-E108,0.0,0.0,0.0,0.0,0.0,0.0,0.0,0.0,0.0,0.0050687585447768,0.0232908389048029,0.0606472573008915,0.12845921634694452,0.21800304704807125,0.2952388278628354,0.35710977363400487,0.4018448023585763,0.39894318844417664,0.32469047612016333,0.26232193020560135,0.2111538240117962,0.18194334786007982,0.22514602223099828,0.3011618727869926,0.405168223522812,0.6296389232910609,1.0808756308236365,2.1942665512961996,3.5242820400504735,4.762087790923893,5.8100510418345666,6.377184649452279,6.571673680942549,6.619944409021564,6.628317839081923,6.629525284832148,6.637000121999697,6.643501089072275,6.649972733384273,6.656442922582453,6.6587546276347265,6.8465243810978995,7.012391569440625,7.177781927474374,7.34314507896586,7.402226757031136,7.226153446735474,7.060117329724587,6.891814672733608,6.722989387246471,6.662648171100023,6.643895947699494,6.6376379149757305,6.6340911675052165,6.631085196396951,6.630033366413291,6.637089200127237,6.643516169875815,6.649975217592281,6.656443322892711,6.65875469098722,6.846524390973908,7.012391570960643,7.177781927705767,7.343145079000751,7.402226757036353,7.226153446736249,7.0601173297247,6.891814672733625,6.722989387246475,6.662648171100023,6.643895947699494,6.6376379149757305,6.6340911675052165,6.631085196396951,6.630033366413291,6.637089200127237,6.643516169875815,6.649975217592281,6.656443322892711,6.65875469098722,6.846524390973908,7.012391570960643,7.177781927705767,7.150890822310049,6.711894503919713,6.0291980116916655,5.37459205768214,4.878115636055847,4.692476018440142,4.804808598063695,4.99278305786577,4.989618793716015,4.830726736676085,4.537192109932905,4.1690729208347435,3.8665289454685583,3.6281129471568843,3.4161383466011657,3.190151131099449,2.8932246740696645,2.640148254847536,2.3541629807185482,2.072117282026939,1.8395513293167123,1.633519962970076,1.373457552004475,1.2058255065777814,1.1258429655703976,1.1234277772027697,1.237770660782119,1.381411136101742,1.522130278729743,1.6422558565464858,1.7408359809404652,1.8334212403626278,1.919546020618846,1.9762064642444293,1.9835697169163669,1.9278157234636089,1.8047524560539423,1.7245010329646129,1.5965111029999062,1.4619358281103247,1.3445109128678996,1.208933387326612,0.9875552718284235,0.8166883314016686,0.6898836865716024,0.5987627392818181,0.5931957803795256,0.6183307394492716,0.6501959772027344,0.677064083701994,0.6957100925181985,0.7095362296615529,0.7165003846460682,0.7096396942735235,0.6852204569212631,0.6422941015847445,0.5823377555156928,0.6276319005659798,0.6517949047632797,0.6769489372067461,0.7147422046137202,0.7131469655938274,0.5989598473776259,0.5370578578696072,0.5207115139378036,0.5393274083038572,0.6448163879023718,0.7625249652705872,0.8598139832713556,0.9207787377564465,0.9422715701690269,0.9344659696136465,0.9042046522764418,0.8526025840074212,0.7837623087491702,0.7023339007195214,0.6125119249900296,0.6499758566914224,0.6731599169107048,0.7014134286811537,0.7418408790913515,0.7323992803817188,0.6004118839446452,0.5112059664201191,0.4567840152389861,0.42734695089919783,0.4794250949249755,0.5462804607614474,0.6019593984080129,0.635497033754548,0.6455714608794235,0.6405297664796274,0.623745993142519,0.5942893297545355,0.5532618630743737,0.5025764832899523,0.4445192986019103,0.5076772431256323,0.556404895040408,0.6082679915095353,0.6692339920811423,0.6782059161019258,0.5591134159594348,0.473898254225403,0.414045947144487,0.3712414908533248,0.4042057476903109,0.45098347968320357,0.4883189382653707,0.5073849455232892,0.5081823655862162,0.4989269128908408,0.482561299953288,0.4582697875339743,0.4264375748272591,0.3879413627208646
-E109,0.0,0.0,0.0,0.0,0.0,0.0,0.0,0.0,0.0,0.0044873955575623,0.0210662619572949,0.058619671756960395,0.1292448542788995,0.3498013990720298,0.9164095175574637,1.5905986031661818,2.215365393317013,2.7417143372332915,3.020432845665696,3.2484746588029605,3.6997918831813705,4.490773781719158,5.380286808160684,6.169861688456867,6.116884694031302,5.835052214520861,5.357044552118651,4.814651349905219,4.617869241312592,5.177932762837008,5.707739724911786,6.2452156734474755,6.784449849359843,6.977185602705939,6.940366669036035,6.874717195432695,6.800600383478955,6.724759617632736,6.697591683242117,6.802763186750722,6.900550119781271,6.999332484597758,7.098354688562344,7.133744283995618,6.506128456324016,5.944328730886713,5.382212299786634,4.819800890486198,4.618844163474379,5.1781075313774005,5.707769814715128,6.245220695641522,6.784450667235862,6.977185733267572,6.940366689536952,6.874717198607382,6.800600383964788,6.7247596177063285,6.697591683253167,6.80276318675237,6.900550119781515,6.999332484597796,7.098354688562349,7.133744283995619,6.506128456324015,5.944328730886713,5.382212299786632,4.8198008904861975,4.618844163474379,5.1781075313774005,5.707769814715128,6.245220695641522,6.784450667235862,6.977185733267572,6.940366689536952,6.874717198607382,6.800600383964788,6.7247596177063285,6.697591683253167,6.80276318675237,6.900550119781515,6.999332484597796,7.098354688562349,7.133744283995619,6.506128456324015,5.944328730886713,5.382212299786632,4.8198008904861975,4.618844163474379,5.1781075313774005,5.707769814715128,6.245220695641522,6.784450667235862,6.977185733267572,6.940366689536952,6.874717198607382,6.800600383964788,6.701917513339815,6.624859168518411,6.663352350058408,6.677046907945054,6.695565991448703,6.733067184699285,6.726549139533365,6.089475853089785,5.264035282460465,4.2216922584524275,3.0682826677699913,2.188772405468476,2.057685773385146,2.0689712945097387,2.2411299133498894,2.551757800307342,2.696850812402876,2.7613141618279107,2.95561336039995,3.212576526430153,3.469637300447145,3.7181086382974393,3.889040918143098,3.7902207865924664,3.556420658610138,3.2560513862008587,2.9216689401971747,2.219015059647605,1.6359838532148643,1.1032811505860407,0.6009187999316661,0.376356153840519,0.3612494216653952,0.4078702349484155,0.5286214112046628,0.7331508129280235,0.9753282855323759,1.247443854453438,1.546184533447998,1.8180903629094833,2.02552493593594,2.1557894727370366,2.206376379505212,2.095783117411082,1.9147809797387627,1.706663558183052,1.4930153403063628,1.1166028068729494,0.8122561617941617,0.5398745752025349,0.2860080495552827,0.1721113441814676,0.1698512230263742,0.20725942693887378,0.28954689255590094,0.4202824648361233,0.5729542627661567,0.7409760339366844,0.9219928991483989,1.0867099212586453,1.213713267602791,1.2946221422257316,1.3276314500816393,1.262998288891977,1.1552357677281504,1.0305313358306945,0.9025420013208626,0.6769198027780134,0.4958682876730812,0.3354086012123918,0.186988068088021,0.1238274507967729,0.12925498899172122,0.1615273040804487,0.22143424289493172,0.30452339473667883,0.3873786613538865,0.4604907257333598,0.523906421258879,0.5672417182240983,0.58800949411163,0.5904254404753522,0.5774859856007053,0.5318743166323583,0.4757378789104448,0.4187116400156661,0.3647150011323457,0.2722764003733127,0.19938738092500208,0.1355538229048738,0.0768903650607163,0.0526850705327112,0.0512421914601572,0.0509268829220126,0.0500447019449237,0.047934682160654704,0.0406080503601729,0.0314930934970542,0.0241783912882403,0.0185110573101284,0.0141898688657253,0.011657718793003799,0.0102468876126255
-E11,0.0,0.0,0.0,0.0,0.0,0.0,0.0,0.0,0.0,0.0288636498174867,0.12432040609270201,0.2859471922776472,0.3667260239884863,0.47201300644563005,0.7909400695681877,1.4808855489146011,2.542238305598365,4.265019137782109,5.974125767614665,7.958350407613313,10.418057426038551,13.680271104424957,17.619578695867236,21.791153513456983,24.377843469663457,23.465921240720924,23.314556804903404,23.85802432954366,24.310269356511363,25.201416203491327,27.910773677948086,29.827268259918654,30.93926219988904,32.110638403343444,33.28304841260021,34.45547641972998,35.62790474019078,37.10177800880701,38.541125248442505,39.97987141282423,41.097879235932375,42.198456580131314,43.36432862639483,44.60908178299501,45.9039787397951,45.560568326595174,46.204528988446334,47.537263703415924,48.693428983416354,49.83145032856052,52.56097748846609,54.356739198436614,55.295293380850076,56.3491521192842,57.44193190969365,58.560402150569736,59.696268463824865,61.14536716401739,62.567927052861634,63.99529803839991,65.42632586987942,66.85983850389643,68.25130888977102,69.64892842128475,71.04740827066951,70.77419505844611,71.46572575445822,72.83068435017238,74.00868649617989,75.16150424997959,77.89675531529285,79.40958961602738,79.47636227752082,80.06602618038738,80.71844786691699,81.34878722796839,81.96243898045651,82.90677126061664,83.62557061205374,84.38561456027006,85.26825782729162,86.30598266804974,88.01660858681707,89.8863086843979,91.89980607864673,92.44356828464177,94.13907656412167,97.31720698402168,99.2433587753685,100.29014327197257,102.0448010003511,102.54423149125356,102.27167490100518,101.89508647344469,101.47696590468495,101.11632710550879,100.92250769207106,100.97648980724068,101.24734337975066,101.69147606986624,102.2435949182882,102.83948887098792,103.69195817092736,104.32110279498082,104.80752383956695,104.1575503761939,103.79299711607163,103.74619189595626,103.53540752192586,103.1980401386751,103.57240620820278,103.76008289262533,103.7360479407251,103.64025201426105,103.52367269459823,103.42014457755441,103.35800200179281,103.35879249041821,103.41865844437667,103.52891211154818,103.6395208437691,103.74631817529362,103.97744435547445,104.17320685384384,104.34163384811798,103.99039908503504,103.86089773903626,103.95113768822678,104.0574918703629,104.12228150489612,104.35406353695673,104.47775811118218,104.47447833676051,104.43222592580932,104.38129729426903,104.31654765849804,104.26382236424027,104.25194159552376,104.27066149933043,104.313876609008,104.35742480266113,104.40526152418389,104.54370252314595,104.66367859899343,104.76776676323573,104.66404703790113,104.64826953607043,104.73358333551111,104.80763867966135,104.83728634482506,104.97922433235955,105.05655939470103,105.05607065601859,105.03182790918405,105.00076516605182,104.96206582924037,104.93054337555063,104.92293170303341,104.9336080574388,104.96288087999662,105.00671365596716,105.05950217001306,105.14403590436848,105.20890760423286,105.26115861333793,104.97015558480513,104.91769056274686,105.16301508261593,105.42953088218178,105.57904036649906,105.64233682217554,105.60170410765481,105.53972084743197,105.45508621994344,105.36373154403891,105.29262608650444,105.26178827954602,105.27762462776398,105.33375937909857,105.4179822960532,105.51723734965998,105.6209318931581,105.76305400586202,105.86821231181378,105.94998362355595,105.73229314778737,105.65231376846315,105.40840120361108,105.09655998512648,104.7550114349736,104.79025689837196,104.79054910675096,104.75092198911968,104.70522084075118,104.67072665687334,104.6559142563952,104.66344515110858,104.69270848321136,104.7372885324799,104.79156103911788
-E110,0.0,0.0,0.0,0.0,0.0,0.0,0.0,0.0,0.0,0.0062636562990975,0.0295880282699397,0.0798150816024161,0.0736973467816675,0.0834227794337733,0.2471603006017085,0.6267392776606653,1.2963485787708402,2.17998652249377,2.9213326946880147,3.682014636618204,4.376617516075962,4.9936117289638835,5.5025653377893065,5.699200359337588,5.5541900243957105,5.411728993458213,5.356863708670977,5.687519848560344,6.136923617675359,6.565892531436749,6.8931985464754675,7.0045227661573986,6.931743157336609,6.848522710940662,6.760655080057981,6.671828722675394,6.640052625168125,6.686205303958589,6.732521696746977,6.78015472414287,6.828070722208581,6.845202289988138,6.6981811445205635,6.565061355455957,6.4314754611572,6.297741295130867,6.249953177947324,6.435587026623731,6.608152749430111,6.782465728214275,6.957199968821699,7.01964824558917,6.934885496019318,6.849123601258015,6.760763558701471,6.671847496992155,6.640055771329196,6.686205817951344,6.732521779010543,6.780154737087652,6.8280707242167695,6.845202290295933,6.6981811445672506,6.565061355462976,6.4314754611582465,6.297741295131021,6.249953177947346,6.4355870266237325,6.6081527494301096,6.782465728214273,6.9571999688216986,7.01964824558917,6.934885496019318,6.849123601258015,6.760763558701471,6.671847496992155,6.640055771329196,6.686205817951344,6.732521779010543,6.780154737087652,6.8280707242167695,6.845202290295933,6.6981811445672506,6.565061355462976,6.4314754611582465,6.297741295131021,6.249953177947346,6.4355870266237325,6.6081527494301096,6.782465728214273,6.9571999688216986,7.012761194239985,6.928787253840383,6.843039091723297,6.723666318862329,6.583959718452603,6.481857765034472,6.333740444088739,6.204685867640624,6.093996904891912,6.002908769617811,5.966848021405688,5.844397398043113,5.403751891379193,4.824375242796013,4.190310417277734,3.601958807029801,3.4074908786796128,3.375593598982094,3.440761529441269,3.543194884806782,3.552897638747688,3.498591777946534,3.4423335777808353,3.3903428137039207,3.3443452257004305,3.3171803254206025,3.3126283042093627,3.298899262979207,3.2815953513213674,3.2628541529793447,3.235949852991615,2.944545123342648,2.5312368250875252,2.035080809584973,1.4834177124231005,1.0464852676247298,0.7833699087550465,0.5946208587603201,0.4636532227629494,0.372076760844553,0.28108301891289333,0.2052746017639066,0.15702204445061252,0.1290385242868792,0.1151520472094288,0.11229690780514409,0.1122987022834198,0.1110522294873171,0.1089120931161412,0.1062291364938713,0.1037292017571957,0.0929871791963945,0.0801275863513309,0.065697864764178,0.0500507561736843,0.0387910033115765,0.0324410620355271,0.0280060094075558,0.0248363326531556,0.022385454462792102,0.019738198712669,0.0166625331773446,0.014298991948024802,0.0123953373755434,0.0109472493503127,0.010274235408987701,0.010059414676365801,0.0096844132180718,0.0092368942042961,0.0087554952106433,0.0082678720428858,0.0073948032635637005,0.0066380235163098,0.0060089713406897005,0.0054497260011616,0.0052381655731305,0.0051369499986398,0.0049758568259205,0.0047208811810790004,0.004389414748354,0.0040828480512011996,0.0037151089409596,0.003563484912215,0.0035612701173835,0.0036539460414418,0.0038827085899996,0.0040994584503146,0.0040921696208711,0.0039487565809018,0.0037607116977996,0.003686169330844,0.0035437744512821,0.0036374418892726,0.0039449056243921,0.0043452945332452,0.0048868639065625,0.0051980965842346,0.0052182838352109,0.0049291052991326,0.0043683695040519,0.0037218343088817997,0.002889404454999392,0.0021809169875629773,0.001579878569658778,0.0010875267501841107,0.0008071399946205594,0.0007604722216265756,0.0007236889942427276,0.0006990479751388673
-E111,0.0,0.0,0.0,0.0,0.0182090272050217,0.0597492486524345,0.1256608591128563,0.2161292769794707,0.3381202333210381,0.5569329397011225,0.8532341376534767,1.3829682343985537,2.2992604083202592,3.5856691832551726,4.740422426355162,5.5512613921164755,5.712332011623786,5.477706867440552,5.1931011096965305,4.966109353843729,5.323277264604883,6.095625295248487,6.670294710273556,6.618576477423913,6.531139785600235,6.257767713708728,6.164837862349026,6.388207581263671,6.687481359930719,6.930082937334202,6.9125724490984775,6.844348890299091,6.759833185083328,6.671677343007594,6.640026042445964,6.549208348060676,6.474226496050929,6.400831299668923,6.327723307591871,6.301614247428168,6.74722342778547,7.146270496944639,7.5455855663371985,7.945118768804447,8.087877399229688,7.855679212457261,7.625599761929381,7.389658118892045,7.152446885945675,7.067641342395506,6.945081614105894,6.85110150087244,6.761124198061414,6.6719103694686535,6.640066366239863,6.549215104595344,6.474227599758068,6.400831476299028,6.327723335383728,6.301614251739358,6.747223428446199,7.146270497044852,7.54558556635226,7.945118768806692,8.087877399230022,7.855679212457311,7.625599761929389,7.389658118892045,7.152446885945675,7.067641342395507,6.945081614105894,6.85110150087244,6.761124198061414,6.6719103694686535,6.640066366239863,6.549215104595344,6.46740936606351,6.349832528099193,6.212004622508935,6.1168521297994545,6.505444305217619,6.891575749394363,7.3292000303178035,7.79403705508927,7.999686455297043,7.817260018010038,7.614461326921836,7.38704982791208,7.151907866789403,7.0675386197782775,6.945063113535456,6.8510983045653155,6.761123663143918,6.671910282170218,6.640066352279782,6.4934055688591865,6.356573657603334,6.213479193467499,6.065474371731303,5.99481341386234,6.419529173838827,6.8167672285439185,7.2309690243466225,7.6581471490079345,7.83474963603932,7.635094474798578,7.419908221653189,7.175578103631839,6.906918708149636,6.76987215869284,6.646177850924861,6.547713922007394,6.460488943109632,6.3836653586237615,6.3394201056631045,6.115099146355795,5.910656170769437,5.704688157391444,5.498311464987375,5.405865354288117,5.8628365324749,6.288014152329146,6.725686254599804,7.170694042560632,7.338227233314091,7.11994258964419,6.897408832912282,6.663541154812101,6.423518841537848,6.33207332875369,6.294155765643225,6.274189050405313,6.258905271410648,6.245829241627217,6.238609722991337,6.0064074927016184,5.799823087681755,5.593325243695762,5.38666301062017,5.3094597825955745,5.788584622799481,6.226461100572739,6.668123827145247,7.1115521050432395,7.270962433140868,7.043991600931925,6.815757899352756,6.580477471701623,6.343225805205133,6.257841423071202,6.2341637183419945,6.227566322085962,6.224816976260616,6.222965247928587,6.221982717285025,5.988060725169242,5.780741775629799,5.57382204665918,5.366911875927687,5.292582496102964,5.776040900697473,6.217122390989347,6.660903884147621,7.10562766838179,7.265191946221573,7.037975400280681,6.8095150708760634,6.574200358837768,6.337154824234562,6.25219625384473,6.229574462599411,6.223979126950258,6.22218639788603,6.221206089917592,6.220719308631851,5.986859315218178,5.779716947409449,5.573010381337071,5.366295503153376,5.292209784327711,5.7757847095666435,6.216722426355913,6.660100439747503,7.104233558839633,7.26309550940106,7.03519224358787,6.80617831647705,6.570521093479224,6.333369312657312,6.248518526534272,6.226502631367591,6.221520548791833,6.220340932360392,6.21993643233408,6.219774767791787,5.98578474072823,5.778577793598819,5.571829032563322,5.365089415844536,5.2911860437740925
-E112,0.0,0.0,0.0,0.0,0.0,0.0,0.0,0.0,0.0044873955575623,0.0210662619572949,0.058619671756960395,0.1264350602926301,0.6984908760557466,1.8990246455009305,3.2598679987593857,4.689405375964931,5.714083122550205,6.232775126962466,6.427824052787677,6.44368355503739,6.101656033766187,5.729505692744597,4.892987797577247,3.7502112324312904,2.9645297984517898,2.730635647870323,3.283132466712043,4.290446460380617,5.321696379762472,6.105259241056281,6.482935932027574,6.59595067732239,6.622796360057649,6.628388417203805,6.629459456435844,6.660532961559031,6.687909594636345,6.715196751001565,6.742478133202247,6.75222530503891,6.385036163498063,6.058231947240125,5.73172804893613,5.405149666806169,5.288463040235751,5.5973270785788145,5.8908211752971384,6.188869337593259,6.487951069922026,6.594852717541461,6.6222914664859776,6.628257420683928,6.629431451022864,6.629647610363213,6.629685560359375,6.660571937116847,6.687916105952376,6.715197812157161,6.742478302699329,6.752225331666379,6.38503616762315,6.058231947871619,5.731728049031817,5.405149666820539,5.288463040237893,5.597327078579132,5.710230004019187,5.557992966229758,5.299303585734808,4.79607493120093,4.314739688436268,4.022047174149751,3.899917609716443,3.8980126355103355,3.9671476131698364,4.112341209405403,4.276045707697273,4.436232750448194,4.568935403538203,4.6398981211444195,4.299697377039038,3.941626115647413,3.5548353603211624,3.157214942292361,2.9635554725152655,3.084422873170187,3.2181446905731157,3.367571581505595,3.5257887826009697,3.5689223184262193,3.571248733112052,3.567623004855193,3.5681059628408422,3.5748206960375972,3.585810274920961,3.6304227358950305,3.6722247153416143,3.7122574723569413,3.7483907481281644,3.761766168035283,3.5147124482752217,3.2884331338184,3.0597124295845517,2.83039602413554,2.742641634260192,2.919899682508395,3.0912523984642477,3.2670098048174134,3.444350747379559,3.506465708852481,3.522209032270421,3.526959899602739,3.531035385593115,3.536574559605432,3.5430925981905164,3.5803725565236375,3.612887493596762,3.643340893982194,3.6715170195160645,3.680068276313425,3.441851996135398,3.227826224013995,3.0137334971432894,2.7999920932727327,2.7220426362164285,2.9045201121962214,3.07936610999287,3.2575753428987286,3.43671131838323,3.500512148764776,3.5168734477782846,3.520680480644248,3.521967061779752,3.5229842914834446,3.524029157165576,3.555889458233357,3.5840033534617444,3.611739874274732,3.6391222337092977,3.648647907515325,3.4157119711677333,3.207559691120496,2.9994264639096593,2.791285878288096,2.7166599611157456,2.9008570344266,3.076736087360952,3.2555985701079275,3.4351654974074934,3.499339167918932,3.5159008912575644,3.519731240526208,3.5208717216346983,3.5216021401416224,3.522302791546003,3.5538310929571546,3.5816840099586584,3.60927166381015,3.6366330843248864,3.6462563949463735,3.4137318202564773,3.2060287831546366,2.9983474632019425,2.7906298630192845,2.716254575944225,2.900581205626354,3.0765380481732203,3.255449715391115,3.435043022575927,3.4992090688469544,3.515659468939817,3.5192242098647433,3.519920361175667,3.5200484345180785,3.5200713855411383,3.5509553985940645,3.578298578538475,3.605578252306745,3.632855010868482,3.642596607463007,3.410688760492369,3.2036698007075546,2.9966818464915956,2.7896157803722925,2.715627142768507,2.90015382697545,3.076230950771522,3.255218753165478,3.434862716468264,3.499074570789453,3.5155565058012868,3.519141356085363,3.5198489510218063,3.5199821845584163,3.5200088819156936,3.5508964794314952,3.5782433062959758,3.6055268953358226,3.632808023210916,3.642554473270584
-E113,0.0,0.0,0.0,0.0,0.0,0.0,0.0,0.0,0.0044873955575623,0.0210662619572949,0.046752324742864,0.0826064143554357,0.127619334882184,0.1721526317330105,0.1973090417575892,0.2245081512855986,0.2547755185965675,0.2863506714248083,0.3430274693233481,0.4375739833865151,0.5886699595676922,0.8936875977312373,1.3776378782094727,1.9863647267923792,3.063173710758943,4.240393167569756,5.2150663349100865,6.022407114938546,6.459307476544848,6.593899832241053,6.624649292510958,6.629202925182181,6.629680871238863,6.622769674948707,6.616625010335968,6.610497766187619,6.604372574728214,6.602184196678285,6.881350703290178,7.1289180318310565,7.376025663025739,7.623143187404289,7.71143650238679,7.464058284272038,7.229875825498002,6.9922747368383895,6.753892060393298,6.668687983007056,6.644060939939906,6.636864154845579,6.633492151203543,6.630883688868491,6.629983020750903,6.622821805483786,6.616633725495818,6.6104991873214605,6.604372801832149,6.60218423236989,6.881350708821356,7.128918032678052,7.37602566315411,7.623143187423572,7.711436502389663,7.464058284272464,7.229875825498064,6.9922747368383975,6.753892060393299,6.668687983007056,6.644060939939905,6.636864154845579,6.633492151203543,6.630883688868491,6.629983020750903,6.622821805483786,6.616633725495818,6.6104991873214605,6.604372801832149,6.60218423236989,6.881350708821356,7.128918032678052,7.098991614576088,6.828590822123164,6.29757196906006,5.440056078782208,4.724716179240632,4.212460802699422,3.8488847949363203,3.6902419714450216,3.626095675681304,3.602640350262336,3.601824835171926,3.618637952132481,3.6496128615948047,3.6827084701647332,3.71946041201962,3.7521910182898615,3.772122022053365,3.7629316310107526,3.92215057854618,4.062219119079042,4.189189695446257,4.322752388504531,4.358842858290248,4.154992902796344,3.965794760520635,3.779736112614289,3.5976130035798137,3.5289447155686986,3.5064526215526546,3.499474849547501,3.49827193444111,3.500731428049561,3.50716098914973,3.5094027410620865,3.4735779738259818,3.443807078271165,3.4118982117108403,3.380993171967641,3.5672771971516477,3.5005660371985883,3.1618003621287936,2.7158594608277524,2.1128332203894984,1.4829809858013423,1.0949153788342743,0.8895089243781737,0.7941978322439347,0.8115662764790037,0.8606776192623964,0.9030372379903148,0.9218423532415077,0.913356723638252,0.8824097206633772,0.8008438073865541,0.671748272824505,0.52666632557902,0.3792460781404331,0.2557813418239234,0.2852165179048441,0.3325548914086554,0.3989310984092635,0.47741793455986853,0.5004001930796209,0.39528237805279093,0.30356481064563323,0.2172938705985252,0.135351104666622,0.116945059684212,0.1195135542782112,0.1248797976559462,0.1261376097663316,0.1220954185119544,0.1150025583905146,0.1001329790613947,0.0810760591773732,0.0616572222141922,0.0429210227810997,0.0287810309582915,0.1319199788722171,0.2254109368954566,0.32074650899075613,0.4174123272536085,0.4513290835474285,0.3508293289001868,0.256610802073859,0.1617582588249615,0.0670667809887125,0.0343237078664622,0.0241394624790394,0.0206968679487337,0.0182224044860841,0.015500718245735099,0.0139517850448299,0.0121902140781173,0.0260762184159328,0.0416381499326248,0.060398255000721504,0.080673743833978,0.2070036758367954,0.31478849416728993,0.41870832138148106,0.5207133605949688,0.5571660493642635,0.4578929336395773,0.3642440400196312,0.2695876069828797,0.174863504076877,0.1419921612496184,0.1316979825443712,0.1282144666099015,0.12578157551519298,0.1231765716946071,0.12180193327452479,0.1184865873039725,0.1218015668745965,0.1260366309990978,0.1316358602414979,0.1391652951326151,0.2586953838454857,0.362936995756531
-E114,0.0,0.0,0.0,0.0,0.0,0.0,0.0,0.0,0.0051417382110337,0.0222594512894052,0.0567252862242374,0.0584849110991365,0.0583967548785407,0.0498126436409516,0.027899400234454502,0.018867051955063698,0.0633966791676311,0.15398518236597009,0.247681681974549,0.3585886549409978,0.4779155759553984,0.6346188939885061,1.2218717828585577,2.4108284788157004,3.754746148333016,5.011698231792636,5.9799638944350715,6.454579163075408,6.594028328534351,6.623289053089543,6.628619756447029,6.538872483338737,6.458751980280869,6.378689510399866,6.2986109031326585,6.269998932278993,6.358281943575648,6.458637889428287,6.561091980378044,6.663938523557304,6.71256040169321,6.690832224933237,6.6616600328475055,6.6291226475330305,6.5957109046141635,6.583736491141151,6.574737930243183,6.568824676422913,6.563460540948861,6.558204019058596,6.556330323695349,6.481544147596149,6.411453903393165,6.3427782656260066,6.274421803569047,6.248323169105293,6.333747987449397,6.431241192843325,6.530498793125395,6.62996877181016,6.677375218844223,6.655334259408581,6.626093968977202,6.593543171952464,6.560128958386836,6.548154110990001,6.539155476559909,6.533242210620912,6.527878073193551,6.522621550994131,6.520747855582687,6.453822857365604,6.388821147484137,6.324637625153939,6.260634536748287,6.234387362010487,6.284346466450143,6.345249730065303,6.407993968891348,6.471054918084415,6.501701533657468,6.474122439158625,6.4433569458244015,6.410431619372117,6.3769323677973455,6.364939273569773,6.355936886315415,6.350022873333129,6.344658590970633,6.339402041223705,6.337528340662622,6.311081736750282,6.285650411341045,6.261185258615742,6.236933135235668,6.227460256507919,6.2825338861150355,6.234898515618417,5.81752950904156,5.269811678747995,4.501499862846038,3.5553588872114226,2.741487033022861,2.107202408515616,1.6862423914770202,1.5225505753857145,1.5513993043323497,1.6648997383788056,1.7862283185364656,1.8668185540224873,1.895136946460026,1.7788629418031905,1.6153297057232066,1.428157065112702,1.2248938090993724,1.0666977639265443,0.9761624209568092,0.8881596856311051,0.8096450516788095,0.7478092103137052,0.6952465339293571,0.5852680421842738,0.5470757143950421,0.575672794853104,0.6810224929079476,0.8970632932182588,1.1437389514137353,1.3574134600848906,1.4905919913861336,1.5208639345139876,1.4610012143328215,1.2588727897715304,1.0083818576297015,0.7521506049483979,0.5113324506677331,0.3409447569411445,0.34735641540907214,0.3796343551754054,0.4348827639155987,0.5045494527329119,0.5177388901225182,0.4070237060958002,0.30637316866159603,0.2081399648354936,0.1124558044172648,0.0773427435714869,0.0615954296281746,0.053800270507690304,0.0479545045887882,0.042594763636681,0.0405659972634508,0.0342377328351761,0.030527487570045697,0.0271704323445911,0.0237471417457794,0.0233440121614001,0.167336366428164,0.2998329974441011,0.4321693423471508,0.5646812919575095,0.6157303654875038,0.526548007945232,0.4391033952079044,0.3499531549351451,0.2607642086305326,0.2306212748407988,0.2186722916785205,0.2134087260671201,0.2088873751762004,0.2039257630749517,0.2017460587492275,0.15883288860643952,0.11939993495295889,0.0803473941012191,0.0413936225337102,0.0261925095719219,0.1661433452309147,0.298045104115174,0.43324055749442925,0.5774261000006529,0.6553172618878259,0.6160912359837903,0.6101701955296289,0.6301856149428067,0.6660706965521143,0.7591225851548755,0.8476707721332779,0.9055470996498924,0.9212333287177855,0.8966564722162945,0.843998371891849,0.6977413014855929,0.5408948448296217,0.3849812154136148,0.23855287287476812,0.1480986649061736,0.2182198574433054,0.2951960854895389,0.3864554047532647,0.495811252178041
-E115,0.0,0.0,0.0,0.0,0.0,0.0,0.0,0.0,0.0032935013266513,0.002916279796423776,0.002909712619899225,0.0029095982897137324,0.0010395690869636673,0.0002667940145747773,0.0598433107254132,0.15374009870360755,0.24285837422419196,0.334866520899932,0.4109967267184823,0.6020651133632104,1.3584381039969533,2.7833668488749486,4.233411318657378,5.575540451473321,6.431367676475022,6.728300104419431,6.741263629342803,6.669375594255836,6.63981983301317,6.531094890517835,6.44008570319637,6.350688749360051,6.261581256242556,6.229755858080913,6.64932717390564,7.058696333923974,7.464928005831595,7.871365271313746,8.03498753531259,7.8177416661241494,7.595801473573516,7.36627950144298,7.135098886201495,7.052431424490491,6.921285301437546,6.819336477288677,6.721313207024054,6.624034660440224,6.589308435951089,6.492307301926975,6.412368488726349,6.334161033949687,6.256267573224667,6.228449803784326,6.643739237403752,7.048630050358192,7.45021430506615,7.85196843104575,8.013916129521487,7.796240399872679,7.574206739827277,7.344666374035572,7.113482372168651,7.030814315881701,6.899668092101042,6.797719251355003,6.699695978415697,6.602417431408597,6.567691206853487,6.4760002946931055,6.400763496528858,6.327247468312468,6.254045249809551,6.174938677599595,6.201192579241686,6.115906506903123,5.956976536118266,5.789051796977465,5.56788244403074,5.0478899204983385,4.64722425892049,4.318349727872888,4.04403213274785,3.998028484377371,3.9351644688262795,3.895971549390735,3.839201703013872,3.753287332350046,3.6993488757565594,3.6100193176755107,3.509585475395756,3.4059567269041677,3.306820377305816,3.2389216802151175,3.6602961329764723,4.044625228027936,4.437540103753272,4.836805212374794,4.979128056200918,4.673670095861408,4.39877498444779,4.142514781461015,3.56192175139627,3.0203788013155073,2.425773970839164,1.8186537760618495,1.3659755890711032,1.0716964570214191,0.9012310160033676,0.733065412254623,0.5794263676645686,0.43794541373765083,0.3105974556126885,0.2239808754396719,0.2723684487523007,0.3182224629032297,0.3713738022493096,0.4299296794576217,0.43403008777014807,0.44583640516239054,0.46358797688247383,0.4926779401182659,0.5311480112466421,0.5626772161768834,0.4779914376543658,0.39750729029444887,0.3085886188341584,0.2115212039784935,0.17019973110664272,0.1417238452277774,0.11746543861358591,0.0945488339089002,0.0730313328772849,0.05832040883693,0.144290269100206,0.2184213858404065,0.2921731202494452,0.3660757010148307,0.3870597883206554,0.4127738084685116,0.4399400763622417,0.47561480160803926,0.5191193537840659,0.5546240820889018,0.4734909451776958,0.3960604506137031,0.3092684453125375,0.213071577092127,0.1713304385545337,0.14083641172438172,0.11383551967127759,0.0880118784627042,0.06388925065793541,0.047475107242959905,0.1294645260112359,0.2023311050611829,0.2772804792330985,0.35999379494458117,0.4071967376752967,0.5122988690079879,0.6775491322145022,0.9176326804476178,1.2235685682681807,1.541248751192125,1.7173096555630951,1.8221029130130355,1.8194191403331454,1.7083984332576256,1.5694871751839723,1.2884747307660782,0.9922250054057287,0.7044017893128336,0.4419520201035765,0.2767348839444472,0.2773453056598958,0.3072725583450093,0.3609634349160122,0.4353071986064818,0.4796115344755776,0.5871959551548975,0.7556591452196468,0.9992662358919762,1.3084059570586972,1.622224442241186,1.779506389734518,1.8739665220714605,1.8638001517798337,1.7439408444498192,1.603361044357522,1.31520315396709,1.0096642398863436,0.713649272228188,0.4451014669664552,0.2776897043190928,0.27823227121503136,0.3085520770308805,0.3627408889219474,0.43709402779702,0.479636507763944,0.579346261157246
-E116,0.0,0.0,0.0,0.0,0.0182090272050217,0.0597492486524345,0.1256608591128563,0.11744759015635621,0.20899484748551841,0.5569005031338641,1.3590740109688788,2.548132518382653,3.518874239980602,3.810212099232972,3.402394791507307,2.5982279817914407,1.7242143217502568,1.3196132521712691,1.8597384567995223,3.1615726896009737,4.536216412061358,5.810726073684279,6.562632077738279,6.793304065941464,6.772866635470369,6.679003792897407,6.642133445131044,6.5315804921415515,6.440179202870463,6.350705712179039,6.2615842028488355,6.229756353286488,5.902763192531435,5.635400606641475,5.371907555452827,5.109079727363534,5.02741396692047,5.515621673975254,5.9602225703156,6.405924538362278,6.851738928457907,7.0110316003530855,6.921269294363212,6.814476686857079,6.700804722392884,6.585709986922831,6.544529309311326,6.457383370524502,6.387281827758228,6.319179783331451,6.251449598101039,6.227265451260145,5.8974759849220515,5.6263268351865925,5.358714121916569,5.0916983185195335,5.008533429781859,5.49635616524668,5.940873338917699,6.386558829190115,6.83237018519191,6.991662324376312,6.901899928135881,6.795107305758474,6.681435338897668,6.566340603048343,6.525159925377719,6.442772030537549,6.376883568647182,6.312985117651921,6.249458360683069,6.226776054867948,5.858419959461038,5.545323853257378,5.234959468621038,4.7206265881868665,4.257205176367185,4.322537032621375,4.389765222593346,4.6394575480305065,5.111629056227892,5.456317249997477,5.622687788352019,5.720914912031014,5.716208117260517,5.595437428435773,5.429131987663462,5.089635791776298,4.688238499742392,4.279114118261316,3.8938254503929364,3.61958635024888,3.242610261778844,2.9602983990068465,2.7201419704142578,2.505525918424998,2.422548114890249,2.726910240405484,3.01475908865811,3.3117677703879185,3.614485194275824,3.7317068677373606,3.6388746706589123,3.5356748864337884,3.4226058652286278,3.3033434759065265,3.2539050485124115,3.219703645741446,3.1926151830916263,3.1676752563815063,3.144624536930613,3.130925599783427,2.9295537372859313,2.753782779503731,2.580227357511009,2.4080205479778476,2.3472719803948134,2.6604392918349173,2.952809091943907,3.251365145048601,3.5535046888692667,3.6714765993038077,3.5801251059634875,3.478779882247216,3.3679053481891326,3.2511576282838686,3.2044541085238967,3.1813304499346473,3.164510785724807,3.1495412172387605,3.136033780585059,3.1267102589077482,2.927241265182025,2.752364546388505,2.5800385912398194,2.4114749740395784,2.3589222989244756,2.7028662895539837,3.0449995834180474,3.412376687686483,3.7970845637923776,3.993781211890594,3.9660174975362006,3.904897198644386,3.8075599779574065,3.6795617999959482,3.60234566022454,3.516484630148198,3.427911875666485,3.342003066204568,3.263557642548818,3.2089523141073677,2.9794180145659186,2.7864065010733716,2.6026845669805336,2.4266117432766965,2.369756374657462,2.7105283667452964,3.049728709120507,3.414449629854968,3.796925902649838,3.9919776396815414,3.9633266980326276,3.9020290424501187,3.805047378604581,3.6777326782359405,3.6013519110209566,3.5155197286117916,3.427074064655341,3.3411813490392577,3.2626089084875165,3.208205530332279,2.9789132167084715,2.7860681218221623,2.6024496369555603,2.4268502550941786,2.37180508137741,2.7208077901782985,3.074545816333241,3.4599206021204436,3.867067735505665,4.085426920784634,4.074925735007543,4.024268913661945,3.929857782954258,3.798029205194241,3.711931829260007,3.6078900103307765,3.499135180367878,3.393478714998038,3.297024497610434,3.2302438780442735,2.9928180350588116,2.795105909114071,2.6078456621844683,2.4272813089531744,2.3634480678182506,2.681245795559451,2.98349155466731,3.2963911624535154
-E117,0.0,0.0,0.0,0.0,0.0,0.0,0.0,0.4518662770876581,1.1980103478696487,2.0046439490901378,2.979143255485523,3.9376985772846176,5.198850936782589,5.512052419588154,5.494633969642493,5.250588805550312,4.5630601733304985,4.0792425459523916,4.072689939931185,4.582435170584225,5.182011766163921,5.790871331358788,5.5393052557418,5.092883577578423,4.485545201250387,3.8324005764181766,3.5969773992231153,4.300263308032882,4.963464491173227,5.635739192891908,6.310107523432342,6.55113925756712,7.01975925256075,7.393377301236604,7.755380112067327,8.115209134105069,8.243683720275973,7.86854326654378,7.5143471050126385,7.155208649912694,6.794933890589771,6.666164302826395,5.870574208489758,5.188186621623812,4.51309159591561,3.8391768329378975,3.5984414411111723,4.300552217070265,4.963517952980125,5.635748628721141,6.31010912988738,6.551139523446254,7.019759295577342,7.3933773080678,7.755380113135413,8.115209134269884,8.243683720301119,7.868543266547578,7.514347105013207,7.15520864991278,6.794933890589782,6.666164302826396,5.870574208489758,5.188186621623812,4.513091595915611,3.8391768329378984,3.5984414411111723,3.6465951712061484,3.6914091583041806,3.727719067294204,3.7540471383440783,3.715995907532095,4.093817451737545,4.470528416625345,4.90632023060603,5.404518533508797,5.720066283122066,5.550903632823259,5.39710792946743,5.192898614645894,4.904914817637235,4.769708088337348,4.439327007831369,4.148653068641059,3.8767018404332987,3.6331366317125675,3.5476438533328176,3.5898781711915637,3.6255990705785175,3.6544249818442016,3.676093382822825,3.6560738425957333,4.033939593226985,4.371025096181991,4.7161935763463365,5.069504502228804,5.1978753317173645,4.82758568358068,4.480237252464904,4.126030024813904,3.766117860358408,3.6329066006051507,3.580834721463317,3.5560777371104235,3.5391320481125685,3.5259638319250453,3.521446682327428,3.5234926277419985,3.525248176985012,3.526667264073651,3.5277322472952863,3.5271390322440497,3.9341846732317762,4.298087970658649,4.666051674667269,5.038673036049753,5.183253791506369,4.823852627327186,4.481327874052041,4.126934788287273,3.763260909441305,3.6245712353587223,3.572607494905947,3.5488951912825755,3.5341467168059153,3.5243022609166488,3.521032078579182,3.521692762555987,3.522420543590909,3.5230369343051997,3.5237206792257436,3.5242024950432804,3.9325182532751244,4.296577601356229,4.662372729400349,5.030037365612998,5.1664677963342065,4.795702683481254,4.442490026085564,4.080954104430944,3.715913285621643,3.5820857918201887,3.542403444405032,3.5300878607477446,3.524657974302754,3.521397837211698,3.5203337192333666,3.5208144811271933,3.521215313520222,3.521534395983608,3.5217708588454646,3.52153585120069,3.9279849174947143,4.287947861183071,4.647227208833461,5.006588165828632,5.135040047097882,4.759941552868423,4.40575872571902,4.046581306741835,3.686218458437376,3.557327238889941,3.5253735115551708,3.51917225193181,3.518771643289774,3.519557062869489,3.5198867100355966,3.5200020898451188,3.5200381554024025,3.5200538784438615,3.5200734514222525,3.520109635098884,3.9269542453472552,4.287281563339834,4.646858765338038,5.006447137573384,5.135059800135725,4.760063379216652,4.405934724076643,4.046775685560488,3.6864072132992316,3.557496493709594,3.5254938658429715,3.5192509114350123,3.5188144973010456,3.5195705008140474,3.519889977067148,3.5200081654111375,3.520046989566095,3.5200650004960377,3.5200857136994252,3.5201177039689604,3.9269543876001842,4.287270686749929,4.646834531998129,5.006408936370482,5.135009305653758,4.760004228977609,4.405871611429102,4.0467132849412515
-E118,0.0,0.0,0.0,0.0,0.0,0.0,0.0,0.0,0.0340097347520518,0.40213335210072376,1.4228658561696566,2.6127484222425847,3.9687638148349245,5.09969362824847,6.430483777898987,7.358620645098592,8.073428657927899,8.753460503752876,9.065072554278236,8.66439927792367,8.325287428943836,7.942280030815271,7.52367151748878,7.402146552762083,6.450090423380818,5.625537442094544,4.807068031635522,3.989402440483412,3.697289681635517,4.366044869477419,5.008284764045129,5.662132769047732,6.318571641633791,6.55321770264914,7.287736164040099,7.897891810214103,8.496184526213682,9.092351269514317,9.305269197155024,8.867264848041904,8.44292717870648,8.010031211530972,7.57524539437441,7.419822761434327,6.454558507968503,5.626501494863445,4.807256882893191,3.989437107079684,3.697295754997575,4.366045896752928,5.008284933106841,5.662132796266347,6.318571645937789,6.553217703319577,7.2877361641432135,7.8978918102297895,8.496184526216044,9.09235126951467,9.305269197155075,8.867264848041911,8.44292717870648,8.010031211530972,7.575245394374411,7.419822761434327,6.454558507968503,5.626501494863445,4.807256882893191,3.987134907548854,3.6855214790787887,3.9942914305996067,4.130843526699924,4.207731637365594,4.253190882321815,4.062689589635788,4.567479366833368,5.096358795453824,5.727548839838005,6.451687232173667,6.907860163543411,6.799596338644859,6.74314526466631,6.660808779719486,6.4900451835788955,6.470560435413753,5.773661219244863,5.133877345224047,4.481650209263852,3.841917113966857,3.6118277340338047,3.7181206085539777,3.8036143613543674,3.8726944333045816,3.925227134170812,3.8705884545978844,4.47175515211774,5.015031750024058,5.58268516873163,6.173826318091661,6.3998935050228525,5.9843821673438535,5.583033743399788,5.165466474599828,4.7324103291949395,4.482820015184871,4.146130948933318,3.874742312624605,3.6171148065040097,3.414759488079925,3.353510246080198,3.3488345698467485,3.3520766538252142,3.3554837979400407,3.357952896939862,3.3562038504979377,4.0291843516034795,4.628156197595283,5.231494185654051,5.841320569837313,6.0739130127081005,5.600363945409738,5.118036595768034,4.623618419339323,4.117856901094637,3.9127284523709305,3.6820599744823586,3.5136979773062276,3.357845823477043,3.208999058748086,3.1577838516939947,3.1492981007989482,3.149307288903884,3.150683764429667,3.151918905803854,3.1507551771425457,3.8235248410920413,4.419598749702256,5.0149886566968265,5.610819127587832,5.823961377799266,5.349239334882858,4.8882650935916905,4.418654167190143,3.9469206513392945,3.7753283353769325,3.5812675869426194,3.439164427506098,3.3053811858528883,3.1733878663947093,3.126370990972589,3.1144779775247393,3.111957515060225,3.1115081906797064,3.1115124812045325,3.1116854409651435,3.786440644744602,4.3843260485331355,4.981170652555965,5.578108324715304,5.7920584369975785,5.321254456095539,4.867352434471767,4.404707473990468,3.939831403392736,3.773116662137459,3.580895342879569,3.4392769987224665,3.305548061457352,3.1735053498350316,3.1264728297461453,3.1145985473469944,3.1120912045272386,3.1116512908618335,3.111660524462946,3.1118193439843846,3.7865469096308075,4.384391997659987,4.981184322846381,5.578062792904936,5.791955841271998,5.3210957867994235,4.867145715049691,4.404465263509068,3.939571410347969,3.772859430170798,3.5806901513881675,3.4391189303501735,3.3054332604274888,3.1734261169880402,3.1264024019859455,3.1145209177117446,3.112008341236972,3.1115647236702317,3.111543842259235,3.111587474728326,3.7860538227964637,4.38346634063043,4.979684779650467,5.575939817332101,5.789279405804408,5.3180437971847425
-E119,0.0,0.0,0.0,0.0,0.0,0.0,0.0,0.0,0.0340097347520518,0.1596600906237094,0.4450197841422962,0.9589037873067723,1.6400524996710082,2.2338099744603297,2.7056238181546926,2.9898699151192942,2.604061102612074,2.203942799329115,1.7953375370917173,1.4304077000360649,1.480424204000926,2.284093941811056,3.1761469026886893,4.04330094623626,4.806630628730447,5.225273712879731,5.560064569562246,5.790458496291599,6.001801008293435,6.171562853788916,6.229946619055762,6.237516862730029,6.23433482648192,6.228607195414008,6.222370863029965,6.2201218520169075,5.742288207981559,5.319569872331984,4.897904397769283,4.476275741801288,4.325633056373954,4.726253730432689,5.106816587399951,5.493254899183904,5.881027459724393,6.019629887558131,6.1003673056122185,6.148091736802266,6.1895131924874365,6.229691162070116,6.243995401046668,6.240473483016911,6.234904946608807,6.22871072065705,6.2223888570843915,6.22012487734925,5.74228870351954,5.319569951808867,4.897904410297306,4.47627574374766,4.325633056672642,4.5022905936853475,4.908505092680179,5.2953899825247746,5.683170317692194,5.948937596729211,6.082224903816849,6.14414731361787,6.18873700315172,6.229548255341546,6.243970312022835,6.2404692327213285,6.23490424628383,6.228710607798433,6.222388839224562,6.220124874565425,5.742288703091148,5.261081429459668,4.660116341853731,4.025922447204231,3.6508729735449905,3.4131897873807113,3.320491838624031,3.3054212260135367,3.3265818973748793,3.365035139033517,3.4387173835404297,3.4949501657827744,3.5431859350693378,3.5871833632642804,3.6034203556890128,3.600841952915843,3.595728060064077,3.5897518921373033,3.583534444366215,3.5813204357027155,3.5084874885341892,3.4166040709934946,3.317454754551188,3.216860130463753,3.1568278856161314,3.0929066312647246,3.0519032684930654,3.0183842192972787,2.9875133493651744,2.978248843370923,3.0220861677723336,3.062353570686212,3.1025972095149115,3.1427028408982993,3.157065498317778,3.153588190419378,3.1480438617309927,3.141861695164444,3.135545678961025,3.1332845092433494,3.129196712694754,3.1246171790861985,3.120160747190502,3.115835713957246,3.1134849301136645,3.0756478491758026,3.0437463076444224,3.0124237740316375,2.981309153856997,2.659555379816605,2.1486788347916956,1.6752934589053265,1.2072964375128277,0.9194460403695669,0.839114379013822,0.8226957510919903,0.8220710629945753,0.8222597356872822,0.8208659051252549,0.8220525685025057,0.8215472296022281,0.8201246780120757,0.820340855237746,0.8212148156537009,0.8230037945549404,0.8179685649742147,0.7211037457246579,0.6162288003542958,0.5139893710889415,0.4172999220136079,0.3209297758876919,0.2712544254919315,0.23605038542650209,0.2055473373224061,0.2077230990179951,0.211818839127209,0.2157734885881303,0.2170096761323925,0.2159161693414743,0.2172295290067769,0.210223364484201,0.200501532509327,0.1894886523707277,0.1779599761800422,0.1711446868255795,0.2184249078528515,0.24271118104457068,0.2692355571677008,0.29851782378173763,0.3003013190666582,0.24712372686259743,0.2097683991351278,0.17629269350851168,0.1447349994283674,0.1454349049202614,0.1483436742730267,0.1514628589639539,0.15213255260402658,0.1506581229366918,0.1517153810329967,0.1528886882645413,0.15365501641792162,0.154614594543837,0.1555232699216291,0.1564263784309174,0.2095886674130514,0.2391849840703083,0.2682335801671359,0.2984689349314307,0.2995479299474464,0.2417063620569956,0.196117855682724,0.15306503439378588,0.1111011439941558,0.1019716470898358,0.0972876579183906,0.0950269908232656,0.0919998076035586,0.0880097515363635,0.0873601856136446,0.0856496639029683,0.0834393316503995,0.0809035821051986,0.07819130569089991
-E12,0.0,0.0,0.0,0.0,0.2760105176340137,0.9056728216790088,1.5932721247591246,2.2683407661755948,3.0999081148250553,5.0690188778688805,6.995354023799663,8.454927876348485,11.055215967670282,14.172761888506592,17.564353113490093,21.57222768242474,24.27802861037118,25.64927901010472,27.02897908039231,28.37479533229356,29.7244210878364,31.07411316430973,32.42380639538645,33.77349964656405,35.18911046163928,36.59717140145895,38.005100902960365,37.973503810240054,38.78204441547169,40.46531669114394,41.982233680127386,43.59116086301219,46.32560249948596,48.07556686632884,49.22491142539765,50.517149311692556,51.85372264534697,53.21942405259955,54.60484685505891,55.91627073301009,57.24675545598375,58.58354997077478,59.924505022174756,61.26827726836243,62.67987598616809,64.08521831216748,65.49130566961684,65.78823676962107,67.09574082494649,69.03826144427705,70.8457016783623,72.61525118735187,75.47099523403226,77.29988691749476,78.50271295516886,79.8311901142062,81.14901705775223,82.25544885954653,83.25939409900371,83.83181392124962,84.39762969659199,85.02661036650987,85.87788572624461,86.90520807556965,88.7697928581474,90.73530412538703,92.77492087343892,93.51114381776554,94.86258605383634,97.61212885652861,99.0554344962375,99.10598891064848,100.35635635346091,101.04815017758781,101.1721183944592,101.12774055950337,101.05748698322607,101.02151752686062,101.0546569553797,101.04718490431428,101.15594441825587,101.35953810908397,101.62783027257072,101.92907148781474,102.41442351905005,102.76492453719686,103.03141181306552,101.3640837418309,100.17911584358342,99.80323698772332,99.6635427928563,99.59615485864452,100.02178402233785,100.2626520311257,100.2900646921039,100.24134770842919,100.17314927667121,100.11825998851992,100.10072964464125,100.07463589766186,100.11116577617499,100.20071951882872,100.32760007054944,100.47464878301528,100.71610914231366,100.89193384645708,101.02638282515768,100.60162639892305,100.25106002860751,100.01995665082441,99.79136634137194,99.55746353385533,99.65470205527215,99.71314380083523,99.72509583708586,99.72134794607365,99.7126501378202,99.7050395521216,99.70312227047367,99.6988468978902,99.70565538155567,99.72202323716442,99.74523348734513,99.77221730081348,99.81677061054415,99.84926985321366,99.87417301497264,99.54524262255123,99.33835531220791,99.23313055667586,99.16187566174023,99.10203773396958,99.14896467268403,99.176153989093,99.17960098420872,99.17455774444727,99.16722537573114,99.16110026743593,99.15880647479425,99.15563350274373,99.15913986576723,99.1683901072922,99.18174880692777,99.1973840458025,99.22327992427465,99.2422021920908,99.25671777593043,99.19323521464436,99.15681844258901,99.14707935634941,99.13374078925914,99.1093942350794,99.1344801996812,99.14899478008671,99.15085945575925,99.14821402599868,99.14435450789009,99.14114515639811,99.13998083199674,99.13833462897587,99.1402452188429,99.14520766430817,99.1523479720985,99.1606904645189,99.17448828813845,99.1845645649239,99.19229028188566,99.14127423912649,99.10735923033792,99.08905919105713,99.06734381314484,99.03584883093421,99.04933039563616,99.05689680310371,99.05776888013472,99.05624046996388,99.05407763435784,99.05230965211935,99.0517023562017,99.05083857063127,99.05194206502993,99.05471890575917,99.05867886728174,99.06328257259584,99.0708601680801,99.07638337834581,99.08061035017275,99.01025400183008,98.97240736949715,98.96676167817607,98.96081727939838,98.94050977112735,98.96992735909471,98.98597695358156,98.98681233874265,98.98085965836415,98.9707217526162,98.95830534950679,98.94570323504368,98.92650017566982
-E120,0.0,0.0,0.0,0.0,0.0,0.0,0.0,0.0,0.0340097347520518,0.2092383405754676,0.5777630942177397,1.2070834378430315,1.9345128300619152,2.4928959771556443,2.9185420969539217,3.1837467878583494,3.4152248645384757,3.806785590376437,3.8491814134225035,3.9920980907472035,4.0283360890385564,3.91436448130045,3.9239458374471825,4.320332742461848,4.665282420995094,5.00678662047367,5.347600409133657,5.4693399197571235,5.780417596072872,6.034995458239026,6.283559947424877,6.531024301040505,6.619396014252532,6.536737820519611,6.448397889607178,6.356308340380719,6.26343101098384,6.230214455783765,5.661604840492112,5.163817441222065,4.668636180402096,4.1737720881607325,3.9969745250704367,4.28053860773369,4.6185784986268965,4.957398226103365,5.297677334390735,5.4514812213284305,5.7758325450429755,6.033998417260021,6.283363727857459,6.530988172046962,6.619389671080902,6.536736745897089,6.448397712536335,6.3563083118448915,6.263431006467989,6.2302144550798655,5.6616048403837915,5.110289860799874,4.494722965801376,3.877476870164869,3.5821868557404333,3.4259740489880626,3.478958797154236,3.6047043401066126,3.7551325406113056,3.927241634517954,4.3214940697087485,4.6297438732728935,4.905849046053781,5.166252630807752,5.260485471304947,5.180442508537977,5.093262446283816,5.001686091469628,4.909035626351899,4.875919326230321,4.551260487251543,4.191630664178565,3.817050942516728,3.4405378465883563,3.2427196745664153,2.997028500200041,2.8333296673846884,2.691741914417857,2.5573486763804323,2.5195441783069814,2.7956207209977153,3.0455905558567227,3.2946794354305142,3.5429034798269043,3.631711064787585,3.549263427425674,3.46101962081727,3.368973058518924,3.2761148061677505,3.2429066932501605,3.212339211716727,3.185541070979936,2.9492806463308976,2.561213174607767,2.0859871595496715,1.6241734322164425,1.274694256148862,1.066934806813536,0.9758640346915979,0.9275960473011001,0.8447007966642766,0.7801233501920407,0.7242206439860641,0.6746531562690384,0.658539396297223,0.5503428353330866,0.45056666300467474,0.3413191635460028,0.228099888836181,0.1726639742052513,0.1445135407175582,0.1216526766682213,0.1008660824967455,0.08077641475848191,0.0608644725452206,0.2127499064393959,0.35119509454165926,0.4934331181970715,0.6384251662002742,0.6904409516001039,0.6380412574049801,0.5834365393240157,0.526984209869657,0.4701543586114122,0.45073035189221256,0.3411048582525193,0.2468792195135761,0.1532880720593716,0.0595677432886626,0.0255198453734565,0.0199656555120027,0.019998147306767,0.0211463135855696,0.0223980929830055,0.0215387164417897,0.18852437700596128,0.33739729313752487,0.4876967154818606,0.6400794907502413,0.6990162551980479,0.6546790961294598,0.6084940878965618,0.5601354186679541,0.5104481835881611,0.496237891406119,0.38977497945314243,0.295525566702394,0.2001919846948401,0.1037769763772976,0.06662328751666449,0.0581467460762995,0.0538229870980896,0.0498284281742911,0.045388643881046103,0.0387663034182242,0.19992097756703953,0.34380589779845117,0.48888040441670333,0.6350580956409063,0.6871741329728573,0.6337728715888729,0.5776879380683866,0.5195110901366888,0.4609249788714764,0.44013089125041693,0.329565519539895,0.2350986847792317,0.14167953523179022,0.0483918167536155,0.0149195611773957,0.0107102382546388,0.0124664864765518,0.0155955213429363,0.0189553853229264,0.0197772860281413,0.1873878012614452,0.3358949227578754,0.4845089447111749,0.6336795725897085,0.6881814820874756,0.6372041967982585,0.5835456859945907,0.527643616992812,0.4710260699337896,0.45167973791141003,0.3420042798122525,0.2475680824984524,0.15371113041626872,0.0597238175969965,0.025436695070866,0.0204093773176015,0.0210005150456179
-E13,0.0,0.0,0.0,0.0,0.0,0.0,0.0,0.0,0.0,0.0006272479920953,0.00201047141654,0.2693617792140554,0.8094264001336331,1.5245344472235076,2.2891154833765843,3.3636370056498714,5.115433631829806,7.4042931750528655,10.007427186800525,10.859313298608228,11.988814441343042,13.550047133142302,15.447994995838151,17.661621531829237,21.695120980609698,24.998682101501593,26.19810631966978,26.96988548230689,27.74346416770985,28.517074181610035,29.29068474091857,30.817179796850485,32.25744314688437,33.69620526014022,35.13494123785996,36.57367676057736,38.120788080820724,39.65548656634202,41.189968952647725,40.88776163459259,41.62418257360944,42.814025913539275,43.92802575338028,45.07383036445917,47.53022982521246,49.02777944940124,49.50720630203489,50.15092725622382,50.83773316808188,51.55254558911096,52.286314654500686,53.785812948147004,55.20778317956966,56.6341497994332,58.06448653918244,59.49753070325419,61.040785535165284,62.57287084812393,64.10558253781295,64.29974232916184,65.48840310347492,66.88525541406418,67.9116576071215,68.51054749530847,70.91523641074298,73.0125926272584,73.75104908336104,74.47812396896916,75.1917813817716,75.91486037605051,76.6465571693335,77.82225359113444,78.75685989222895,79.61596478941185,80.4422226872139,81.27313426671091,82.25041679018213,83.27779915896124,84.28478173143525,83.72519233540021,83.78079165480489,85.08832257397492,86.79051877672495,88.65413169313194,92.48855818462849,95.99499398584256,97.3391343286816,98.18352617424517,98.66592316678529,98.92219191297924,99.06998191783852,99.25743371772693,99.46073410392856,99.71518276697326,100.0268892039305,100.38661556398584,100.96187800218124,101.44786697798517,101.84179643302102,100.32835084071132,98.94989933259399,97.78479769023762,96.59201897953335,95.62924068562702,95.87295409648388,95.99715018138654,95.98404752245474,95.92120579649176,95.84069230366508,95.76586653092838,95.71756309854285,95.76364293038955,95.81231282841273,95.88108125828303,95.97690910499512,96.1020271292295,96.31459129761723,96.447315370327,96.53542808104856,95.87048123510031,95.64759599358077,95.66072601446714,95.67568552033639,95.67764807688783,95.73147109183677,95.76166937525814,95.76527614046161,95.76031747701904,95.74946876556255,95.73686473900639,95.72699364456606,95.73894528217762,95.75210552427897,95.76781947248267,95.78536470163935,95.8033665361602,95.83015461928085,95.84883450649781,95.8623749568816,95.7723036676289,95.74319008625385,95.74517765582559,95.74817178799859,95.75003912316278,95.75390716356914,95.75630890774742,95.75699701011803,95.75722335075066,95.75727356728706,95.75733362729513,95.75754810182524,95.75799388787934,95.75866900604899,95.7595129383007,95.76044010215945,95.76136848714818,95.76272062934252,95.76364421888422,95.76430207487894,95.75858166424979,95.75718544506856,95.75847723680636,95.75827449494152,95.75743076824949,95.75940119256701,95.76041102348991,95.76033242917036,95.75988406710907,95.75936558926418,95.75895728652368,95.75879708067217,95.7589550612399,95.75941980631106,95.76011829495685,95.76095088857228,95.76182196108819,95.76312716813379,95.76403570219308,95.7646927763425,95.75875724967372,95.75726534903438,95.75849833707431,95.75831377128368,95.75751541908708,95.75940097290544,95.7603677199362,95.76029436958038,95.75986812387553,95.75937499387173,95.75898728281923,95.75883662407607,95.75898971550876,95.75943542312997,95.76010389251866,95.76089996378528,95.76173238552158,95.76297918449004,95.76384685924512,95.76447425722722,95.75967251417204
-E14,0.0,0.0,0.0,0.0,0.0,0.0,0.0,0.0,0.0,0.0071115728829535,0.026454322654229298,0.0769538646988186,0.1461554751175704,0.9053526489929166,1.6066005767787475,2.356870660161103,3.180567869247208,4.4732004067463205,6.3832476593142164,8.61484374543832,11.04172204865931,11.301752540621875,11.691099518209704,12.462711426693856,13.651672384241948,14.98682895959947,18.77738729066011,22.796067691873738,24.837664539737734,25.693455526114303,26.550966131944705,27.40850667520869,28.26604773966353,29.78146863178606,31.221539187976617,32.66029794481959,34.09903386410641,35.53776938580653,36.928515972503405,38.32475897614158,39.7210976687514,38.86609299864806,39.183283875892265,40.159646594900956,40.86753923080728,41.747377697314064,44.04022418550346,45.407955960146055,45.99442572280808,46.73465435610186,47.513859430007734,48.3183398185672,49.13992710111029,50.630985560801996,52.05454803126729,53.48212084043914,54.91327711497587,56.346876637811484,57.73414305027778,59.128027873356594,60.522768652993626,60.40429326092695,61.28443540375597,62.29385782782756,63.250578807502805,64.15186769041753,66.59541794534822,68.00290372241523,68.61631096276172,69.37479254317398,70.12341193470395,70.86683637417585,71.61310710930664,72.47310888530235,73.2760937343304,74.06173862169229,74.83843955785444,75.6124500204873,76.3423937664969,77.08810883181316,77.84906120517287,77.3574308167863,77.97229516143332,80.0572946480782,82.25560146834698,84.73276590229716,88.26447144345852,90.71996500249597,91.47504249597384,92.06700651755457,92.46616558550484,92.73787727634665,93.00472322703736,93.37841020883985,93.88099072948339,94.5114213444975,95.24481180527891,96.0509531595507,97.186819212595,98.15284886412286,99.05002939125359,98.94985389577924,99.14720717207815,99.62403372110354,99.92551554897292,100.10539428854223,100.74736706173287,101.07813919250222,101.03334849175052,100.95992732335871,100.86568001535112,100.76681434689583,100.69496855193425,100.6843640556732,100.73088147623909,100.8295104114067,100.96817388763289,101.13362045599973,101.39206777300055,101.60844383443714,101.78125531704109,101.00146471401105,100.47816304581107,100.25286329167447,100.041404259042,99.89700522451554,100.29956720811239,100.49722517666547,100.41311514213363,100.32449486360358,100.22277087461556,100.10979182881759,100.0210880381484,100.098072564683,100.18152019740918,100.27596930649975,100.38798214359522,100.51440785674215,100.7266839799302,100.89598780016267,101.0311880487963,100.25318120692243,99.71522167429481,99.47548671835507,99.26538445968995,99.09150762436907,99.49748372227108,99.69395072015985,99.61245184468928,99.52624808872628,99.42188346322096,99.30835739755074,99.2193594213407,99.28592548131856,99.35153440067847,99.43901657189036,99.54949043212297,99.67418893834838,99.87622844062186,100.02244483847134,100.13365554364694,99.52678547921906,99.144670282194,99.05660384630528,98.98054287702908,98.91906717766902,99.3342246362321,99.53657111955404,99.44039607995927,99.31882365122253,99.16563754550634,98.97086135439855,98.74129454449846,98.50684615690501,98.29339485281349,98.11688606704276,97.98326898873547,97.89129559656652,97.87384381414373,97.86018005763175,97.83270754492939,97.40220729032359,97.16808928007939,97.44020488774306,97.62636018832099,97.75471160033955,98.22379772308028,98.46087782532186,98.35281686046925,98.20641878946185,98.00794058104371,97.75423127177467,97.46574207379521,97.17243646613386,96.90012788933257,96.66476415141938,96.47229565659785,96.32146206398525,96.20932819561506,96.12868343298854
-E15,0.0,0.0,0.0,0.0,0.0,0.0,0.0,0.0,0.0,0.1207311385875064,0.3670195910045693,0.7137185083456155,1.1578119487061438,1.9238849329898906,2.848382794855511,4.140994852998682,5.701841933541931,7.578188780276058,9.727926140329785,12.068967454264365,14.625333829014387,17.234121893662874,19.86922386709423,20.14119863650606,20.374435043641377,21.122463451565714,21.96373877775199,23.210754775334312,25.60098986042603,27.231101841819715,28.534057883875935,29.874482912958936,31.215560252242394,32.55664894781358,33.897737841090205,35.34935728443254,36.78831709973721,38.22705651931843,39.66579210195635,41.066289251887014,42.12861075588781,43.32756125916361,44.62464876211189,44.78805799891558,46.006678266714744,47.31722580683466,48.57923470420589,49.81823583694597,52.24415535656158,53.64958491266237,54.800304646268685,56.03757388275663,57.30875243002274,58.602477412927804,59.911472457153934,61.34134497465529,62.76556898239793,64.19432335737591,65.62629303218633,67.06044394069042,68.56955812400773,70.07125720842456,71.57348841140642,71.87420396439238,73.18539509783302,74.56054191374722,75.72947343743061,76.56613918369803,79.097167985772,80.60384514619234,81.06364251070225,81.72434015921704,82.36489716311353,82.97872939797006,83.61490230039806,84.2319757174331,84.80643977447806,85.44004817462007,86.21928928331533,87.17889840062105,89.01048600257496,90.97731433395414,93.06094058905818,93.80246714447303,94.83387210343241,96.27868645300529,97.06827057744934,97.11849221095801,98.18350635515922,98.83202703873579,99.12477481454705,99.27163074871123,99.34226100369733,99.38071826951605,99.41583584635566,99.47143682160018,99.5422448855025,99.62843754714916,99.7250868037983,99.82948963048702,99.98879313166506,100.11979316710418,100.22372280316499,99.2193389519934,98.49132030195602,98.00334018508202,97.63595791500705,97.32805786732338,97.43625493867063,97.49976066790529,97.50847315088545,97.49552588557657,97.47550539802423,97.45743349833845,97.43798200036846,97.42885521501934,97.43220519968537,97.44991202077131,97.47991169601273,97.51892831847131,97.58578930207034,97.63996936921994,97.68759191235829,97.26935104569293,96.95356282796847,96.79432667134448,96.67269447110804,96.55873346227305,96.75406449205701,96.87640454826077,96.89493108758168,96.86928773759242,96.81813461731213,96.76048050875812,96.71289836532257,96.68890356753101,96.6940219705233,96.72762244124166,96.78475946676257,96.8589277130602,96.98350892168665,97.08949939956676,97.18710057032335,96.75281255105713,96.49225433351717,96.43788059121206,96.422124266699,96.39200845340356,96.71308283930087,96.91144275628422,96.94190825613529,96.9049523484969,96.84461688202298,96.7863437180249,96.75145146347398,96.75423486448524,96.79269110542812,96.8428487346809,96.91501497448641,97.00741933075923,97.17844458139385,97.31330554411667,97.42749533233186,97.42121161493843,97.43726529991052,97.47403530699627,97.50468172661525,97.52295553030729,97.55045703121533,97.56553843812395,97.5691625090694,97.56926948231344,97.56839686744514,97.56860078377557,97.57114469988788,97.57635014208925,97.58377885770503,97.59258842059404,97.60186999722086,97.6108680491718,97.62355928669913,97.63208861744562,97.63807349574212,97.0660766325644,96.48851399782835,95.97752527839516,95.82311187542129,95.77670743707436,95.77838168593973,95.77948935796044,95.7798787561802,95.78004598879647,95.78010673210193,95.78013522360185,95.78019410285316,95.78032517292448,95.78054082302454,95.78082772778126,95.78115808205726,95.78150117096236
-E16,0.0,0.0,0.0,0.0,0.2760105176340137,0.9056728216790088,1.5932721247591246,2.5487553446692397,3.638327904023759,4.92515524295732,6.567662677195037,8.567787145025191,11.025588923710377,13.509442959276202,15.845284826172344,18.073358765074722,20.215221918557553,21.77568666685766,22.996270866982357,24.26010933544314,25.53500729182546,26.81230925908764,28.030400789306423,28.986432364925676,29.85712718788342,29.573032102575265,30.044361207108132,30.87106518019224,31.9461502225962,32.953518935722514,35.374195454671664,36.998366486875206,38.401282962648914,39.82954083296676,41.00733216965397,41.99343895725082,43.122238255109494,44.25828748468766,45.470097456712885,46.726480248517866,48.0129480298192,49.319799475601165,50.573416728802684,51.84407220912252,53.121203131134784,53.015154335950854,53.92993201028828,55.17117522333476,56.29830922629922,57.40104309059802,59.83370842494266,61.24638880689142,62.50599843590126,63.83715099146461,65.20005107279233,66.58417214714567,67.98266758410342,69.30146404126904,70.6371042961543,71.97739500358475,73.32071913813023,74.66609668577188,75.94581938611896,77.2341640261973,78.52328119656678,78.45043135518823,79.35152938815267,80.47422114534355,82.09043124708258,84.03847514517449,87.52874609532424,90.04112933935805,91.51156840757729,92.90739938126336,94.18726701015495,95.1285868491997,95.82641532343426,96.19321492283983,96.72455433415524,97.39296556809991,98.16113805078453,98.99233201370966,100.32369676307728,101.6662076040258,102.65922838895409,102.28831034572929,102.72438167418248,103.12931778053749,103.19315346854046,103.19509591632429,103.31280177046457,103.14276955980611,102.93453133134761,102.76310599219408,102.67939929627217,102.71762369385038,102.87911264648035,102.99203654627141,103.21689403359153,103.50477351920749,103.81461817954064,104.11675016550585,104.53339123630111,104.81429771815584,105.01369963241389,105.01326615241065,104.99769780376224,105.04778291044059,105.09008097676826,105.10190220324114,105.18390925445476,105.22369726460104,105.22444929561797,105.22286505916537,105.21919982627738,105.21511224166497,105.2137028810961,105.21124030202635,105.21519824971617,105.21985771235097,105.22575756613186,105.23264922991783,105.25740138925256,105.2776507172084,105.29402554535352,105.2309286263535,105.21024805196782,105.22623342539055,105.22395248672817,105.22836294091236,105.27936829303968,105.30687323175597,105.2959804603966,105.28533489466007,105.27512617379365,105.26413534991771,105.25428383437801,105.24027170544868,105.23032300071466,105.22496591349291,105.22361118617762,105.22517932581258,105.27158903540749,105.30769047414587,105.33571905368066,105.24600608781373,105.20898915093748,105.21609087591256,105.19994803250935,105.19609690226889,105.24870403700827,105.27795294011064,105.26457760044997,105.24845459716299,105.2296799166216,105.20908397863022,105.18936919208943,105.15763765128142,105.12855723456306,105.10376972648523,105.08381551767253,105.06847496211412,105.11513661942891,105.14898891303388,105.17369535771998,105.09533172179661,105.07918393773842,105.14733719740897,105.17091985784771,105.19962889705704,105.26642006975324,105.30540597438987,105.29658857998156,105.28239969996241,105.26406811308186,105.2432546238793,105.22318585780896,105.18761229329866,105.15526846415523,105.12773581508725,105.10547545016735,105.08818349535812,105.14092508913589,105.17904277821287,105.20674912361598,105.1746869300526,105.16219631418892,105.2388724429228,105.29239510314626,105.32906869397226,105.40386187920821,105.44437883879672,105.44141455212713,105.43349097593581,105.42089927022528,105.40467285865832,105.38772504014872,105.35821152445281,105.3308556022357,105.30719972072663
-E17,0.0,0.0,0.0,0.0,0.0843806900724058,0.1961858932837054,0.3140101186583921,0.4329566716793302,0.6000058847519124,1.1995693501113707,2.1742538586776474,3.1662094032548573,4.164784211728303,5.361175482153004,7.034937450636824,9.112779327902548,11.348424485401695,10.251103998559918,9.16740076723849,8.17640709951282,7.780070385188231,7.886745329906677,10.936221837466672,14.025649741554858,16.815574913119654,19.658049231739433,22.128025241688043,23.731102813922394,24.804934607168036,26.291817139843168,27.731390862133235,29.170140969427692,30.60887673813161,32.047612257210176,33.16188631424207,34.31332259930591,35.46540585409968,33.34585341408556,32.107551838694114,32.81663891901305,32.810020214622355,33.090890697843506,36.44667139223673,38.97121180726557,39.988347204062244,40.851991112163276,41.50868782796228,42.299878501021,43.18219169273887,44.53930042302488,45.89093887609191,47.270103678563885,48.668464196447985,50.07984127734083,51.17557714266459,52.31445187178453,53.4580233639309,51.26967771933892,49.88354490161332,51.28414838337982,51.5661079617946,52.05272790915812,55.54336138644524,57.965612571336884,58.590220959229676,59.397087774190354,60.290674630623485,61.24238305001816,62.2334637354772,63.664273772720136,65.06585253846994,66.47885710490041,67.90014758784179,69.327062108599,70.43332620791415,71.57933491225431,72.7277404157348,71.44901903599046,70.92342556379424,72.12812922210279,72.90608251727464,73.57329481863172,76.31732017728288,78.43784420696602,79.7326401314676,80.81189912691036,81.74900871155008,82.56604132689667,83.2716187836326,83.99387807411301,84.61456508614503,85.28389643905548,86.05692288322187,86.99295239792147,88.09108696421934,89.3257041860741,90.68776035754982,90.24300759526031,90.50179595020651,91.7930370633548,93.40035048581444,95.07655163163767,98.45243065073068,100.88541181838427,102.57059543619147,103.76653603856325,104.57302862900585,105.11694713538346,105.48481070976806,105.74481672213834,105.9218882442297,106.04486206260316,106.1372282386855,106.2204533261139,106.28304035169083,106.32062177911085,106.34460949476923,104.45172724298335,103.16722998291166,102.30294418805393,101.71885720376548,101.18969505451194,102.73059451179343,103.90283949639971,104.69183468659963,105.22290561079647,105.58030598153366,105.82119747881745,105.98452044760133,106.09661790449003,106.17500721441901,106.23109127198703,106.27215946945904,106.30283574637637,106.33034673491079,106.34965308405833,106.36349278618985,104.4715032573372,103.18908400751206,102.3241219674875,101.7390332632542,101.20642379098759,102.7414482541819,103.91475565049879,104.70685985859632,105.241637505804,105.60266861613314,105.8466383181174,106.01206135856124,106.12499675380627,106.20290834883819,106.25736857774588,106.29597904635628,106.32372012361348,106.34624638923438,106.3618645672633,106.37285709039288,104.48818886153498,103.21138144311972,102.34656674514262,101.76073747238405,101.2242130812106,102.75293882576338,103.92839467642713,104.72470911313371,105.26426931502958,105.62986200586427,105.87758986560587,106.04547470459022,106.15928032955625,106.23645819819684,106.28882454263491,106.32437779919572,106.34853192989647,106.3650553824912,106.37626044013962,106.38386639834347,104.49652668394735,103.21762861269629,102.35120827728244,101.7641564349545,101.226713046695,102.7547757398919,103.92971618815126,104.72573654677477,105.26503638555405,105.63040878942466,105.87795677697336,106.04570037839493,106.15940031638962,106.23650366891593,106.28882127361108,106.32434577440857,106.34848561551955,106.36500387424753,106.3762122277033,106.38382486613946,104.4965137018728,103.21763895287363,102.35122805716523
-E18,0.0,0.0,0.0,0.0,0.2760105176340137,0.9056728216790088,1.0040470004518032,1.0787401787748234,1.3175082580121358,2.0148815897058285,2.875753965216182,3.829817738763392,4.8681849191244755,5.8251925032823015,6.810906867903331,8.065437181586901,9.828301418057709,11.959400390378534,14.216229820369566,13.387705620416556,12.583390435045002,12.029997035252912,11.603456148790503,11.471826670733215,14.709050289987475,18.0768163889926,20.886822833431957,23.266969770974967,24.914469003494442,25.903733156896802,26.89299776101624,28.391038464063957,29.83080644269587,31.269559931864332,32.70829575944443,34.147031279547996,35.83881498137456,37.50161578166574,39.163912008873666,37.924079186157996,37.28247816147756,38.11231510007295,38.913005017445634,39.69593884324571,43.3679745354761,45.916198325733504,46.39309411084114,47.09257437638142,47.886479184675046,48.74338457646528,49.64296233225411,51.08023085317838,52.47881934798602,53.88966944733398,55.30949782170757,56.735421572737366,58.418523966457165,60.07544227620309,61.73375250330717,60.49067119516473,60.36291239611266,60.92621227827183,61.30315646710979,61.56133657882871,64.66705543703844,67.09610053148793,68.1798802557963,68.97608624617013,69.68048407493995,70.37268846691019,71.07607676413005,71.81416552957837,72.55883942615031,73.31052772180361,74.0667409400015,74.82878965266396,75.8548426007262,76.86956946181766,77.90725252165608,76.07062381801681,74.90552336947611,74.72829322742176,74.89045095217318,75.1427153865096,78.7150076673925,81.87459122096493,82.47323486536999,82.88397775160432,83.17117326440892,83.42854340013983,83.73593926151112,84.10668353777918,84.52399946536883,85.01873463185206,85.58738736551238,86.22871832075462,88.09642902907537,90.13357656897442,92.31048612813089,92.22824211452368,92.7401157938528,94.00818343450497,95.23438526245693,96.36467244522296,99.3781166303119,101.37656583722728,102.55632578953796,103.26682568100186,103.68161869123057,103.92246362664781,104.08197087982383,104.22678619359029,104.38802688370299,104.57698929717517,104.78921449685824,105.01331077537492,105.33476913514012,105.5789702758472,105.77260626316806,105.55570762023154,105.35686626799787,105.18533206275916,105.01693938985186,104.86950151097773,104.909966231536,104.93638574371802,104.94213311402883,104.94703829715365,104.95132074153358,104.95551504708696,104.9600995211175,104.96671540165363,104.97292733634191,104.97883562137827,104.98736598499688,104.99334023220693,104.99973761500033,105.00366367436716,105.00620247366824,104.75840765169733,104.54125286036813,104.35180660582245,104.18727436888716,104.05005511282955,104.05186773282693,104.0522187337847,104.05124135595037,104.05024078821037,104.0494364701662,104.04904534348523,104.04921811696309,104.04996017808298,104.0511495762315,104.05260362296647,104.05414212325877,104.05562482004065,104.05769270933541,104.05906562405984,104.06001492717263,104.02147523012226,104.00041121823584,103.98866027418872,103.98041873453752,103.97425653062808,103.9752171779687,103.97538587110374,103.97483713579739,103.97427785776112,103.97382845021114,103.97360777498366,103.97369820561835,103.97410232536893,103.97475287013926,103.97554931085453,103.97639255747343,103.97720549701887,103.97833950496306,103.97909251940183,103.97961325923289,103.97152322082731,103.96450018716982,103.95831207367549,103.95288452218854,103.94826622025974,103.9483711268213,103.94842661680985,103.94843093435694,103.94843080219513,103.94843095431091,103.94843641972518,103.94845093414074,103.94847514007773,103.9485069184383,103.94854278875007,103.94857925385955,103.94861360273816,103.94866083193371,103.94869183212214,103.94871306669582,103.94402326606752
-E19,0.0,0.0,0.0,0.0,0.2760105176340137,0.9056728216790088,1.5932721247591246,2.2683407661755948,3.343914344000776,4.85208433838812,6.856478188514204,8.664483910254807,10.682701898527956,12.8765073935036,15.488002039835877,17.724803992981727,19.341234343078096,20.429831517011532,21.20313422818984,21.986617087921857,22.793769121773252,20.663523257662902,20.170557328050965,21.036521873545702,21.608121845820072,21.91663490602379,25.551540764175513,28.470644211725727,30.774029365587964,32.777932190233315,34.628972506720785,36.39878438541405,38.123465678080635,39.577952749966066,41.04458904989583,42.50187008610985,43.952873272749805,45.10017612919857,46.18595742396458,47.38805923776063,48.66993654666404,47.02347931788349,46.230169530605586,46.26191663503073,46.404407953005915,46.5938900681349,50.25565613780061,53.9163905140759,56.853360907745234,59.268076089983865,61.38928107983542,63.338521499024225,65.18317260056641,66.71823732695701,68.23915673157852,69.73307987190103,71.20884968966033,72.6725173395118,74.14043265493795,75.60147727393657,77.05881849820284,75.53125776424952,74.81851336431919,74.83884471109063,74.62472348312349,74.39943393600966,78.25725719472058,82.37082497229919,84.28329867073312,85.8421056673871,87.16490576694194,88.3040504658399,89.31123617787554,90.24017775100427,91.16339235840674,92.12839094912633,93.1642086399229,94.28400028733998,96.09721320185095,97.99081196624155,99.70510705660391,98.26599352038829,97.43854912898287,97.38118690396396,96.90491530311174,96.13159254499418,98.22906737742201,100.15701102146659,101.92111467869962,103.19037333700797,104.01027757784392,104.53640594886686,104.87882827917896,105.10721901472624,105.28267918749098,105.43198470851239,105.56771305616701,105.69532010371483,105.8592053736569,105.99015275446745,106.10172528281046,103.63139472322885,101.9514475203837,100.50953442543525,99.71496663866165,99.65689364485,101.21781576125662,102.76899047414226,103.90309640379913,104.66476106353281,105.17681266139873,105.52234889924776,105.75797915714242,105.92178861728901,106.03674604095808,106.11743058040568,106.17762673108764,106.22570941701171,106.27515724397333,106.31320589936574,106.3388491371274,106.21765485605138,106.16821589543495,106.17073440363487,106.19285270056065,106.21991477340505,106.26727358026193,106.29666606022519,106.30930945507775,106.31355319780432,106.31381491946433,106.3129941789107,106.31321972432923,106.3156298749654,106.3175704556922,106.32142638719606,106.32768382259914,106.3360914468673,106.35112344901441,106.36391806856919,106.37501314902615,106.1111387104891,105.90160629465721,105.73243421517101,105.59550622013644,105.48699713519335,105.48851432272333,105.48945123763086,105.48979609276644,105.49005886275168,105.49028356032677,105.49051289192857,105.49077434395973,105.49107221511669,105.49139303700485,105.49171595860925,105.4920213659181,105.49229542907938,105.49265327337486,105.49288375927416,105.49303893698205,105.47984886519001,105.47072725224844,105.46407121298377,105.45894644846751,105.45497839366479,105.45508275965588,105.45508812314502,105.4550250731662,105.45496552911152,105.45492326270666,105.4549104927498,105.45493396756116,105.4549915826233,105.45507433404096,105.45517050171918,105.45526923554395,105.45536248733315,105.45548835972393,105.45557182040694,105.45562941060595,105.45517717670882,105.45497960645577,105.45492041679661,105.45485913940847,105.45480685105996,105.45485377014549,105.45484965379451,105.45481452754639,105.4547813381792,105.45475798676702,105.45475137101134,105.4547648561631,105.45479684484813,105.45484213568129,105.45489426738425,105.45494741017617,105.45499732797691,105.45506437222649,105.45510868039744
-E2,0.0,0.0,0.0,0.0,0.0457418560297423,0.1230019395291049,0.2132656010258996,0.3079262398422034,0.4299103709841713,0.8447735680930254,1.6161646567530985,2.7970903142259043,4.346336816022241,6.075789728039288,8.241533694313219,11.117115189418753,14.657668662921896,18.569818200977465,22.60685069490831,26.330109810193257,28.718649002022012,30.772272038696205,32.59895110570008,34.27185193428217,35.36326129366178,36.43873031404294,37.467307526484674,35.407926786091856,33.97752362334748,34.734465690055266,35.3833882831158,36.202815606994804,40.1735119430262,43.35286148670839,44.74666738244561,46.18704138214328,47.627960586425985,49.06858168074667,50.50898915303672,51.847077163632996,53.19676951794453,54.54659904873337,55.896387026773816,57.246144506871644,58.11859058759182,59.045689178018606,59.956064698771804,57.6683122196606,55.84605089976134,56.556736484452784,56.836361867282214,57.30345255774527,60.901841808499405,63.57773508199429,64.9607512400355,66.2665821024897,67.48166205481851,68.63454445120875,69.74525709936422,70.72521618735506,71.69751100707367,72.65688597304265,73.60737170092605,74.5518316372997,75.31047973969032,76.01736088427455,76.72325111911776,74.38132534642125,72.54763843059051,73.24922505098928,73.51827444395008,73.97431322723672,77.54961493589082,80.52268452868097,81.61482290737285,82.99474833318214,84.34822252473197,85.65109697945968,86.9280080599503,87.43409239759495,87.9652140890337,88.53234767962877,89.13787357587007,89.77878937149168,90.38431587178904,91.01152148711307,91.64226114980468,89.2786072392612,87.46926540641024,89.73666634418727,91.18407521493434,92.40784527720216,96.05293941155638,98.97132618994479,99.54984702141736,99.87295758231262,100.0363784964609,100.12105123080096,100.2076945357652,100.14839791438044,100.21683942305881,100.40411218985929,100.6849772819861,101.02900191717879,101.3146953628821,101.54743748881205,101.71527242933857,99.9679035828225,98.92236840545749,100.36424577109834,101.33367054581741,101.94809489521658,103.12892665518157,103.9300173031146,103.89645356833455,103.81622625834758,103.72169659908145,103.64819279094598,103.64768806537165,103.61734162518175,103.68620474338744,103.85188104603577,104.09747529093463,104.40004670444111,104.64363881561572,104.83710534979906,104.95858351812659,103.20317990513692,102.09235782727126,102.43424229168883,102.56284685051187,102.5801367416714,103.43234755890693,104.08267058804783,104.00194588871614,103.87883782034557,103.70989731080783,103.50870693413935,103.30381870461159,102.9417458311739,102.6305521639217,102.39745481225779,102.25116585230396,102.18738671628181,102.17746566820902,102.15591700260016,102.12963970119233,101.78941140061548,101.56568196860843,102.87013496798772,103.78090284746224,104.41200465556712,104.90366172695106,105.24349415263995,105.35050146730964,105.4319906032839,105.49465572510624,105.54272081318037,105.57762915696657,105.5986714676502,105.62188293019973,105.64800688086555,105.67718960266457,105.70913238390837,105.73188736968498,105.74747134964964,105.75598147831145,105.75596751100231,105.75881734983719,105.83462888292583,105.88362422958481,105.90712441644757,105.92185164198547,105.93018126831004,105.93362626449063,105.93611488714764,105.93793146093346,105.93929437864836,105.94037846090819,105.94093847301089,105.94156586406476,105.94225663623223,105.9429934241506,105.94374981445118,105.94494127617395,105.94580514575614,105.94647998993943,105.94544697466745,105.9447180901179,105.94440184848995,105.94374197838204,105.94265333581136,105.94307024342288,105.94336927186868,105.94351874934428,105.9435964553741,105.94363205750896,105.9436530156535,105.94368207683104,105.9436767812637
-E20,0.0,0.0,0.0,0.0,0.3124285720440571,1.0209302622350078,1.7999617926823739,2.5559921620976245,3.4894683771401036,4.91893635914813,7.200306009292335,9.72818371030013,12.483205942551027,15.485791091218472,18.91109387601388,21.708714888148855,24.207840243579625,25.64666584694724,27.085402929987694,28.524138471947992,30.21680980300402,31.678492835974097,32.5101035229406,30.453756028980287,30.073177714608075,30.951227385527602,31.555153758653862,32.079278177094864,35.573879197826024,38.384855627082075,40.81478366189415,42.94002347566747,44.90314697760661,46.2920203922973,47.79472365894554,49.00392772144827,50.31431539191466,51.66583024723229,53.045146517022886,54.44347793544942,56.108710023426305,57.75367732415842,59.404129640077656,58.12586732715965,57.67209987016228,57.66207168175282,57.76310521148421,57.89415379387252,61.44659352620549,64.9933831003949,68.17791010514266,70.79943077456642,73.1062614456239,75.22289018055976,77.22050544747928,78.76583531595787,80.3043171432003,81.81053409186842,83.29473971389034,84.3942207557472,85.97229849519206,88.08585595714736,90.57224306275042,90.38486349721836,91.19874064861561,93.0362637847804,94.6482139407451,94.91690813007153,97.72767097217616,100.09495753650698,101.63344997259702,102.52233283890601,103.03189682730091,103.3238533857242,103.51591305953826,103.69107641014745,103.89506069823312,104.14055319339005,104.4181852548763,104.70870874386192,105.13929288047638,105.452980698264,105.68950115638609,103.6282294090642,102.93149586335252,102.97445705030454,103.3453154086987,103.82432480757971,104.61671725560736,105.1489120725721,105.48096221991695,105.69396920383792,105.83114062182096,105.92120671506045,105.98456541345315,106.03491702515304,106.08008137216365,106.12334084947314,106.16513036992748,106.20456489346716,106.25700698457621,106.29426170496467,106.32167232624886,106.25507089973107,106.21237347050528,106.21337057050103,106.20001662996151,106.18119186926376,106.19256079515372,106.19405951140148,106.18850803400353,106.1824346033481,106.17780583496635,106.17632719945408,106.17881264879436,106.18497376170018,106.19376754581495,106.20390218233537,106.21422302850522,106.22390022538674,106.23684718453237,106.24539555060161,106.25126873671394,106.2241851485543,106.20555942418332,106.1923100233587,106.18038152663374,106.17031593881892,106.17235889326051,106.17265417535071,106.171791110954,106.17094538235996,106.17036197532751,106.17026083361641,106.17075474900395,106.17180203375561,106.173247427036,106.17489474465961,106.17656597207133,106.17813159392365,106.18022859067685,106.18161346269832,106.18256556037542,106.17217066855122,106.16649060505041,106.16340490888841,106.16041946545539,106.15785665180321,106.15870709739133,106.158598474169,106.15791196567282,106.15726865414959,106.15682228766883,106.15670360814045,106.15697338668312,106.15759750033975,106.15847415176738,106.15947883011596,106.1605000837193,106.16145743540655,106.16273952080428,106.16358648372534,106.16416886440432,106.07701588636014,106.00351706867971,105.94069645840739,105.88786889028823,105.8446322304158,105.84472754923883,105.84478671567841,105.8448088690538,105.84482547835856,105.84483857355721,105.84485074990643,105.84486414995817,105.84487958595432,105.84489664153234,105.84491425071965,105.84493126382898,105.844946790735,105.8449673382735,105.8449807201606,105.8449898212125,105.8093778251536,105.78088103050392,105.75755836263279,105.73860065235537,105.72347936825317,105.72348643691019,105.72348724881654,105.72348336173704,105.72347970731053,105.72347708627383,105.72347621977127,105.7234775481561,105.72348098389187,105.72348600258714,105.72349189274217,105.72349798125947,105.72350376036292
-E21,0.0,0.0,0.0,0.0,0.2760105176340137,0.9056728216790088,1.5932721247591246,2.2683407661755948,3.0999081148250553,4.3852896725789146,4.967047531170967,5.574687433832157,6.0698998166125975,5.719054674077526,5.492672589190737,7.069222796984919,8.770025093158065,10.153928410910208,11.799594787340279,13.32704750987885,15.101764528150472,16.957605900496336,19.411236135372217,22.368503550097838,25.039784924363154,26.748320193792694,28.21731697316828,29.634547478514385,31.17715939780063,32.701711824490985,31.997644392189603,32.05407975783577,32.97993099844318,33.2431392999176,33.64436689371475,36.28389027202293,37.79812199874774,38.78706436986934,40.460594625405065,42.000368536836305,43.50655731280817,44.917166818041835,46.002590452583085,47.16142370847162,48.40207862291529,49.69511406023054,51.02358944768036,52.37607816490885,53.88140688213526,55.382119360176056,54.662205465681865,54.550149534974445,55.203594171269906,55.176378125106275,55.3565762562783,57.8411863637925,59.77374736894175,60.97414690826653,62.79096142204827,64.42782534388475,65.85145006179039,66.98763266212147,67.98633441672966,68.87788289086174,69.80652814660237,70.78112708669494,71.82095646819543,72.9327864689693,74.24098137991064,75.56745280161265,74.66959727928355,74.35169336188324,74.75853305608936,74.76194935936468,74.93864939629012,77.41774773557944,79.34387050501734,80.53722377620974,81.63940258195412,82.62837612761949,83.44929762716016,84.20891090645382,84.9113788659646,86.15463318478038,87.6119965881267,89.29646736901549,91.2021460843074,93.30911698577961,95.79322245042067,98.39060919520495,98.81596642517883,99.25291937643345,99.81760637348843,100.00153331606916,100.03966768658891,101.96042830160184,103.3475909547003,104.27074841842207,104.94031532566379,105.37660031587717,105.66057270379784,105.84797008291983,105.97899235940618,106.09444772263481,106.1751716681222,106.2340700334949,106.27796042363367,106.31083567336037,106.33535965487827,106.35350609212345,104.43827665363497,103.13594083383713,102.31059838584413,101.72899949049915,101.24200145729452,102.79831329394945,103.91545589155595,104.64160607547544,105.12953035497739,105.45619430722356,105.6782046643872,105.83478290818913,105.94955349347742,106.05223179247261,106.13744914319552,106.20254264245806,106.25273809304913,106.2912674919025,106.32051445040678,106.3424322217129,104.43347773194786,103.13697515396728,102.31276556590548,101.73177832321954,101.24350883858843,102.79725545690623,103.9163812489086,104.6470998942554,105.14006617681179,105.46534130291037,105.68056497111658,105.82824890858059,105.93774227909127,106.04395386725724,106.13964332357544,106.2082773194299,106.25898742951678,106.29683971692484,106.32505746278714,106.34595480811065,104.46525260921632,103.188952033834,102.35001698689581,101.77296596780084,101.27823709253383,102.81800705605487,103.95159932434754,104.70785454123433,105.21955572589073,105.5644951756235,105.79670406760384,105.95369035483019,106.06307585284019,106.14979630780863,106.21465343617042,106.26532246005318,106.30526167657445,106.33306292079264,106.3526755489794,106.36659025612337,104.47286801697041,103.18548154173226,102.34585272326952,101.76517968689126,101.27236980469328,102.81686517409506,103.94450885880948,104.69138770414789,105.1925613522906,105.52675122557102,105.75078474021134,105.90416513272041,106.01339937209427,106.10534742337552,106.17600556679345,106.23303875995583,106.28021572501497,106.31634517594063,106.3411679189502,106.35852979001271,104.46899249301555,103.18327847412809,102.34101097834726,101.75847518988925,101.26436455352257,102.8132691497816,103.94401794629175,104.68908984912684,105.18919550091955,105.5222471324667
-E22,0.0,0.0,0.0,0.0,0.2760105176340137,0.9056728216790088,1.5932721247591246,2.2683407661755948,3.0999081148250553,4.043044122093278,4.780785440240892,4.77353115849183,4.663507724467298,6.390537304263808,8.16356297504922,9.731169785275672,11.423164495546844,12.95900872887069,14.47303599739167,16.00563372496576,17.862887316643754,20.007049890497573,21.904691020102504,23.104347628040966,24.26642305355078,25.495660722470372,26.807029092395393,28.471620979597756,27.30709577930672,27.105538666119394,27.912794893980738,28.11374032157299,28.391748041599165,31.4584449081746,33.561472900610354,34.65567549389167,36.148725186535785,37.58847443763139,39.0272307912076,40.46596681798793,41.90470234854917,43.74327685743559,45.154803421582336,46.606046043952816,48.16712762425834,49.802645703601776,51.29622692838422,52.846019337752814,51.63207154243703,51.54586639859137,52.10471081881712,52.08237812017842,52.19955563454567,55.15445519160462,57.492581697642535,58.908779710590366,60.47929726685291,61.91443355397152,63.33018549342145,64.74654325966335,66.167801583858,67.99374545468713,69.77769740546869,71.56360645316124,73.35142826682797,75.14057587050628,76.73825349009216,78.35858082047875,77.19242736268333,76.678468120067,77.11103713303332,76.78469050246767,76.99012856209801,79.75575295015975,81.8157510091015,83.10859881329628,84.32530422685835,85.1817290271627,85.77309288062739,86.19453673237624,86.55856722568639,88.26290954592623,90.10270662753626,92.11640310634803,94.31347520808549,96.31442477075478,98.42769557124436,100.27095585169332,99.47481914975864,99.0863188797714,99.09844136529091,99.00333356422114,98.80790331099794,100.93239150044897,102.33409143896125,103.03336328074748,103.36695078371098,103.48636046586724,103.49630200387365,103.48422182163164,103.51635203477743,103.78658961681748,104.07133263176702,104.3832781745068,104.7106337776975,105.03382954990975,105.33420357115588,105.59831175100148,105.03318969786255,104.53717962557167,104.12580508193446,103.70896378281947,103.36657672256548,103.40943369918672,103.44045294225214,103.45997585582205,103.47795462790955,103.48934374327683,103.4975888633949,103.50525504914994,103.51413345062976,103.53296862022361,103.55313185894687,103.56684999940934,103.57683261751805,103.58432983563254,103.59000539948387,103.59428597271382,103.33690739878566,103.14796484491566,103.01443649276563,102.90567667362251,102.81743699283594,102.82778447261764,102.82939551747512,102.82348448410086,102.8170622135433,102.81175672585677,102.80893534878459,102.80956418182404,102.81228226544823,102.82219221770606,102.83237749902169,102.84336485807046,102.854933145194,102.86394006313056,102.87070970964965,102.8758056364451,102.66272786062908,102.49986494864721,102.38044273024103,102.27905698963349,102.1944131515626,102.20403215050769,102.20556118873439,102.1997701455562,102.19345144992978,102.18600242170253,102.1799721636442,102.17715182127752,102.17838527737949,102.18941882481506,102.20172314579625,102.2161472674629,102.22886261199984,102.23786092638585,102.24443546978746,102.24929700474084,102.20754094710583,102.18204471127818,102.16978581919855,102.15818509560927,102.1479240718398,102.15270474777,102.15357422420428,102.1511167532817,102.14839566445606,102.14618842855936,102.14512643395332,102.14492454946074,102.14532099960972,102.14996088446847,102.15485768802064,102.16020320359354,102.16587025183355,102.17039303841946,102.17364983166438,102.17603462482785,102.1323530619439,102.10984935853969,102.10426957102737,102.09652426723933,102.08813022268136,102.09423048905307,102.09466913495542,102.08980006711228,102.08442748967524,102.07872811624375,102.07440992426672,102.07265121478792
-E23,0.0,0.0,0.0,0.0,0.2760105176340137,0.9056728216790088,1.5932721247591246,2.2683407661755948,3.0999081148250553,4.34724163731313,5.707480256456046,8.600490805264297,11.521186936200566,14.640689630371863,18.07477962908295,21.5303343016771,24.535268292456532,26.285235867447152,27.723971380273024,29.216048537821905,30.702016204567457,32.187877509132264,33.67373696200208,35.15959638263512,36.96885201779622,38.741067432517525,37.29927804127613,37.425241409901325,38.657727714253554,38.930284070443065,39.08022971467724,42.50074365438789,45.247702991500276,47.240966416342296,48.74720225684742,50.153903435627846,51.5267204143691,52.899071939702786,54.28220877247665,55.73142293427162,57.184653346916704,58.64714905045431,60.11717587471142,61.592307040227205,63.39429316501979,65.16158272922576,63.73881206816502,63.133354470622365,63.215701983287275,63.2764237386299,63.426956926418754,67.26004771733538,70.9875549675192,73.58578125372752,75.38265054695394,77.02815325773925,78.5210098465913,79.9362820668906,81.3087300583557,82.71021570837445,83.81227108416502,84.66715361902983,85.8354397332988,87.3684503714595,90.59343855547051,94.02283910326585,94.41191631937288,95.55317288283482,96.40097950353906,95.87108703873434,95.01959738143506,97.63429038356648,99.99683440470307,101.2117354271642,101.79657585354529,102.03528789374181,102.00250226176539,101.68614243526306,101.29142228650193,101.34897660153396,101.52523924705304,101.83611371129905,102.27020568260471,102.79997571291851,103.48015904611167,104.07093250850649,101.93548301219735,100.55759691184868,99.43161219530526,98.66637148965337,98.64388165064813,100.31245478453702,101.94236279022614,103.09158480371791,103.83790493184257,104.31843436490969,104.6212614956985,104.80923425748392,104.92817998298153,105.24616632133956,105.49222285198498,105.69620649834566,105.87469774717489,106.03446034292298,106.15810272316943,106.2339626042087,105.81129203233502,105.601650735935,105.56260491532623,105.60801092836941,105.69574238498714,105.89016414448645,106.01712661391394,106.08330279479192,106.11479353191893,106.12323318726705,106.11551809034087,106.09922216772812,106.08263842306198,106.10435446865954,106.13841432278242,106.18724271201184,106.24096811748188,106.27907359026813,106.30780310274363,106.33002642846054,106.24669134114158,106.17117547710171,106.10996410744389,106.04792646924243,105.99552190396903,106.00092800796254,106.00384621202461,106.00514948144904,106.00590458742741,106.00653692097103,106.0074105256279,106.00872596360897,106.01048346814328,106.01389282214708,106.01660470154293,106.0188400996422,106.02067507700946,106.0221514593887,106.02331203463727,106.02420534048828,106.004928948276,105.99399127461737,105.9874693167544,105.98020376935798,105.97379634618062,105.97542184578188,105.9749517537197,105.97345772444704,105.97207358477498,105.9711303560449,105.97090684732925,105.97152443745013,105.97290003877234,105.9761241955643,105.97887786554038,105.98125415883773,105.98325964603671,105.9849007245891,105.9862046027895,105.98721528689765,105.95435843198646,105.92978840502765,105.91017704380094,105.89090939455009,105.87393909761171,105.87546796159566,105.87501857429602,105.87360273019227,105.87229324801575,105.87141127400656,105.87122186914429,105.87183610204207,105.87317021024121,105.87626712243947,105.8789043390525,105.88117473163219,105.88308748264993,105.88465069931252,105.88589159505894,105.88685284668718,105.87880462837661,105.87428323871215,105.87161410783303,105.86825294713606,105.86519991872945,105.86601425848262,105.86585298345888,105.86520843698416,105.86460422792638,105.8642006078627,105.86412935691772,105.86444592023486,105.86511008160576,105.86663615731794
-E24,0.0,0.0,0.0,0.0,0.4919559862830199,1.541144179472132,2.797642862282831,4.394603468523219,6.421946848977457,8.904840085840773,12.170878711189069,16.093359432598245,20.10513376276459,23.441088833350758,25.596114260645024,27.03484976950162,28.473585284056423,30.085398144452235,31.677387572358604,33.269031887459775,34.80711311956036,36.337368047849154,38.195403021271716,40.01612073496946,38.32268036276809,38.53922794726922,40.12520488448893,40.778516630973925,41.21687167471266,44.874428807632356,47.852508250160355,50.10293802599017,51.59723249414075,53.02517767634506,54.417286039647806,55.80525036739714,57.2003609725036,58.77818064348352,60.34500550298711,61.918574094467296,63.497471971733404,65.08024060544815,66.9243118897038,68.74068895481128,67.40174077610446,66.88559447904504,67.0065384806254,67.31362872148294,67.67729646225959,71.69632934847507,75.71156530909869,78.73219621732237,80.29213986042699,81.66825738776714,82.71020391155545,83.70291509716331,84.73267778576673,87.03515011003132,89.52630215766123,92.2068255544503,95.06664176664495,98.08635018758802,101.28108439429268,103.51277517321718,101.5219922703435,99.8288802152445,98.50233132386991,97.49660226483375,97.61823586914267,99.89742200967521,101.56028495318319,102.33010401290308,102.62784657133862,102.67716184091272,102.61161749331029,102.54037539366423,102.54673227897688,102.86339293432911,103.22736206006452,103.68125243807259,104.13041576628707,104.55413542989089,104.9337235253172,105.25857558716993,104.66514972674327,104.40055945571135,104.3775631835029,104.45409129834327,104.62303302263042,105.13753668174651,105.49104697955546,105.72074528953944,105.870136711969,105.96741906110827,106.03191578669313,106.0775150172532,106.10885607369612,106.15443489688863,106.19513077517341,106.23537823747061,106.2692150159445,106.29728955060486,106.3204503439359,106.33922346774781,106.24784387411663,106.19124356410832,106.17607130903069,106.17212106773889,106.17143940423709,106.18716563734414,106.18944402701997,106.18110161978701,106.16738776475538,106.1505471711613,106.13571652488852,106.12753973905308,106.129042215244,106.15208513233314,106.178206189085,106.20692635641254,106.2327027703335,106.25129534061338,106.2650396610505,106.27526712041357,106.19581860159084,106.14348184210878,106.10698345497808,106.06545653859122,106.02729099361446,106.03682515965374,106.0357996674862,106.0292532409914,106.0206701350507,106.01232014505612,106.00649047389092,106.00776812425494,106.01930926694513,106.03724538325176,106.0515138999308,106.06338947653337,106.07325184290217,106.08127033936384,106.08762746108208,106.09255308646777,106.00718968200322,105.93125695452335,105.86465791283094,105.80530721899441,105.75437555612534,105.7554871710545,105.75608750909002,105.75635406746316,105.7564929005723,105.75657958260427,105.75669245202631,105.75688496281731,105.75716969934179,105.75779639447309,105.75830131896936,105.75872465016258,105.75907757308266,105.75936505868248,105.7595931577731,105.75976991316423,105.6677960727356,105.58773656260797,105.51766940062856,105.45634647641828,105.4038704061744,105.40421628827683,105.40412452717118,105.4038096567489,105.40350633274389,105.40328370736486,105.40320420163611,105.40329943262594,105.4035573337958,105.4042269809414,105.40479684614962,105.4052891995916,105.40570583475873,105.40604768972983,105.4063199215688,105.40653131031341,105.31442594833631,105.23423108661785,105.16404593722187,105.10264520770662,105.05011728622374,105.05045323323039,105.05037210692272,105.05007772722831,105.04979312687922,105.04958420763926,105.04951050247205,105.04960225586498,105.04984816746322,105.0504853433363,105.0510272475829,105.05149527820583
-E25,0.0,0.0,0.0,0.0,0.0,0.0,0.0,0.0,0.1360389390082075,0.6386403624948382,1.3429078857115824,2.0182667097799296,2.7703642186973645,3.6870464743398275,4.567877124975012,4.719798223490134,4.9234649145465275,7.17635081838144,9.56988283203749,11.79665238296719,14.40369360478565,17.191545998830257,20.23405867926477,22.854550067936362,24.85232396895975,26.57462246488154,28.25352425795549,29.93160589333818,31.6096717868758,33.28773737323117,34.822182848845074,36.37307786853573,35.08169096917848,34.76625513444072,35.473556464978884,35.54755212636713,35.69725919833234,38.69085538972656,40.708528558801845,41.70346505220269,43.20441898994831,44.335474734719426,45.560369003591816,46.85419219121198,48.194734288383906,49.83784186834082,51.47137194955643,53.118897143479444,54.77626211200551,56.4403007614571,57.96524152835565,59.50969611786709,58.21394515618641,58.049680007761445,58.665486931822144,58.56716503417351,58.56514665821946,61.443289503478084,63.70206016718624,65.02328976344633,66.57012339082026,67.971753128835,69.35921618646537,70.75391659687246,72.1594255279383,73.84531803849882,75.50738782024239,77.17408678663374,78.84438380189167,80.517163289493,82.048018863869,83.58332855807109,81.81220737411141,80.97477411129957,81.70218364975261,81.9270804131693,82.7202831959871,85.95835988689441,88.50098711780012,90.35124161792943,92.33378197994554,94.01540978160543,95.46078222839675,96.64456599589936,97.44892312396159,99.21012918985369,100.97969094083231,102.62906356966906,103.70422416229789,104.42126657893569,104.93752391890098,105.31777494478953,104.52369632390393,103.88647153299037,103.53506307937626,103.10104074587115,102.58767812634855,103.5786977641707,104.1985852389765,104.44807337672725,104.5217492199781,104.515323262449,104.48827078813957,104.4797335363326,104.47489271288953,104.59207633945469,104.6992981216562,104.81507714025528,104.95580490359171,105.15370274925857,105.43265044866108,105.66370941980858,104.89955593267898,104.27979123677973,103.91573758555064,103.44954348529568,102.899155194651,103.8321530234611,104.41527150044482,104.66264526263996,104.74563244741279,104.70616939528205,104.53959880377876,104.29265152174376,104.01175244905659,104.01085426761509,104.02481130669118,104.08296918777344,104.19809148604986,104.37209317659466,104.49900496304029,104.7013238463396,104.47897282093687,104.41283823558092,104.43270465046668,104.30191598567902,104.21981008619395,104.86205430814692,105.30809747296831,105.5949477461869,105.78018734566429,105.88910863343447,105.95550298231797,106.00109997578461,106.03293399095746,106.07991763394119,106.11914952116831,106.15911833781006,106.20370251465165,106.24412508032428,106.28660781626081,106.31810907444616,105.78347823942698,105.4114972178135,105.18490983003231,105.02878485227195,104.91635143467124,105.36199145555648,105.65730727264956,105.82900489649934,105.92988299781594,105.98813246567678,106.01606216304779,106.03088602087297,106.04464941263102,106.07498233201301,106.10413245811668,106.13899791894558,106.18225856663496,106.22977425544744,106.27482362570446,106.3115351250305,105.78731593692667,105.4205965808203,105.19709861619866,105.0432481524168,104.93262484715252,105.37310872001862,105.66489602291495,105.83418328593235,105.93341658247238,105.99130481800776,106.01874889956741,106.02793649294179,106.02647258956142,106.04164967266583,106.05397394273017,106.06923619369417,106.08954703331182,106.11510433399546,106.14726493161304,106.18886333186748,105.69008746239365,105.36450097670894,105.17161817661486,105.02977098727844,104.92630104130689,105.37033135868947,105.66370633732322,105.83240001752955
-E26,0.0,0.0,0.0,0.0,0.0,0.0,0.0,0.0,0.1360389390082075,0.6386403624948382,1.3429078857115824,2.0182667097799296,2.7703642186973645,3.2775367908347066,3.9790886541173287,5.514403752601867,7.250669204528142,8.895580365156661,10.888672556199388,12.94810217972125,15.059092118650113,17.365582015876008,20.272331150040785,23.344660135515053,25.438466678718484,26.88609041345555,28.33363697849077,29.781192531931335,31.330040914283682,32.86728828661377,32.45287065682346,33.02541968065698,33.708605528623295,33.69977373566122,33.828000157910026,35.48721206648818,36.48936418917366,37.49151667776919,38.8434569034371,40.00510255765593,41.255418745569706,42.56646901292291,43.91868427131724,45.31695381796845,46.73204428323387,48.159905889772105,49.59644518164196,51.03886492545093,52.578386058914134,54.10994205308507,54.06039236632173,54.983813218550544,55.73955923673398,55.90912633885409,56.05713691173349,57.916887725205676,58.704980424904846,59.5620853565706,60.96014074614503,62.33328091085947,63.72690666031219,64.97870737944979,66.00322610518771,67.07805005448677,68.17842090693738,69.33673023155141,70.55576666084892,71.81938607623259,73.20881274263859,74.57455919392332,74.04830543644105,74.30491863284632,74.35170577620924,73.72543147423795,73.33600734994228,74.59627644155336,74.79090121416999,75.05325945718948,75.34608299433303,75.61358119197044,75.89063906090308,76.16990095225965,76.46529375829444,76.84545263951996,77.06758093463041,77.36150192937887,77.7465791875459,78.0632760562277,79.14209987892959,80.31273243718472,80.24697733183753,80.62309077388149,81.18486579220497,81.04764834099512,81.20759196189397,81.97435167687047,82.66061874341791,83.02949870320111,83.32648036706517,83.52649753502625,83.628128872338,83.65301287315968,83.64399781749329,83.71226731788292,83.78272720735218,83.96064789714111,84.27584759294393,84.71876331056137,86.0251004383049,87.32489126091876,88.11412466165686,89.2143751794508,90.19916571636985,90.34282658136826,90.54003799754699,90.82870515083454,91.09518528477975,91.321007411457,91.53024621191844,91.70560975841084,91.84888311212492,91.96650768231086,92.06907112561747,92.2262453836253,92.35315137377553,92.48675685018524,92.64042788890478,92.8157416947302,93.16077500083512,93.40174531625937,93.45327395892456,93.51435277617499,93.41376181882875,93.30488857919066,93.1476556075307,93.286848128677,93.18141042296243,93.02430590401669,92.82166563133673,92.58209871538381,92.32842467427658,92.09200014471857,91.90221786263064,91.90792969251748,92.00001276094262,92.19027337732186,92.46245250593847,92.73048819664,92.93127969007637,93.09496069892808,93.06657358500699,93.09368390887353,93.13865023880717,93.11346949252021,93.09322331008944,93.12415753398543,93.15880856479727,93.16814522260057,93.18233899769109,93.1943530670176,93.20334033676444,93.21027211410087,93.21728901357119,93.23055934416217,93.24825143487334,93.27130959368348,93.29885462224665,93.3289968334195,93.35959225977527,93.38911563028987,93.37865504525715,93.39509839095174,93.40742504623367,93.40108827686767,93.39694983297638,93.41364767283983,93.42273516575098,93.42251469801374,93.42072085133422,93.41586099773919,93.40896215750313,93.40340780378351,93.40326303144778,93.42399218965294,93.44442347280497,93.46739903039469,93.49287254517601,93.51953888287042,93.54577033355416,93.57044530846201,93.56708154420478,93.57583598789624,93.56361417408321,93.54350965571179,93.51714405564596,93.5383957897254,93.52558231139685,93.5051194577931,93.47759492466437,93.44380395174426
-E27,0.0,0.0,0.0,0.0,0.0,0.0,0.0,0.0,0.0,0.0636562263953866,0.2478409372283106,0.4720803342367086,0.8813820716869026,1.5856423153514527,2.9447384238382734,4.610263058066704,6.572557416265522,8.860382836099522,11.757148938980217,15.330521069109453,19.345059106804985,23.01335057162117,25.29992999657941,26.83030786865137,28.360682139856472,29.89105634837287,31.834141899204216,33.729957511716506,33.60946704422871,34.365379352685274,35.60059318749219,36.085271415818085,36.5579866880213,38.65345142594743,39.955014647729556,40.92855368642553,42.143017660522375,43.41999971036333,44.748960033180595,46.11330845441947,47.50163891299309,49.009949659882004,50.51739101593314,52.03208685665968,53.55183491808333,55.07500876257593,57.01321531674324,58.90572490078683,58.87668465005719,59.81772961760007,61.27478250028748,61.88827555100331,62.562606911318866,65.04897028004261,66.61514258925213,67.76803362096507,69.1040272528302,70.4633583051485,71.84811865516528,73.25027740733464,74.66422830368981,76.18989956597132,77.70910447958798,78.99726912226119,80.05083328311136,81.53105464657918,84.78892330855369,88.38700119228555,90.2995931503459,93.2898215229697,95.47930154561813,96.18439844661201,96.6075498816841,98.12471225992704,98.51733248966778,98.32887415368565,98.0878087443948,97.84788071751686,97.59791040891355,97.37363853745305,97.34548771108156,97.90075081226797,98.5032905753422,99.15441007119199,99.81862885485937,100.45398529188236,101.02543763863406,101.48172834530607,101.09899701093104,101.12980949286032,101.08265009526697,100.94662204884045,100.81946303656989,101.4287687640791,101.38049890979848,101.18284222036633,100.90451532881949,100.55874505159191,100.14085835442066,99.63462197090676,99.1257415502895,99.22346892706169,99.35045726080044,99.53716444418261,99.79312932434173,100.11195273052547,101.24383800452416,102.04521860436918,102.03365004391071,102.31368256310009,102.33924658086603,102.28451945316168,102.20146321542127,102.62258422274054,102.47318379388071,102.28246304150841,102.0124335513444,101.60645854061264,101.11190293498706,100.59136786056438,100.10303500553837,100.19276876753224,100.31633158954935,100.49845833018256,100.74457409253182,101.04204043305822,101.79150673804801,102.64082186653552,102.91452467984253,103.47996801561746,103.77657103612061,103.89573123859168,103.97684240184067,104.35306105847837,104.19813671790307,103.97526850797664,103.63825895031646,103.19406721323413,102.68243231652573,102.16008816407387,101.67724118654792,101.75927874971603,101.84859301474432,101.95296046061056,102.06809031668719,102.18531418594696,102.40303647635244,102.5738804085143,102.2418007132633,102.24286740086539,101.9569667372452,101.40969526800012,100.80612741765206,100.88201940059791,100.84750707219042,100.69200899370357,100.46994613597212,100.21303489229908,99.9449802587193,99.68686833552546,99.45616034311361,99.5857158146894,99.69386969900738,99.79260491762501,99.88538186453344,99.97130922913966,100.08764947387395,100.18138718346944,99.54032667448215,98.92887605611028,98.35676280495443,97.68893019414982,97.0123496468992,97.03946780657013,97.0524948289545,97.04875302636346,97.03644016163074,97.01789783389734,96.99458384315903,96.96863890422576,96.94297538920392,96.95205065738536,96.9612411883786,96.97257661315662,96.9863191248335,97.00162701307804,97.02651310804947,97.0604810435736,96.38396653201977,95.74751539565553,95.15275240231132,94.48118236950206,93.80359961657985,93.82678902225891,93.83839052749082,93.83673182165336,93.82741775464504,93.81258572104458,93.79362768108655,93.772429007735
-E28,0.0,0.0,0.0,0.0,0.1552308410218391,0.4305713531205126,0.7739604474258603,1.15280283018408,1.6877216621024207,2.2852524594316117,3.085721409004789,4.66332267486283,6.4555292715887695,8.404546973684022,10.994249483881996,13.897620754481139,17.119650864246747,20.399485066563216,23.138842632138697,25.342301620841706,26.886499018160553,28.430458925645677,29.974414698590394,31.518370399555504,32.97242753889012,34.43678121952701,32.83145706705856,32.823073409405715,33.912886020008784,33.85998824709722,33.74604156837113,36.76092768452021,39.08625940934456,40.79977608376552,42.6286150592087,44.2565364255847,45.53395312454782,46.78226051213758,48.08594356699835,49.54952739903047,51.028606798100974,52.527872514374536,54.0412835042956,55.564423499787026,57.004321843692225,58.45905685623811,56.87706307356529,56.121070764880926,55.92935267372101,55.4239515683334,55.01185017755321,58.13645910010998,61.25578764529786,63.63288524531728,65.88800217468213,67.79411952023607,69.5245178266213,71.14971737816792,72.70971519159113,74.34740338594813,75.94465009145459,77.52407465616754,79.09184181601631,80.65183210363011,82.11670871225081,83.5883729087853,81.68208264362497,80.84774907394886,81.16732035839158,80.76396891517902,81.9310532809021,85.45765073501659,88.7866392857242,91.27019804816055,93.49070485105032,95.13797776767572,96.27225350517116,96.9151581228495,97.21822900135386,98.27350192719621,99.30667476837398,100.37909518603284,101.51586818972578,102.71462554006402,103.65919189734343,104.43093541837594,104.03188521704597,103.8995971350514,104.10409016839915,104.223418636031,104.33329618241099,104.596376989024,104.6075838486329,104.53025259868447,104.40449237498702,104.22284265393006,104.01757853596762,103.8292195939546,103.69028128426316,103.99076346163969,104.30364908673089,104.63511927179185,104.97983736020541,105.30935814316172,105.50624709519957,105.63097817418017,104.08755650256973,103.72729539563937,103.74190963391173,103.93123567199707,104.16078553775618,104.57838152574554,104.8025718980674,104.79159171545717,104.61691721740324,104.32660957680962,103.96011491811632,103.558569603563,103.1533850487115,103.14114590955636,103.14190409771666,103.17318858769758,103.23646732280261,103.32364866959495,103.41340279337813,103.4985291802364,102.29769377284664,101.44032905995526,101.26514666593683,101.40235406618878,101.68797597840029,102.22552815073942,102.56833471696594,102.68337687402237,102.66651913406292,102.55560226201159,102.37094672428489,102.13499719159465,101.87630408051221,101.86956500681637,101.8674986509179,101.88812960029945,101.93555037631319,102.00468761123531,102.07583721261358,102.14297028547588,101.42739141774818,100.96330142826035,100.67621713831008,100.44736786143976,100.29633317421984,100.93876916668815,101.37107674688733,101.65513746039773,101.84122778557912,101.95917166293732,102.0300479031795,102.07862829427586,102.14080449967669,102.26425644548848,102.40926698211435,102.60325158964596,102.85298073083946,103.148351501581,103.46998224388753,103.79537235213974,103.08341735113973,102.65631355909255,102.4176996000645,102.13924773723498,101.940527644059,102.85461043613176,103.47123850139815,103.88138674039165,104.17126076300998,104.36236015657363,104.4868055780502,104.57296126047959,104.64843137735237,104.74303051420692,104.87924062402014,105.07238281376941,105.32401118183839,105.62188254565467,105.86590269424195,106.03312064885415,105.14467165688997,104.53239807939208,104.11066850008785,103.81631980959503,103.61443295738954,104.50617057464922,105.10965265631475,105.51435606032548,105.78574562299639,105.96752588238581,106.08924597140467,106.17120181779684,106.22727962790738,106.26986316049407
-E29,0.0,0.0,0.0,0.0,0.0,0.0,0.0,0.0,0.0,0.0,0.0,0.0,0.0,0.0794488794356774,0.41810730935047324,1.0875387120948232,1.7694778854243176,2.5020682797362026,3.403632993613368,4.966349978930404,7.322322627964938,9.813052278851556,12.671332151225172,15.628875020012579,18.928100372345757,21.902567468225886,24.503018069311157,25.931626934379935,27.361395656308677,28.79118457057569,30.220973836377915,31.650763108300136,33.22556465236149,34.78375720018255,33.22093526992461,32.667949375533226,33.340542477740996,33.45720007707907,33.63829015386012,36.886919854606845,39.105198583066965,40.30156982129123,41.772283955099475,43.16817778916237,44.235035807631846,45.42177918261573,46.6897636620643,48.002670912223515,49.354039737799475,50.73070455563162,52.12449671233917,53.52989419315088,55.0881677579233,56.635160878111584,55.06718625528797,54.67440587336799,55.32945300108297,55.41671096084981,55.50941881579652,58.6739877707634,61.19225178739484,62.72884826101684,64.00968921523996,65.2722470343904,66.59123626051509,67.94882479235282,69.33257466194038,70.72392502281357,72.12844722705563,73.54112899574432,74.95932638842288,76.38126095881705,77.95074012439508,79.50532620637924,77.98963303381953,77.32715180358915,77.22420735421639,76.64381476680899,76.42732728495685,79.57037786069978,82.28734876166125,84.04657665529488,85.59448239083454,86.74200279957228,87.68680428806995,88.47326368528059,89.19063950895651,90.5234037567729,92.00150025751871,93.68197475271747,95.58132079400312,97.68692215894214,99.8896587885329,101.79136070944084,102.38551218945977,102.30445646215932,101.74943021991623,100.81181808115653,99.94506108887263,100.79500156406931,101.2418934263861,101.19204685693877,101.12202051330935,101.02265286506056,100.91248526629998,100.8436712595834,100.85676477042678,101.09306973844042,101.34394576980613,101.60196283810625,101.84907977712992,102.07026073805334,102.2575291747765,102.40935545415887,101.91862637358855,101.46480469019885,101.06532876264704,100.71353492218503,100.42277021762523,100.89869418172961,101.15231096760883,101.09601154603736,101.03548703428866,100.95955405123503,100.87540169445822,100.81436109808148,100.80267749358748,100.91867293326146,101.05285091888871,101.19740425752435,101.33941967202693,101.46845040841977,101.57872870199569,101.66868469930291,101.13670775314918,100.65384809801064,100.23777910737867,99.86631029424376,99.5579407356779,100.0236755066222,100.26966827919881,100.20601808294882,100.14005661802497,100.04731811958435,99.88973167300789,99.66745140801874,99.41668799298915,99.34160983101707,99.30035335162717,99.30477793397124,99.35684356954329,99.45256423008918,99.58926662863567,99.75673817769993,99.2741166992904,99.03080885843175,98.99968744328721,98.85556603903099,98.74010448075927,98.85189074712288,98.91322848098254,98.92928428866291,98.94487747162586,98.93571927903545,98.9072332936816,98.86883038688335,98.82996886642893,98.85498905438317,98.89018472021989,98.94173346559883,99.01493235928521,99.11176869331855,99.21318152655256,99.28863898574491,98.80697662916879,98.42352371981345,98.10832734710617,97.84324719024289,97.63017833415792,97.6371526610521,97.64125905636801,97.64323297914058,97.6444373077762,97.64518734633458,97.64576643169336,97.64641251522424,97.64724510709638,97.64903601349124,97.65049224939514,97.65173829437036,97.65279998444524,97.65368147544353,97.65439167328286,97.65494848138636,97.57391248344993,97.51906582164017,97.48034868810974,97.45231272070355,97.43182769002136,97.43211657621215
-E3,0.0,0.0,0.0,0.0,0.1380052588170068,0.4528364108395044,0.9754859654594347,1.4674589445784547,2.0177097253995,2.881908768894052,4.286114831406823,5.952749346740756,7.462905394674856,9.01117254216965,12.41999936252019,16.634914661157094,20.90696215753324,25.476482288415042,28.665527317095833,31.03457462182864,33.09223091416723,34.89762914475395,36.55858076488289,38.11922699845752,39.61186361844807,41.05841590508258,42.54401402764683,44.00040393813295,45.16974703892797,43.19912327877262,41.88962972373176,43.00649944858036,43.810512384258836,44.57867115927615,48.52900972933033,51.27286600576364,53.05888383564438,54.768154874990735,56.387323156453,57.944774158694926,59.460393728203336,60.859370234937,62.24925299569159,63.62629712205098,64.99452549978204,66.3567782659105,67.78525468252907,69.2029386870662,70.6186234190053,68.977490388125,67.83989565962601,68.8175867067415,69.65805342988726,70.27548401192483,74.07366200123853,76.64872437577577,78.2566323699604,79.78129232534964,81.2114443088825,82.40408032558786,83.47165461447922,84.1127955957936,84.73375077436873,85.29002597631619,85.91859327390654,86.7152749124882,88.14578150517968,89.44341957673434,90.48210815633644,88.36726868896878,86.71517135966951,89.59849073759688,92.3959833683879,94.11517857333223,97.88143359153156,99.71663640121527,100.19952822727764,100.35546232302,100.29816086839057,100.15176495760285,100.02277371857994,99.74285925170041,99.61992247639165,99.63756719721393,99.76261307488892,99.95829109026798,100.31072977167203,100.62252532842801,100.87602620820618,98.23665390250359,96.54683178059972,98.14921584787136,98.516050173043,99.28016795638692,101.2136989250694,102.51771660341643,102.93713889841293,103.16046892613542,103.26495541438048,103.30792345934469,103.33953322140114,103.27301807312224,103.27447618005058,103.33880749742299,103.45225136688859,103.59845507845561,103.8614225821917,104.08481730757191,104.26409981190245,102.89895937668388,102.22501165681587,102.84944129906918,103.30709911592373,103.64821733485967,104.34993262525208,104.83997545555421,104.86895759763199,104.8565108105612,104.82743308379008,104.80510703196505,104.78965710719115,104.72620196352752,104.71546943303647,104.75687603511817,104.8416693226279,104.95762563169689,105.1905869057091,105.38725929289737,105.54403878317677,105.18814003647647,105.08457728284817,105.42534029815536,105.58998896056802,105.69438957122392,105.84413382998011,105.930862111645,105.93932939740132,105.9363269489669,105.93312678763954,105.93820517325234,105.9570100097252,105.9678821233009,105.99705640327949,106.03880268581571,106.08705733802086,106.13663222044006,106.2076756586496,106.25736086580682,106.2938136929434,105.12831297626853,104.55174220089955,104.95988614046469,104.97231983982209,105.06533147604372,105.31789203797697,105.4097922055105,105.43931937097918,105.44218825522935,105.44924951748125,105.48092339139026,105.54329742515144,105.57530021905326,105.63432275125739,105.71459526519662,105.79288135828244,105.87080673947216,106.01098535340768,106.11241277275897,106.18081147435237,106.17596646616579,106.1899145633994,106.26368914422913,106.29988527346998,106.32248580337694,106.34263101030251,106.35453559709656,106.35898031227775,106.36174964484017,106.3639344880243,106.36622186749564,106.36898438515713,106.37068674842769,106.37333643661695,106.37655783917425,106.37999296040425,106.3833563312007,106.38798376185673,106.39115864742016,106.39344937650395,106.39276106186854,106.39212317254356,106.39183336166778,106.39057577714436,106.38843960094414,106.38897762726246,106.38935453287283,106.3895446753551,106.38965802343692,106.38972298145849,106.38976392521099
-E30,0.0,0.0,0.0,0.0,0.0,0.0,0.0,0.0,0.0,0.0,0.0,0.0,0.0,0.1005754767161715,0.6561902016715816,1.3857846906430797,2.4010716048410057,3.864751036396395,5.624440343759455,7.916860769264165,10.809856681758983,14.291547871338574,18.235247581718653,22.336110509366307,25.12212343050875,26.63601005114903,28.14128923173206,29.646418562495416,31.151545284472853,32.656671961033055,34.90611287722384,37.070303681469895,37.14156639992586,38.259618960270515,39.50128342525233,39.53488806349843,39.97156676667578,41.911271266796,42.946553286716075,44.06538260603209,45.354253200130856,46.68424052606908,48.049162483481105,49.43787944225462,50.84272213704783,52.33364284105041,53.82336022082842,55.31794481052546,56.81592637201994,58.31621145806539,60.562371692350084,62.72433949286707,63.35063232381327,64.9897288708991,66.56646064848185,67.16787669608149,67.84161527542987,70.01538890075093,71.1643518978199,72.37712691887606,73.72965551191439,75.10277776317574,76.49692812571554,77.77894204530719,78.77697647657666,79.76013590170646,81.2175125299651,83.04435250694353,85.15286200646436,87.4715804145716,91.76233963887128,95.6615206957058,96.7899679482411,97.58216006426969,97.65624768631463,97.29380468201332,96.78773147014367,97.66972332361617,97.40373741454023,97.1031659927754,96.80304671900903,96.55002893059836,96.43673821981045,96.52507226778262,96.81505139496394,97.58623324481874,98.26406551869908,98.86220964076387,99.37474577704322,99.79827004799857,100.13680872572134,100.40015871914038,99.1544138998227,98.73684176632122,98.2086855063744,97.55835311300355,96.87714873110164,97.4276192506835,97.56800199733543,97.37474109238788,97.20208618604863,97.07876298589352,96.87746941572483,96.61611140591887,96.38368733600626,96.42010388293286,96.47344308539098,96.59346408475362,96.7973623071286,97.07996116922342,97.46316807007254,97.91925314222323,97.07662695353852,96.68677981905792,96.46344763953435,95.87114204138835,95.26530798696834,95.84521807751526,96.1161445040423,96.00217281648334,95.86904426436654,95.70965405380694,95.53651465440177,95.32580547872851,95.12616630304957,95.0851072363249,95.04021852578025,95.01006108104484,94.9960489030972,94.99533564200047,95.04684892957826,95.14804354872673,94.39480554701282,94.17514562213977,94.36143635583858,94.34629759053452,94.36182400348514,94.56700246497203,94.69392324910662,94.75351682584501,94.7744431100984,94.7529907890096,94.69823686441912,94.62443812690778,94.54530893787282,94.57007576492501,94.59129014516245,94.61221235032247,94.63324638103192,94.65524557369392,94.72269141340985,94.83360062320203,94.78916156029555,95.00935824615728,95.08857703543602,95.07322757056806,95.04317689318069,95.210331775181,95.17156563035932,95.09112866492178,94.9791357322766,94.85121033150041,94.6811029998545,94.49847762139639,94.32538347956401,94.4230683428576,94.50141158373975,94.56879224569327,94.62818410405406,94.68181846052958,94.78430972388774,94.91977123266497,94.92204904112265,95.14071143057441,95.30971056336885,95.39119327514142,95.44906941030243,95.51862863728394,95.55511006936528,95.5703396532774,95.57352310828695,95.56953456519878,95.56292525264651,95.55716451787723,95.55417500205857,95.60465826507038,95.64594925828659,95.68029570722967,95.70892599496575,95.73259804079548,95.75566328840318,95.77261551896027,95.75022281331222,95.74204126969462,95.74025174270673,95.73273834812787,95.72476632769288,95.74350215794217,95.75431599400574,95.75115909349567
-E31,0.0,0.0,0.0,0.0,0.0,0.0,0.0,0.0,0.0,0.08347418446512021,0.3781670178671578,1.2120393167427101,2.6027424597509237,3.352165967754668,4.298307623130274,5.928642024672779,8.523028264449731,11.55781771144094,14.731642774813476,17.844352270226697,20.712457540444674,23.16383073727538,24.808529990521887,26.317736365465453,27.808432198388452,29.29828135990001,30.788083522605564,32.277882882727546,34.45881355634404,36.56058540025778,36.12018578965471,36.95148811541558,38.80226786506873,39.74609746438456,39.904741933869005,42.44169128009776,44.4310873295405,46.030690961314605,47.61876994614375,49.13009668288849,50.611944544229125,52.07798184992077,53.53459944027749,55.04305320985085,56.54097998808136,58.036188072642716,59.529644218368354,61.02191915422246,63.204526689418884,65.30743455857363,64.86780464936984,65.18812044204836,66.04296639059659,66.05418158475165,66.17111401093544,69.22124496854161,72.26604108242013,74.8062801880893,77.04812606813114,79.00775292948526,80.79508804732657,82.46868065992399,83.77602015545531,84.76046012834873,86.17601046467942,87.97485696388851,90.04715257529159,92.31435186611854,96.69541326915345,101.05078501024079,101.14624357313747,100.65447456056721,100.47738802592394,101.12020178036161,102.06046360337078,103.33902643170633,104.1982771315493,104.63917363627999,104.87376209127997,104.99673653633407,105.06063866066377,105.1072704205294,105.16682785682754,105.32333824790004,105.47592668016281,105.62737244972568,105.77161176450815,105.90181521872842,106.01363319392331,106.1057196424498,105.6510432851383,105.37272807157747,105.31904864084909,105.30926780112604,105.29978315636902,105.4900802972495,105.52690315584351,105.48560183972793,105.43015713432906,105.3718299936952,105.32569793195323,105.27563885385541,105.26191416900154,105.35634772147296,105.48044867288115,105.63403681041291,105.75556889193481,105.84990994203156,105.92326310751994,105.97970811304094,105.2965872261755,104.95167672616026,104.65373776435361,104.3734224503518,104.3220441603179,104.78158191313388,105.07048569410756,105.10999227847276,105.05649982168099,104.96912419944657,104.85699804146326,104.71043777434474,104.56386767457295,104.52959326991572,104.4765413249674,104.43204130069573,104.40784962256294,104.40632772880697,104.61636494382097,104.99208693489784,104.70340681077325,104.39686794698095,104.17752563986551,103.89129493063453,103.59383355089662,104.35485835971542,104.86349893796441,105.05847426657135,105.1062031917585,105.06787037038119,104.95676745517231,104.7752578430744,104.55798779010861,104.5392327709769,104.52160540280823,104.51894054842708,104.5339567151866,104.56521479396312,104.8007786776652,105.1834845876151,105.19973819911766,105.17493790655939,105.09362183062748,104.93136172120924,104.93004707580104,105.3680152040496,105.66666703711795,105.87044312532366,106.00977666545793,106.10507928506425,106.17030517980082,106.21613456144439,106.25120031070165,106.3049869681907,106.34482595566801,106.3686689796975,106.38152973894591,106.3887379640795,106.39293517477452,106.39546671657108,106.08446448969657,105.82037438397911,105.55448285087212,105.28371246952136,105.26683924572885,105.63133472529553,105.87806836670109,106.0446350169314,106.15717403424287,106.23325607901961,106.28476625758407,106.3197698262152,106.34371187439093,106.36064288556997,106.37237249907062,106.38057020764988,106.38633304498268,106.39039595307501,106.39326170141526,106.39528061789031,106.37490128556514,106.36536738888998,106.36297902010504,106.36442204687941,106.36781753263504,106.37784868613103,106.38457573571071,106.38889058020713,106.39169076451437,106.39352234810157
-E32,0.0,0.0,0.0,0.0,0.17442331322705018,0.5723349081443736,1.6149832931241181,2.8012236127998107,4.31868556341887,6.097233498863859,8.380136687495046,9.982433142375932,11.348725699134775,15.422132769271142,19.889073992231587,23.793770090664445,26.392872841810533,27.83121393755678,29.269942585641054,30.708677980754363,32.14741349332897,33.64550108345396,35.136790777235035,36.627962124151715,38.119131410728016,39.61030066143517,41.796963046092095,43.469566511783555,42.47055308521043,43.351497763025186,45.187818303429964,45.80561332424196,46.17939644791396,49.65738132297966,52.65029580392376,55.06056252761256,56.83343813262835,58.49778947499536,60.078904439285765,61.60982467846297,63.10933959391273,64.64795095354143,66.16644080560681,67.67594161404452,69.17949124672204,70.67903388286686,72.87136399861119,74.9822060855123,74.33126615363938,74.48260773303704,75.11329612680163,75.3391162412097,75.32078961862885,78.11923400939827,81.20591837129965,84.19437743540846,86.58751289303947,88.81767891871924,90.92107996104828,92.9340108620835,94.89866684607561,97.20456800755952,99.0135733342885,100.53892000562361,101.93334675526856,103.26418092276427,104.69065528842455,105.41600474407073,103.04323245556184,101.30436994029301,101.15046138480545,101.77434783429646,102.50087753798088,103.57524352560536,104.30003955347922,104.60685617531418,104.71865046497075,104.73725487662905,104.71785673493699,104.70522998383039,104.73228228846845,104.90596338444799,105.09138364876361,105.28758633025598,105.48260394379245,105.6640177243973,105.82337991847348,105.95698819584388,105.68977494667081,105.45553587665968,105.34601495326199,105.14552494419426,104.92887631589022,104.99510805882264,105.01625944690589,105.0062353691498,104.99183199700357,104.97970258604897,104.9764604320733,104.98635588159529,105.0095586601625,105.06682855730399,105.11655738915525,105.16024241997813,105.1976704583525,105.22865744482317,105.2534919015462,105.27286254603614,104.94941177134163,104.68992339047853,104.4644138926196,104.22143629564289,103.96928289870195,103.99281930964666,103.99266943438055,103.97783068347302,103.96349380803073,103.9531298376973,103.94911439488138,103.94782968056126,103.96045851894343,103.99975721854295,104.03186257872107,104.05902648301566,104.08179927359747,104.10041609088444,104.11522461044846,104.12672256915465,103.56324999568355,103.37371254766558,103.3722844791452,103.63145511582628,103.89815115870532,104.23625487838665,104.22941741476518,104.03355126558289,103.70035602486352,103.29551856167352,102.86733562949894,102.47138077723149,102.148595301304,102.09958639119031,102.0418622414083,102.00108264856796,101.97985851960408,101.9733346214213,101.97690286243393,101.98580736315884,101.5149950881853,101.0791016614776,100.85482093706298,100.84098274531817,100.94347654857488,101.28980726117366,101.51965184600242,101.66733216945234,101.76020114470843,101.81805568902395,101.8537802178301,101.8760223195516,101.89054024421297,101.90977431394919,101.92168308019632,101.93018662646921,101.93713290623802,101.94331354496333,101.94960851632584,101.95593252401147,101.92203805867287,101.89518203087461,101.87576864767524,101.85973906687833,101.84595160727342,101.84886274308454,101.85081756618925,101.85205067155742,101.85233068728222,101.85243695380338,101.85246507387723,101.85717440760699,101.87366338420303,101.90888199320767,101.97443745366593,102.07440892508993,102.20626947320751,102.36125378748777,102.52753379583663,102.69331830786219,102.79541386560724,102.8914933613454,102.97679739501014,103.2245624358207,103.36771221721797,103.47373203711805,103.54353616477971,103.59084341577353,103.60273367936948,103.61100293495846,103.61679151516546,103.62626539140513
-E33,0.0,0.0,0.0,0.0,0.0,0.0,0.0,0.0,0.1611944822442395,0.44770461694530495,0.7003933912367841,0.951985074976894,1.2981282781404726,1.867377085692973,2.7397268190986406,3.9487806482053798,3.5649837303630645,4.041116609767508,4.652030706167435,5.383816478928605,5.973472956750074,8.024183754077248,10.167450885637823,12.465999685400622,15.12438314078921,17.983845123237213,20.89664116246263,23.372588733282054,25.308928771177882,26.631594768896797,27.915870843814016,29.192219324145675,30.467419476123325,31.742459024893957,33.312990332603064,34.84967178509989,34.15804625631734,34.34930468528116,35.48603915525684,36.68410480729928,37.87420303982591,40.71926132271115,43.00737941288635,44.537427543360025,45.84483711727296,47.18872679364783,48.56149295963152,49.95518350066269,51.363328624689046,52.595998503719954,53.85657885778895,55.12206019171387,56.3906188993038,57.66125868198601,59.22882267651971,60.763495411630124,60.07050903842327,60.016692373659964,60.59404245667346,61.369674817071584,62.2120270300375,65.48721960648825,68.19469163991056,70.30650409857465,72.13385760774446,73.83135206107437,75.44397547700558,77.00024403389577,78.51856247238622,79.82588816861931,81.1370559927777,82.43681568134443,83.55743446994848,84.3321766580246,85.47708468456725,86.94024928395461,88.17148522088293,89.69823042925067,91.6052943824068,92.8298871943454,94.10788479082878,96.61294915539679,98.91248008336082,100.82376703884836,102.32060252009664,103.26377663508184,103.84340205528332,104.20586502552263,104.45873101631545,104.83181333240327,105.09398310175844,105.30976749009653,105.48726469357422,105.63313009147433,105.7987357257714,105.94705768348695,105.74549366837485,105.44777005413859,105.14953481001997,104.81793081327147,104.51176004299943,104.97939851013481,105.24602288792913,105.22714541864701,105.16589279471512,105.09062591864436,105.01275280869724,104.95859649536106,104.95119396786336,105.05794377138164,105.16792555606966,105.28774720926658,105.39556520798165,105.49510117569216,105.61775731592448,105.72999744630323,105.54158889622319,105.32245827569385,105.06203531428508,104.76247479511562,104.46083196096866,104.73117162762163,104.89593997096875,104.8925957331936,104.86493123964497,104.82865111067143,104.78840873101959,104.75829075386592,104.73294778160903,104.75497738752489,104.79085720899559,104.84217243093399,104.90432920423112,104.97141753306103,105.0440717281084,105.12434789398414,104.92615868112189,104.71242876948017,104.47983465854345,104.22977683514216,103.98177111021758,104.07728536230924,104.13196472754024,104.13110395435734,104.12148185775965,104.10887883190051,104.09574622704146,104.08722333367307,104.08208877903623,104.09674827093771,104.11397084808218,104.13486942663123,104.15837856342831,104.18268847919148,104.20675686367704,104.22969325188555,103.96929744131572,103.68220307796966,103.38958864298898,103.10484329477617,102.84244874641367,103.03062953536231,103.13218009710768,103.12068455592971,103.09265485029684,103.05368551178097,102.9998778363274,102.9401880972927,102.88604315121927,102.91182360225753,102.95301431477803,103.00693125350789,103.06812719146049,103.1309753603683,103.1917080589404,103.24796248704783,103.27083397167193,103.29426507217013,103.31614171971363,103.32412854080515,103.33011587929182,103.35222464115523,103.36533488614228,103.37103135448709,103.37414046987276,103.37593766739741,103.37714833558206,103.37776375113499,103.3780735961002,103.38157316048432,103.38476605819518,103.38788398423564,103.39091452227957,103.39376757750989,103.39645080339017,103.39897128628458,103.38625766576702,103.37443958695928,103.36297705593036,103.35160754572573
-E34,0.0,0.0,0.0,0.0,0.0,0.0,0.0,0.0,0.0,0.0040755090088006,0.0183293823229061,0.044223963774596996,0.0410345902072524,0.04329311108076913,0.0795267960556245,0.28289454867407016,0.8221290224193611,1.5028047343870197,2.2810717839175494,3.2124887085758473,4.66943531202526,6.80994746627916,9.581857106300777,12.504623894504784,15.60391706120271,18.999330227702615,22.343025927912457,24.664618233561384,26.143881280134835,27.623053062674046,29.102223256366976,30.581393422399152,32.65227593300146,34.65538660623535,34.85776460818418,35.85213193637209,37.32694823086438,37.66110925945149,38.00583363945674,40.20707555237939,41.608465716622376,42.51911119210385,43.774587008956274,45.070360231193135,46.41189687066492,47.78476432912255,49.178867275330276,50.633129352344874,52.09189946966141,53.55718515794911,55.026946076318495,56.49974047818611,58.566302744424846,60.56648600207696,60.79043609318589,61.904086147991,63.59985716187981,64.30661215682404,65.07081695879499,67.55630538865505,69.15030189416451,70.19145824492236,71.53536877465736,72.89106572682144,74.27320693537409,75.67358821902663,77.08633464782737,78.55322962632816,80.02055985032885,81.15204025656826,81.95135772400656,83.24479252959603,86.54098433079206,90.12214616076767,92.31164251622232,95.09837387290949,97.51741129781459,98.53858956023768,98.80580377810162,99.92851555785242,100.20042902926401,100.10611130732114,99.95954299783692,99.81741494304272,99.74658386562051,99.80060212011884,99.992827251101,100.53396834309277,101.02377047273013,101.46367253573995,101.8472552711207,102.14255992461015,102.41729970643362,102.6284229966664,102.12913117925518,101.67133802746258,101.18086484844645,100.6201892144335,100.03804123169043,100.29789589294896,100.44302165115475,100.4195787876585,100.39575574391736,100.37266496791308,100.35206613816361,100.34445042151353,100.35850803359486,100.43489237740266,100.51094567463593,100.58630547752082,100.65326835218977,100.7101779378099,100.7681146241415,100.81314336378001,100.21822837394564,99.68565842649998,99.15066085231402,98.5882313641717,98.01724191332754,98.13369494046111,98.18716268251447,98.16384699687688,98.1409264135053,98.11331325775872,98.0863958248229,98.06847307576564,98.06626554788663,98.08500720893969,98.09487590207998,98.10406254770277,98.11517918577925,98.12965631339517,98.16299284526077,98.21628925747545,97.70308319293288,97.20578346191346,96.72666598770196,96.37492674931892,96.11933095104202,96.18540399785324,96.21529321812329,96.20332656749802,96.18995120202229,96.1759466201532,96.16335161304376,96.15600302667988,96.15704586679706,96.1686360117236,96.17487095249636,96.18028176558609,96.1863432062756,96.19393250566092,96.21241077245375,96.24223417294594,96.07586042594193,95.97160548176834,95.90156334554494,95.8472250400463,95.80719674172023,95.82110738124776,95.82484480776812,95.8231895079047,95.81952322453441,95.81435782224759,95.80884255616445,95.80416403417162,95.80116481904082,95.81068963938479,95.82049341405869,95.82904459910738,95.83629485331623,95.84506840192222,95.8555429893291,95.86312670565988,95.80691667599696,95.78834349461947,95.76699987970038,95.74519393325126,95.72444840056737,95.7376780986487,95.73138304963179,95.71834639041158,95.70281571767532,95.68623525363034,95.67093564105078,95.65907533018532,95.65195448378104,95.67266007263672,95.68802636906277,95.70115522411679,95.71512212402249,95.73388630989987,95.76344605058219,95.78366892729893,95.77626042634137,95.77219193864666,95.76892490630078,95.76489363415638,95.76166936836393,95.76409331148275
-E35,0.0,0.0,0.0,0.0,0.0,0.0,0.0,0.0,0.0,0.0613956304450603,0.4057181023780279,1.128066311196742,2.371051435965279,3.96090297566904,5.715681340193948,6.811280870032205,8.172403717508697,11.834354850970577,16.174398821389183,20.16633123806946,22.994220478209282,24.98587678937546,26.46314984588834,27.904570784404115,29.343493418381016,30.86161837021141,32.37063980786728,33.87950212537089,35.38836162852135,36.89722107959762,39.197535991638134,41.40720146679751,40.59402677040563,41.25803656480427,43.28899882373829,44.696287199953716,45.51915784852049,48.553855480984026,50.9749758051512,52.8696714185324,54.3690280590476,55.83932789909777,57.2912958832114,58.736350253638335,60.17853566729385,61.69872438659588,63.20907036627455,64.71880509967217,66.22824775005914,67.73749982439027,70.03807998878297,72.24792495201436,71.88158688899345,72.2404607087547,73.31377254414203,73.85133424798586,74.46885984004078,77.97503881617715,80.74370784728059,82.65493005249735,84.1826568681732,85.80119102754263,87.45943699049705,89.13909375664291,90.8514639796096,93.21959975209548,95.65910023780253,98.17717638760172,100.48002246065677,102.31750570189035,104.21425377571465,105.16816292829797,103.09376627901574,101.52000384508965,100.54520597362585,99.58706493084051,98.62023167030428,100.55080871057469,102.21263112005994,103.08574353170351,103.5657089296333,103.82963257949311,103.97646465816877,104.08403261563676,104.20796133420397,104.4897777920187,104.76515322251805,105.03704574218958,105.29440864940374,105.52548834032628,105.72308129979763,105.88524640534479,105.3761607225324,105.01672869175276,104.95953237325118,104.82077940466955,104.59548301223093,104.7299389793261,104.76645944590345,104.72473180760873,104.67049861399127,104.62360317554669,104.59296114704705,104.58052870135788,104.60037867051578,104.70941785551688,104.81305011592067,104.91362052180335,105.00809482787615,105.09345925844761,105.1696530034322,105.2364333040822,104.90192572743518,104.61889089823073,104.36014463683493,104.07520005468687,103.77665348977023,103.808193531791,103.81652130843787,103.80783685526482,103.79739534640376,103.78463834274586,103.77398944056067,103.76698029641915,103.76365621398025,103.7860259505589,103.82185975007074,103.85215260754418,103.87802727914332,103.90045577877942,103.9223222729239,103.94282366808963,103.540534488912,103.1908081951429,102.84048367437498,102.5542621877847,102.29899699105458,102.37868585032845,102.391043498913,102.3599005682078,102.31751522537047,102.27138802800819,102.23261996826773,102.19014112280695,102.14909190211291,102.14910882678613,102.14543449750232,102.14369689274479,102.14492485649616,102.14980188762536,102.1639538584692,102.19207520830092,102.12843822965112,102.13726994215189,102.1864342919636,102.26833980028564,102.3715180724948,102.47104406260237,102.5150091868044,102.5206424250325,102.51322010229484,102.49993635917808,102.48778744519974,102.48346363090789,102.48069777302285,102.49437624747712,102.5015230517613,102.50687012526505,102.51192597354643,102.51709421670002,102.52415223094816,102.53196139053419,102.52657805161894,102.53286246843012,102.54699718927003,102.55586497416274,102.56252450833314,102.57112995173225,102.57648096646143,102.57881519184262,102.57917682200275,102.5782669948619,102.57672474461818,102.57514031165715,102.57392199995435,102.57514345755854,102.57585514031173,102.57648424165436,102.57718852288953,102.57800434146438,102.57898472446793,102.58001507250104,102.53740274458656,102.53105727437368,102.54869400985228,102.56041758067857,102.56642661846281,102.57406708782597,102.57185661633845,102.56186953832467
-E36,0.0,0.0,0.0,0.0,0.17442331322705018,0.5723349081443736,1.1626004428370733,1.9373273772060289,3.6655170579695007,5.765771854764206,7.667263550532735,9.823800424214243,12.486012598454304,14.10807424787506,15.660854505686267,20.125005635005767,24.27438006963954,27.256804829919147,28.965064664976587,30.444769128195414,31.88995853817181,33.32971484768231,34.768611890418,36.25803007226888,37.74162472087685,39.22511495537427,40.70860289256386,42.19209071387543,44.305292000457726,46.01132059732438,45.6409150733877,46.50430160032792,48.063932271047015,48.31912263783069,48.692482636909915,51.589041989976934,54.14478500352692,56.231953277279814,58.16337022707621,59.92703633710599,61.58554599258001,63.17315768619599,64.71276605411975,66.2705096063107,67.80041494593468,69.31528757741988,70.82004068686322,72.31793792963474,74.55937008945334,76.7119614804102,76.64414876673341,77.25843678526533,78.41586209639593,78.21220244743934,78.26896224696459,80.6850601890841,83.24999485469462,85.61468771361676,87.98856912168611,90.2977522837541,92.54899032057223,94.7573368434879,96.94268683876633,99.17946986088126,100.85638080051362,102.27187398638767,103.56321275908176,104.69424381035161,105.52029256364601,105.92632430064418,105.45594884741567,105.28723215949483,105.33402846581915,105.40731354721426,105.48022540469015,105.71379041501586,105.86767089233176,105.87872159882232,105.85958316858529,105.8320720652885,105.8056704049857,105.79271953254337,105.80241086656444,105.87494916676033,105.94982859830873,106.02566637191947,106.09787183024456,106.16244911388078,106.21722259828796,106.26175781696946,105.9382008809362,105.74410386523103,105.71216720474439,105.70765262700293,105.70819939227509,105.86856708185024,105.94963979331621,105.93155894653043,105.89515723706597,105.85621285798884,105.82363657103518,105.80826692155156,105.80318606385875,105.8547486676401,105.90997737487291,105.97043564037864,106.03262780368257,106.09249614370752,106.14607018822196,106.19335691593425,106.08134483608178,106.00352144758536,105.94365469997884,105.86263850074735,105.79693384148983,105.86339985649884,105.888230678374,105.87922280285198,105.864583971433,105.84996103143186,105.83590216108593,105.82826386473961,105.8306190293996,105.8613904376404,105.891831177124,105.9226470855968,105.95262300194024,105.9804195391927,106.00490679635378,106.02609035175722,105.92450823879028,105.83063503166706,105.75436971361691,105.68235169612353,105.60047107284907,105.61303042351409,105.6166302775205,105.6137364978986,105.60942231719991,105.60575323684435,105.60391255662971,105.60005023725486,105.59716463268587,105.60309691765278,105.61195749463182,105.62534592187721,105.63669994768158,105.64622968445033,105.65399106354825,105.66031797115551,105.43653459271036,105.31587097683743,105.19706254936264,105.06608164495185,104.93436809030786,105.16657517129217,105.25988509740841,105.20176031820156,105.10457856552516,104.98296769349832,104.84434498831419,104.70427134421836,104.57976544351612,104.54155308735557,104.50577000340591,104.481163801483,104.46787821361698,104.46304777933179,104.46344872808129,104.46654263334413,104.31211497219141,104.21582515774638,104.13088213561113,104.03764560479456,103.94548707608523,104.01503583317843,104.01530582651996,103.98704464960245,103.94675954160545,103.89717703534343,103.84331326273453,103.79215669592348,103.74955797979807,103.74261310407736,103.734829350969,103.72986770617945,103.72807393242519,103.72865053273958,103.7306241923167,103.73321926730152,103.58905167510953,103.49922113010537,103.41409888762857,103.3245297153524,103.23338584575062,103.2845395203654,103.27350910524602,103.24703840731712,103.21172101277347,103.16911804693446
-E37,0.0,0.0,0.0,0.3270488053519376,0.840948845127313,1.5382188568083124,2.2138275239660543,3.074383459913229,4.324721484002386,5.980571240548821,7.922694254488344,9.938465237532974,11.999218694421158,14.067330914023374,16.080460518010543,17.806027873120083,19.59082999880003,21.502280962900606,20.269008102456766,19.33977425852108,19.127609969604034,19.007392801118147,18.924112663505028,21.9249799336275,24.373951959774402,25.91309801686668,27.423562167119357,29.226762595471694,30.8763673402956,32.45736027428257,33.9924790659089,35.440517282448326,36.87391472561037,38.29315654024564,39.70273271382686,41.10575812519763,42.63877985577713,44.15339625916256,42.33252758583552,40.93884955208516,41.070817442464296,41.11664257292951,41.33991058048311,44.72386619040094,47.557402655120455,49.25791575497916,50.95888942941444,52.563851217788944,54.115018206453314,55.629934080789276,57.120289657308646,58.53799632209038,59.95084098269497,61.35615614629005,62.756295563099734,64.1529265887623,65.68161545694264,67.19329589471283,65.64806117399453,64.60960387641708,64.98541975899022,65.19518527908863,65.5295050787887,68.988708903124,71.8732338460049,73.60829695042997,75.33268185189922,76.95350718525822,78.51542337810216,80.03762295797856,81.53291400372089,82.68604765465506,83.56597907987762,84.25701243490145,85.21748099008585,86.49634006079944,87.75184839497874,89.16332001269355,87.85608984760731,87.31843210809667,88.35259070456547,88.86680643512796,89.57897039536117,93.06161882416586,95.71603580851483,97.0035902015575,97.55293120291962,97.684182080968,97.57280998052414,97.3183905563749,97.05221366277462,97.46543760892305,97.97766710483693,98.5824295795383,99.25678139331697,99.97549600627892,100.8107939307526,101.68157172936066,100.09486392935156,99.14373816939624,99.39650656324639,99.09161242030609,98.9249402151374,100.84866480899623,102.09462616639486,102.74698188532588,103.07624436264706,103.18650192970061,103.14907896510294,103.03249759505245,102.91393575642189,103.34758551569139,103.76308267262446,104.16317538684962,104.5386681144065,104.87950835250851,105.18298113800145,105.45017702681012,103.87475409106474,102.78469133428206,102.28030250333458,101.7812783996716,101.38376325406293,102.89123165365832,103.82443765409124,104.3829308537347,104.7367737325131,104.93396144054124,105.0210085290138,105.05018019335938,105.05824035712595,105.23658222356218,105.40336609043854,105.56041706693118,105.70524784681952,105.8348966283332,105.94825522327899,106.04588791841799,104.13684610176367,102.74157038596707,102.08823705716668,101.5113780188789,101.07406369193991,102.61791274070997,103.56383799090827,104.0766827981973,104.35728040001575,104.47069531964873,104.4802294394116,104.44334216878077,104.401909196088,104.6467014300681,104.8846297701161,105.11489867710628,105.33121019937064,105.5271926232857,105.69927834779817,105.84635923021618,104.15408518919887,102.9543967372121,102.3609650517286,101.8195105736181,101.42058525415682,102.89604608063749,103.79153450392657,104.33657790701314,104.65826884412155,104.82573669200477,104.89770070909677,104.922034083474,104.9314209414367,105.15431483724223,105.35260804237066,105.53110705789835,105.68991356657328,105.82815132602248,105.94581127243148,106.04381751181457,104.37728937957687,103.20790294658508,102.60191554133633,102.06047559845837,101.66056550734884,103.09112885666951,103.95055038021077,104.49882758280583,104.83237770686682,105.01828619165818,105.11310804230665,105.16056767525362,105.18940904872474,105.38899839167013,105.56150936584108,105.71249304003379,105.84361346032159,105.95553054744904,106.04922719916385,106.12622600093617,104.45915946532524,103.28737541326524
-E38,0.0,0.0,0.0,0.0,0.1380052588170068,0.4528364108395044,0.9523770374869109,1.6380324150023047,2.3935348510719847,2.864890878533702,3.716851863930723,4.830767045197807,6.215666501772892,7.40817546485975,8.591927022920185,9.634154118153742,7.617866950818525,5.9695228405698515,5.458309983647346,5.332298510263361,5.816426075437252,8.51463422470757,11.331328548850738,14.261597316889212,17.523063604478725,21.16933784925187,25.141965609288427,27.9146927675379,30.25734653324754,31.797602224011037,33.198915851330014,34.46744386254648,35.64532312690609,36.7617667121262,38.54806806867151,40.22467100493927,38.825185717944166,37.989234055699946,38.480601351339295,38.508314135913366,38.52238291908617,41.748429273331304,44.08540697508599,45.738481965299506,47.40161297504941,48.983882235599566,50.519728529174785,52.024264130704964,53.507586013450805,54.46555483976853,55.47230846154378,56.473480969003795,57.470199030036774,58.4638870290444,60.16700868889052,61.78724871609285,60.34957168706954,59.4143766803842,60.16954114750375,60.57434090984482,60.85955374504422,64.34188457664952,66.83771486648179,68.60109540073367,70.33896990673038,71.97188567176863,73.54205024781207,75.06984006053555,76.56891909367853,77.4123182287604,78.26436265844967,79.0381273456095,79.77872672496194,80.5054484691823,81.45438859556215,82.41713774639899,80.68040842263439,79.89876368907116,81.00283684718832,80.16158776868922,79.93727206719873,82.59560245134925,84.37810021616693,85.6675678888192,86.65631032928815,87.31196029013356,87.73178345222365,88.02515714378478,88.4828768348188,89.06149028398238,89.66905608096792,90.31569924530746,91.01450568333686,91.77678064513714,93.81574284133107,95.92654780132658,96.2305152185756,96.98681370185088,98.43175123724723,98.22409129005845,98.5689460714603,100.16131621403122,101.2018851767231,101.85779917720575,102.25291583044431,102.48686091458218,102.62613813959311,102.71590170406931,102.77434826409932,103.01491201927419,103.25572483195707,103.5025900407838,103.75464131052675,104.00917124234154,104.73310099301109,105.2432150039015,105.05260857602445,104.98611362041066,105.25175985196422,105.22575719403389,105.28985211621584,105.52243784444528,105.63884939226716,105.69562147936455,105.71224040262342,105.70596075073767,105.6848170954047,105.66292988411392,105.64842019659423,105.77538193605896,105.88408197673465,105.97861219523053,106.0603059836351,106.12985848388098,106.19003720870994,106.24140005697522,106.08861394086492,106.00817162355742,106.07151259913839,106.05800361495879,106.07486196343231,106.1515938337323,106.184011044326,106.19893686617642,106.20529451924867,106.20654733327989,106.20379343733802,106.19919568976607,106.19614493625456,106.22250860723064,106.24800188376119,106.272376734284,106.29490356335256,106.31501850356558,106.33355809300076,106.35018297623155,106.05877630889773,105.8840033626698,105.9529750216789,105.91072747283998,105.9244557598941,106.03597787660819,106.08010280780971,106.10060240875274,106.10597705162364,106.09660672173194,106.08205445383349,106.06937135599713,106.06212716638734,106.110166820591,106.15556377943648,106.19772993901282,106.23572163270552,106.26890879402491,106.2977140656866,106.32217656002236,106.1432125786798,106.0420680907862,106.09213421580337,106.07450650804651,106.08954085742614,106.1643505768633,106.19600760588577,106.21173732673691,106.21585351588779,106.21068656638835,106.2022633803408,106.19490133546547,106.19078889877565,106.22144361663153,106.2500932911355,106.27648260291801,106.3001178530123,106.32072985339092,106.33921858319698,106.35621401747218,106.21946456582343,106.14126107135479,106.17483658641655,106.15880722699193
-E39,0.0,0.0,0.0,0.0,0.1380052588170068,0.4528364108395044,0.9523770374869109,1.7244447540358174,2.051450621108797,2.602115470404101,3.50003206162471,4.849237269367892,6.400348926914414,7.776405049338232,5.298584614302735,4.125441237189164,4.82411746448477,5.3791269067919325,5.857012622590563,8.500551912084845,11.530821097994963,14.633995694085673,17.866817437091214,20.7411654429226,24.071152126002413,26.972846654763345,29.335729333806718,31.478293867772177,33.410608014608144,35.20854710420588,36.91577380706288,38.561571000102305,40.29042332974205,41.97679560005384,39.89573328967573,37.64306201111853,36.95167437703333,36.24162519128777,35.65635831016613,39.2516582555308,42.15396952061008,43.723918157424215,45.329692039451416,46.840342794866174,48.32433143885059,49.79323327060255,51.25233176154936,52.79311230529447,54.319337650117376,55.842375742591486,57.36337058537303,58.882982977524904,60.52633301878858,62.154768749870286,60.13027745770974,57.99378339778889,57.642178103217766,57.32974549995673,56.962697863908666,60.69775424788604,63.69348068609878,65.32652442460935,66.97501959613052,68.51461337345955,70.01821312169733,71.50040339144087,72.96850616307339,74.51538804171942,76.04574767598514,77.57158718013137,79.09448027112178,80.61537892416732,82.25960054117162,83.7591213046146,83.20175126507601,82.7337397381674,84.13596979708801,83.96662497716996,84.14390817673866,87.50720161019757,89.98232925666497,91.7648967331519,93.41492268410525,94.62359921779586,95.22239005166689,95.47466369905004,95.58530220305192,96.39837244703389,97.26904395705641,98.24094431078662,99.33032643007834,100.55314216634807,101.95348982014043,103.32693736110664,102.30805348105366,100.84783855561692,100.52891678285947,100.0781613320178,99.99290106968854,101.56667252040172,102.43943760842805,102.83683893096521,103.00205650591337,103.00959778669886,102.89288913752445,102.71759792200598,102.56257463335443,102.9959707332032,103.4304715591367,103.86318463015034,104.27806764468436,104.65913977397301,104.99843796123459,105.28986288234807,104.9705283778692,104.92180147471538,105.06511931579233,105.1719556768891,105.29990640235495,105.54616874650522,105.71975589295918,105.82313931863477,105.88170847823193,105.91085019164336,105.92103181403643,105.92131524349344,105.91858654325662,106.01245703872179,106.08594000668097,106.14574722434034,106.19543626029451,106.23722698924475,106.27361051179788,106.30618542870204,106.27692126367839,106.24656313248093,106.25645789710083,106.25242019834684,106.24751395335414,106.27479966750928,106.29289325684948,106.29398417811997,106.29057042065804,106.28638719295353,106.28370524004117,106.28443563273166,106.28519420226712,106.29684501757582,106.30767775693036,106.31888357701105,106.33032905577909,106.34185676420299,106.35497014963153,106.36828489724131,106.36038420627736,106.34920282325886,106.3485189936753,106.3469131191239,106.34582030118705,106.35572215744114,106.3621750171865,106.36241149112512,106.36099826101,106.35918681702996,106.3578132798314,106.35766487325729,106.3591519633781,106.36504222773131,106.37065297491966,106.37599826187659,106.38087564015514,106.38511044777012,106.38862789830878,106.3914455142604,106.36564800895006,106.34094189630542,106.33838415171446,106.33703846668217,106.33452939749995,106.34649431781983,106.35254207724113,106.35241170425414,106.35036152290769,106.34800778677327,106.3465721328127,106.3469617006682,106.3494787792078,106.35745252369048,106.36478605640121,106.37154156080697,106.37754245360071,106.38264752320538,106.386823548561,106.39013114689548,106.37472426133425,106.35876754389469,106.35419207466325,106.34964242390777,106.34938046678843,106.35941761860616
-E4,0.0,0.0,0.0,0.0,0.4322248036560422,1.4498713756241102,2.7792125016208282,4.319225185891725,6.130387609725978,8.642280555539259,12.011116592278938,13.001696486818595,14.400871204160367,16.44725312543511,18.44718607913663,20.454391241995292,24.64144828436475,27.443516954189878,30.00362057790283,32.62949028515505,35.01037281414702,37.16525374744461,39.11061885047856,40.92122774855032,42.6406508471415,44.298288254093,45.45021739649933,46.694954436256076,48.06631252254877,49.495451677019155,50.966418035616655,49.41021768792692,48.40720661477857,49.86081802689427,50.74691015288663,51.696268002786844,55.78978888351547,58.720359920718494,60.590329817195666,62.40876364210163,64.13451458052955,65.7964576137767,67.41514663786324,69.00452626033675,70.57404570484873,72.13010780993083,73.67705116574143,75.21781561905081,76.78976311421454,78.35482248792515,79.91788895341406,78.42409602190442,77.43456039324371,78.59338970906146,78.98473812621008,79.67332508590495,83.84299736243106,87.01514073108439,89.12700359652251,91.00015857737417,92.5235090091769,93.58982253000889,94.50036221059705,95.39890697668181,96.3330015560625,97.30027916505973,98.28010993695251,99.2513375074202,100.19954049667335,101.11804643203851,101.71780580413511,98.98842304060587,96.62488557101142,96.93665582494455,97.15479976350296,97.33152090075194,98.42398268780292,99.16203117253747,99.50473459583783,99.81672525758945,100.13236983074664,100.47209909038611,100.84901587490137,101.25520094194448,101.64353488062298,102.01487221781778,102.36167473508316,102.67507643412057,103.01970445713934,103.24220191166614,103.3927445642343,101.85133014228649,100.99745987435297,100.97110779494855,100.97153652087177,101.03752609330711,101.74965782568168,102.35434341354289,102.68869125599547,103.06911095326438,103.47044664985499,103.85757191060699,104.15554809403321,104.42391651857777,104.6884191240414,104.95143528862275,105.20435013936427,105.43669877695476,105.64091959478674,105.79022573451613,105.8929215472196,105.04598631129379,104.44245194132819,104.32027535372703,104.26580115815287,104.16216722136365,104.56515637684245,104.87962186368895,104.87271565333027,104.85509142981131,104.8213838306434,104.78929621766673,104.75087497469009,104.73078509338725,104.7423013895586,104.78630796605175,104.85547102252555,104.93926092490523,105.04074958650517,105.12684305334889,105.19954319555286,105.06339514359686,105.02241667625243,105.11096679842811,105.1817448367313,105.23707963311412,105.31973915023401,105.38511217320134,105.45191574957131,105.52602218093922,105.60264160672314,105.67811529581247,105.7502535990497,105.8174219803289,105.87823699807754,105.93168916619777,105.97730628446104,106.01518265894475,106.04587521261925,106.0650038055549,106.07753313787218,106.05488218528747,106.04033630496546,106.03195464711888,106.02541821378426,106.01535803431808,106.03137200454017,106.04999459151394,106.07560125320092,106.10341581274699,106.13132919141387,106.15764025751555,106.18134321358953,106.20206458272332,106.21983997933555,106.2349031438917,106.24755094228357,106.25807926649159,106.26676247227894,106.27213647644095,106.27573932714462,106.22636345697836,106.19841489835366,106.18791926152082,106.1830317904971,106.17758491993736,106.195547226477,106.21218918932102,106.23315512976104,106.24773948152026,106.25665717899594,106.26234724855692,106.26663191587322,106.27072024609873,106.27524435689863,106.2803761733166,106.28598966885363,106.29181732261864,106.2975679062233,106.30248062335173,106.3059617001751,106.29374133528506,106.28392769646234,106.27438971137275,106.2636937108088,106.24906077369505,106.25225953476945,106.25465749565112,106.25638860746179,106.25762962027405
-E40,0.0,0.0,0.0,0.0,0.1926323404320719,0.6377132915510486,1.2596438307511668,2.0662380931236357,3.0417839651715943,4.508811880136162,7.400056195418579,10.746260905381346,10.04065387748709,9.906092408383202,10.685322593038437,10.210044969473449,10.506134003396374,14.727086007688731,18.207093909239404,21.485724947263208,24.78519805624452,27.495223991907963,29.80649459544681,31.86216771178653,33.747123155778525,35.5298387407116,37.2330504512003,38.883386817507,40.49791410920248,42.08817773555763,44.3632844837591,46.34402872345602,44.41203882720565,42.46534524642365,42.68429164386467,42.04615476050101,41.59425933393944,45.26051457289858,48.21346962387752,49.846236065058044,51.587067961274556,53.206478289650335,54.79174597516944,56.35775145008074,57.91130592059559,59.469533139035434,61.02064296202369,62.56791663004912,64.11260859034869,65.65555157241414,67.89859366670089,70.06051107861269,68.57832071153095,66.90272478972803,67.27785391097524,66.80277540584417,66.44451135092622,70.17124709245279,73.16466266088966,74.82475364000388,76.58408463506636,78.21602719478093,79.76916855383303,81.14977384033851,82.36272448057927,83.40858249187296,84.24290009162551,84.8548269449968,85.35044547959262,85.95991510460067,87.49455136602839,89.2560129228372,87.56719163462688,85.85120450279202,86.31139959027817,86.49538074900961,87.01764532803547,90.59964378955338,92.86302503952469,93.69079150201682,94.19765224870591,94.1654726023871,93.80648413143973,93.27041843498058,92.67901727988769,92.24356272736523,92.07016075989307,92.20177358906423,92.62892719832433,93.3145689714658,94.8983252371118,96.30186637378823,96.31710621355278,96.25710907587967,96.8317853073203,97.47040417130216,97.90634229826257,98.90927667342068,99.70831996012613,100.05478894476585,100.57261273637137,100.95002645474729,101.2486836133365,101.5454092554373,101.90700470210201,102.37220208913284,102.87207991321385,103.3717357865158,103.85421541191825,104.30160037634505,104.70040983774308,105.04563659587185,104.99226799773606,104.90112284097474,105.0750322197016,105.2144289154464,105.31797080518734,105.55582397375503,105.67132985077964,105.71444873841605,105.71475999889856,105.69485145227875,105.67637002085863,105.67575303366857,105.70043617404787,105.7495006147428,105.81633998144123,105.8927225786908,105.97105677888712,106.04568786897983,106.11293925765423,106.17138593976307,106.1857676045248,106.19312936596006,106.21848684257735,106.23466832563193,106.25376625604918,106.28677209140342,106.3075698539399,106.31520488754063,106.31698620037847,106.31567518110867,106.3133834070878,106.3121916063073,106.31352840679277,106.31785800101562,106.3247496227748,106.33334932142026,106.34271565779684,106.35207708902313,106.36080996059253,106.36868520545677,106.3614410348946,106.35227154091021,106.3479054069416,106.35113183318404,106.35562308901392,106.36491168922495,106.37033689512509,106.37039445511046,106.36867088201964,106.36585491279635,106.36283751449903,106.360621234158,106.35993725396307,106.3610342972638,106.3636821156634,106.36741970566716,106.37172196237773,106.37613108507223,106.38030851812546,106.38406793354312,106.38135171918356,106.38023482213005,106.38121962744887,106.3828933890899,106.38454531587139,106.3876568648975,106.38985292195889,106.39030491867027,106.39014373940218,106.38964311478287,106.38901749130488,106.38854147325053,106.38843557843144,106.38878848010921,106.38956027954286,106.39063284319838,106.39186412668798,106.39312701218415,106.39432720274726,106.3954078377116,106.3893880446096,106.38572466825815,106.38496518772027,106.3853815595772,106.38608944803734,106.38872804604216,106.39052386164288,106.39048068967621
-E5,0.0,0.0,0.0,0.0,0.0,0.0,0.0,0.0,0.0,0.0325348227857638,0.1414166148319982,0.36484436920264873,0.6294492280628088,0.9570963924691449,1.541146577284877,2.7321131690651113,4.545273665271444,6.4928481274285765,8.617371021353811,11.192125867260973,14.058963352609883,17.600376035468592,21.407000199287868,21.78503433165571,21.53748794491634,22.66938033738463,23.765850467901778,24.86261654171361,29.014991319279634,32.503439017279895,34.68174694716981,36.60923542838624,38.37828147982402,40.04078719308845,41.63114765186523,43.172624718598264,44.5773173477455,45.63235846771791,46.81110106177875,48.073664290133934,48.93823554770395,49.89338216020812,50.87551390551003,48.81977664217827,47.28746690494643,48.1632411721444,48.93519586292868,49.80412926790806,53.801706122328355,57.09534434934854,58.96867326995257,60.68040969304779,62.302782826540195,63.86587719846585,65.38887479488562,66.88470643581529,68.36213051239571,69.82708155722777,71.28358082433155,72.7343531316601,73.72645564534696,74.76801796837614,75.76809931435388,73.61585124694571,71.9520684137071,72.43585098245796,73.07623498001705,73.88521852507974,77.55241195886848,80.15041875846376,81.31043414157442,82.35403045014004,83.30778480272733,84.19870315991479,85.04890890764142,85.87320036117872,86.72071432733945,87.67089909884128,88.72925597419113,89.88781983921965,90.91804620024227,91.82583897927988,92.59033911178079,90.35364968031409,88.68936862556748,89.65310733477773,90.5126366495916,91.3297239780933,95.15225865592569,98.1295237884638,99.34378753088205,100.163352385494,100.64720096073223,100.9510122422407,101.21353027075712,101.52764188392786,101.92923851090669,102.40915072347781,102.93409023656412,103.46521812744646,104.05123217941863,104.46805049273524,104.68012003241205,104.23589156296487,103.86730103705344,103.87107282829616,103.82690730836894,103.65401404667067,103.86386512280315,104.01241319205657,104.0886259480388,104.13428312742694,104.15976050162121,104.17418636187743,104.1857348444215,104.20080412038794,104.22323681342807,104.2542164050289,104.29279951835765,104.33675059805162,104.41551190511993,104.46768805089914,104.50143360386087,104.05958352960003,103.6418284986276,103.32574147056222,103.02935961755118,102.73539926377828,102.86783245071788,102.97573278663853,103.03406373735295,103.06157059038755,103.0693108680596,103.06707305305864,103.06405207852225,103.06632828751454,103.07084972526039,103.08160947726752,103.10048667807047,103.12764283029698,103.14985673405157,103.1669192736263,103.17966567375757,102.7374670898224,102.32023559027726,102.08293263096729,101.85270415789743,101.60509824705818,101.75492067866713,101.86835923279526,101.92693671590126,101.95612434325696,101.96630724219291,101.96666198857966,101.96577336269985,101.96497819793314,101.96618437118303,101.97305692147975,101.98732229681931,102.00913305520199,102.02730317611987,102.04154858486525,102.04880087075203,101.61706228317352,101.19734953104863,100.92534841575177,100.63862230445824,100.33349460562897,100.43399350586031,100.51239438868906,100.54484996962468,100.56238964693432,100.56861514802662,100.56665005635095,100.55974663612992,100.55106835494558,100.54321430328689,100.5379089033287,100.5359692953786,100.53747757221548,100.53977509827428,100.54246975008475,100.5454569974248,100.10485004934023,99.67945365191161,99.38773207340978,99.09212371468513,98.78448445733041,98.88902809273317,98.9713107884793,99.00968584402024,99.02789259689835,99.03088441067408,99.0229149459983,99.00841552272236,98.99170982946987,98.97635601970133,98.96471180915646,98.95788404359017,98.95596401133908
-E6,0.0,0.0,0.0,0.0,0.0,0.0,0.0,0.0,0.0,0.1148059474065868,0.5036344437495057,1.2212538401943627,1.8968451115155722,2.7957884806794295,4.486515441491784,6.715756263399083,9.329893276499918,12.166328054072705,15.478610985707203,19.365712102488576,23.547231546063987,27.568337076108314,29.381257026354426,30.94571406098997,32.295310586957335,30.442951629859476,29.079838609997207,29.402459281861752,29.456990081159244,29.70869767433261,33.03664895566603,35.19229757750429,37.23923159120979,39.098836286071005,40.82290686593153,42.45498926206692,44.024737475401814,45.238267496171076,46.37605748896594,47.61087106406932,48.91142822280965,50.25653350775395,51.01685814455628,51.86807220898851,52.7343723265004,50.51826246905293,48.75257799352139,48.26555340055084,48.70484725437039,49.127299131286854,51.584881021383005,53.20359851822111,54.723725957164724,56.11239134967885,57.403164041572744,58.627371022354176,59.80643768118177,60.95490436594743,62.082631451549474,63.196303379483474,64.30045072693338,65.3981438880909,66.19964037989365,66.98207024398012,67.76472775412519,65.4968555451126,63.7315758952613,63.23938752437791,63.66933441427564,64.32537209427701,66.55069118516832,68.3210776511036,69.8153770846199,71.18128548941534,72.45138212799291,73.65632310528204,74.81707921625421,75.94788277388542,77.05838542733129,78.15513018465435,79.24255178715495,80.32365569023081,81.12351126948916,81.90518264605265,82.68765954208918,80.41970863734201,78.96265642412305,79.41625565763377,81.470328215352,82.16409427795952,84.61283853678967,86.20175429863298,86.95763889251533,87.63121676073176,88.24558504662276,88.84427280082282,89.47224157023263,90.13437484084058,90.82277766904924,91.5424715065361,92.27632530758834,93.02256544897791,93.7382207396335,94.26580602336924,94.63450176521003,94.11939527811802,93.69772539609423,94.28866602766706,95.06766342560803,95.91524325951596,97.24722155870671,98.53839282380252,98.97847250640059,99.412106103249,99.83449871767633,100.23831388150381,100.6205768444342,100.98364748734863,101.33325660617957,101.66674932557885,102.00301982881108,102.34485446259492,102.76011475260418,103.07361830510136,103.3213744083768,103.04930177507742,102.78555507449074,103.08325414751258,103.30447548312112,103.47107918186455,103.7916667911751,104.00762689761794,104.15621840384765,104.32044714284963,104.49055298515948,104.60553809490048,104.68510389080366,104.74284493157613,104.78766924954286,104.82498284234686,104.85773922589777,104.88732464863102,104.91770760803988,104.94356329488254,104.96565029175493,104.85971318260314,104.78643358420364,104.76090792791977,104.74636689548551,104.72749975062985,104.80352969344358,104.86525023538448,104.90029562753561,104.91841890020193,104.92565297488305,104.92705225928755,104.9272370045923,104.92998268567234,104.93767738363093,104.95115359250435,104.9635546052009,104.97519158382082,105.00522810031742,105.03440532446939,105.06190041005193,104.9825643598037,104.9278965136086,104.90792790638248,104.89974715453202,104.85944464823473,104.93697244599227,105.0013932496421,105.03829317522158,105.05846179673156,105.0676970038977,105.0708245847078,105.07226399768645,105.07565957507335,105.08336254148311,105.09565855470986,105.10657343767579,105.11687640476481,105.14565524846222,105.17342527477123,105.1994870538219,105.09968870174396,105.02948711719618,104.98671314570687,104.9419828956232,104.87653774741253,104.9499285915137,105.00983278094317,105.0446148969316,105.06409057993694,105.07081275078427,105.06692914817025,105.0548713473447,105.03742781910498,105.01740410004307,104.99721698296068
-E7,0.0,0.0,0.0,0.0,0.0,0.0,0.0,0.0,0.322388964488479,1.2409888483533775,2.167605343372124,3.518068835006094,5.3935494660060055,7.8506257059825915,10.732676633596638,14.148214098592995,18.213761467784146,22.663415150936455,26.67942599430955,29.198627387326685,31.36340114280319,33.294050366586006,35.06610820192296,36.730704305940016,38.25778583819389,39.74293679705309,41.19478324949696,39.56842170454607,38.555470510354695,38.912141062405276,39.2084070731299,39.71360050947497,43.416928869272894,46.42071923826548,48.191403181062746,49.86080958207823,51.455988621201364,53.00073370383582,54.51130179493865,55.99871136361968,57.4704286201078,58.93151270045338,60.385391696339596,61.83438849697494,63.2153790429614,64.60153814081367,65.98630729577317,64.31449389455811,63.14904807315337,63.94481451628134,64.56453867639257,65.28784411097347,69.13895683463244,72.2428864242357,74.0814251194706,75.79681018345993,77.42314455619183,78.98900062269348,80.51387360442716,82.01097622660338,83.35755851731511,84.35376700875618,85.15311689107214,85.98316025632494,87.4827258605191,89.12644447929478,90.68657792759474,88.90246373789195,87.41910185642324,88.48854283762275,89.49157520282465,90.62847882651624,94.88466444350367,97.96965818865381,99.17637899945063,99.91933595865213,100.32697837848899,100.51086302724462,100.58869332665013,100.65592255624651,100.7695452475631,100.95020915578012,101.19382642526962,101.48423943796408,101.94910782284585,102.32651744432718,102.59673617315691,99.79980599475492,97.50588253959822,97.88103658190035,98.04926450560203,98.06189585821092,100.27690858813621,101.46619554329007,101.88803083667449,102.09260840698632,102.1808692122408,102.1729382249529,102.14261297693228,102.14866735121318,102.21961507605513,102.35870784456505,102.55406773305346,102.7880990679557,103.16050472163451,103.46199589691076,103.68509223745296,102.94876084614658,102.42469576614069,103.00368212867221,103.51928780338483,103.68299935790209,104.41548144126779,104.65926003443981,104.69560485190013,104.68317390534627,104.64890469520192,104.6290518042845,104.65375157985353,104.73543037087894,104.85605735971737,105.01300146112132,105.16886013537213,105.31275007819325,105.56055147837208,105.77363359623442,105.93576136639244,105.55428225720647,105.2413460636413,105.21259827141148,105.2219806952331,105.11973153576696,105.42028950569032,105.52545759411582,105.53687091922194,105.5253730753118,105.50425145050696,105.49112645767107,105.50115328925406,105.5408444169181,105.60782696061294,105.69411500111858,105.77661551305034,105.85221814482095,105.98585324607994,106.08914857967886,106.16836708589852,106.1648986623891,106.16692271265117,106.17922273561135,106.1876023922639,106.18825868398683,106.2183611925767,106.24094064839349,106.25323723609026,106.26021997627623,106.26380119345332,106.26573253098645,106.26754554223936,106.2703690418687,106.27480948587262,106.28097019012017,106.28857815132952,106.29524472673305,106.308520013317,106.31950349698265,106.32870966063209,106.29136216497176,106.2656352650019,106.27054198747474,106.28193665306715,106.27251203711997,106.29571309000497,106.31244751864573,106.3105152561165,106.30722181319591,106.30376253286005,106.30139943197656,106.30152353723687,106.30489733594077,106.3114092816474,106.32029411309456,106.32907678974826,106.33719432401165,106.35207912146859,106.36370341864111,106.37271399775744,106.35592413110913,106.34167267485867,106.33107224753985,106.32141314103578,106.31175599557983,106.31742453120836,106.32187104531425,106.32430800610733,106.32558135416207,106.3261056220249,106.32625012780862,106.32635173988803,106.3266760503478
-E8,0.0,0.0,0.0,0.6540976107038753,1.4179864995927642,2.181875388481653,2.9457642773705426,4.081045253350159,5.915054796352396,6.454495981152716,6.938086528658495,7.548429588265536,8.38776988514752,9.303143482843899,12.791486619949533,16.529687528759915,20.605918264455212,24.955915164237368,27.905315198883773,30.304488281031126,32.394020312595586,34.27373825909777,36.01128530700532,37.65249676164066,39.22843081687634,40.760132634289626,42.3749307986987,43.95646955636389,45.289041954940956,43.403623387110734,42.18417222268212,42.70735620507958,43.39049143665968,43.71335046310353,47.316807616716666,49.728905317925886,51.56404131429835,53.28054234637682,54.90765245299177,56.4740341531905,57.999263303377404,59.49660726670092,60.97505611039048,62.440701542272,63.89767132896459,65.34876246232865,66.9089384913481,68.45346506248106,69.99593720989306,68.48161056052595,67.4696544126009,68.13689297286648,68.99943760557701,69.38558653868475,73.04515982666967,75.4922783889471,77.35166912067724,79.08460526249546,80.72285186794969,82.13837664173441,83.27573028033059,84.1819104467515,85.00045858713563,85.81158162561067,86.794593836839,87.91623509911459,89.93128354512938,92.02781280358458,94.18462539663929,93.32985552561927,93.01008360012803,94.13439277716195,95.31221115797146,95.93163471436192,98.54484310641134,99.96091654005521,100.66443535872767,101.04010492237184,101.22340172441514,101.35225847400017,101.53677588984326,101.83190007294904,102.23950392395575,102.72766345985166,103.25204522332378,103.77129330733189,104.5127071291647,105.02161302655841,105.38805719655218,104.39567611480811,103.69547368152962,103.60421759750224,103.6235858253806,103.54208576674151,104.15721607604925,104.6308011662371,104.61202218380436,104.56203455721352,104.49878313110018,104.44523195514093,104.43409071544797,104.48779930795752,104.60950704195157,104.76961452899914,104.92834629056871,105.0804590907175,105.45048421793209,105.72942765355202,105.93885146690306,105.56514937818662,105.31675198329523,105.33383704768104,105.35565557012089,105.39841164922916,105.6290729614561,105.79167338767843,105.82208555960588,105.8339633014981,105.83650165247639,105.83857623301884,105.84958936173905,105.87527652151243,105.91620979291307,105.96897345080043,106.02830606097966,106.08895294840224,106.17882237493649,106.24120689112358,106.2866581781553,106.18007970228422,106.10850837110027,106.07548968092853,106.04637636658727,106.00497869421744,106.05153631085444,106.08699767852467,106.1058930124234,106.11461248370875,106.11712744461293,106.11700739375237,106.11735263762309,106.1204332410779,106.12743900164057,106.13851407306349,106.15301888371955,106.16987922356915,106.20031726125669,106.2232119226488,106.241588831363,106.18438929154595,106.14919786963327,106.13949736975191,106.1396740604581,106.14200990652799,106.16621559789833,106.18458407432188,106.1944865680632,106.1995615499154,106.20158923680016,106.20222955885555,106.2029628785385,106.20489127546783,106.20860382219684,106.21418705986505,106.22134912902655,106.22958742903103,106.24433191357828,106.25539225992051,106.26424892736316,106.258691743263,106.25500653796564,106.25424533571316,106.25309848876007,106.25012988556118,106.25770865921288,106.26370195286204,106.2670305133208,106.26899935436951,106.27006500991665,106.27065042735863,106.27114332085827,106.27184702465554,106.2729396342203,106.27446930902751,106.2763814197925,106.27856012555863,106.282448169499,106.28536591630714,106.28770539699677,106.280613712723,106.2749311083484,106.27059322307304,106.26551307003393,106.25893354725012,106.26192162056324,106.26418814065369,106.26540980983101,106.26603994220514,106.26629660295666,106.26638346774064
-E9,0.0,0.0,0.0,0.0,0.0,0.0,0.0,0.0,0.0,0.0,0.0,0.0,0.0,0.0167625794526952,0.1062220149818484,0.36100798566179426,0.8838612435844835,1.6572678088355612,2.264551348554584,3.0385281733758793,4.184365629302072,4.552411978300043,4.822819827786332,7.050530138676665,8.309701595620373,9.909167772634946,14.011308025946375,18.782969524046017,22.86057225361298,27.563618352413382,30.37167757927413,32.76947163991998,34.889175175978245,35.99275680892718,37.68712931987891,39.307489688166214,40.869441271258005,42.39167105446102,43.665041987031124,44.54484204308322,45.444730128438344,43.391232070321244,41.94273951178067,44.11313696715263,45.17931421198064,46.13580945436621,50.323642986775425,53.505738092041746,54.97938866572444,56.78563344164364,58.50994377409825,60.1733850682741,61.795488109969114,62.56189357460212,64.02779410900226,65.49334091401165,66.95039018156982,68.40153771867426,69.62674302511194,70.84923682781613,72.06989330353403,70.23374924326171,68.89870310819445,71.14863161821877,72.5948236850856,73.45268059406003,77.69597313709812,80.48587694609365,81.58258129922251,82.80911197337039,84.13978018417146,85.50815980053528,86.89926132370265,87.51745831068547,88.23079506433558,89.0659314810552,90.03036459097719,91.11620475916915,92.08482488406379,93.09464351550669,94.02487942443625,91.87300618160845,90.2273342671907,91.76072966488914,92.73648741016451,93.01842588715097,95.80868620497749,97.4137321516628,98.23799255288922,98.84499265300904,99.3060903709927,99.69258632616457,100.07692317244462,100.17595853462568,100.4362710103808,100.85190836613903,101.39332037089004,102.02088246447092,102.55371681524197,102.90849131249742,103.30066415609649,101.85880741743698,100.5430710285228,99.7635791134129,99.18253134791553,98.49064898174285,99.33079230909387,99.98723863684343,100.38787357044141,100.61949749775778,100.74450935586606,100.8119903307182,100.86252217134457,100.8075114698649,100.80170581277814,100.85586334123823,100.96943657743851,101.13283183685893,101.3312968839337,101.53059765528471,101.75822434473268,100.43650191111007,99.10554987336955,97.9034484767528,96.58754187633139,95.7131003609798,95.82498099030308,95.90858331809775,95.96933452387236,96.01378510385149,96.04653300211133,96.07108386920608,96.09018852336223,96.0973685470731,96.10580398942919,96.11529468467178,96.12558074476777,96.13630559541481,96.14706407352288,96.15746996376103,96.16720790733524,95.84730486725145,95.72608476134562,95.72114691243931,95.72274175599296,95.72122262029313,95.74188243808699,95.75830255145672,95.76814130173027,95.7736059167429,95.7763577500675,95.77777763652153,95.77903545800667,95.77697443916604,95.77675143705382,95.77859471247496,95.78239654790538,95.7877895956675,95.79426884222457,95.80130724814737,95.80843795894235,95.74020209061968,95.71637471795243,95.72280057669087,95.72540487885128,95.72396252425266,95.74307164099649,95.758289916582,95.76741968417949,95.77249793536477,95.7750620219455,95.77639269620194,95.77757626240961,95.77566181160574,95.77546370701188,95.7771912832775,95.78074208247526,95.78577282934728,95.79181279589038,95.7983712426256,95.80501375226683,95.74604096551326,95.72603642836783,95.73212378248357,95.73594028788976,95.73703940725514,95.74767478134052,95.75605755672126,95.76123582043599,95.76426619270032,95.7659418377998,95.76691926720362,95.76775189232863,95.76694794637955,95.76697639387373,95.76793240000222,95.76976283716529,95.77229951298153,95.77531353473996,95.77856706218375
E1,0.0,0.0,0.0,0.0,0.561682968070692,1.5050039192758566,2.790837450389414,4.2407717558380345,6.0007311361620985,8.462356280194788,11.689339640277561,15.54005934137686,19.740544551155484,23.479859022224936,25.81060819294493,27.250311327658167,28.694683962955942,28.002636155049196,28.05316259252981,28.78533647864167,29.89997358558221,31.004019643996187,34.20692584696893,36.638999317115164,38.349739366430434,39.75258539795678,41.010992735058636,41.9563619718937,43.06079762231671,44.273010281074136,45.60549869896468,46.98206127032775,48.39206118068948,49.824780566289334,51.27289584574889,52.69067229064932,54.120187464350494,53.418072181254445,53.550110211667615,54.670201742399925,55.93487094253144,57.168552170998424,60.427434131861716,62.92251676484294,64.42393554896785,65.68494463494498,67.02694603250067,68.40054660406432,69.79515359119672,71.20398755675566,72.66970739139036,74.13654812587018,75.60772089571883,77.08189126579393,78.55809390504635,79.9949024619731,81.45658413443815,80.8203565629441,81.62935908501547,83.85713909769648,85.35908675056358,87.05147570472255,90.76074006503333,93.19436813577371,94.07028340901522,94.67596580234182,95.12569018880083,95.49632601667963,95.88936883797284,96.38149868590074,97.35888225492504,98.45102946564745,99.62496656159576,100.84458944994851,101.83433228541772,102.64561578662699,103.15791461560225,102.42810478798208,101.74883759270698,101.2662694299789,100.87647922202338,100.36881035370456,100.53515660834606,100.5630067649142,100.57294556078058,100.56839888189066,100.55481019221183,100.54537170429845,100.55087944526062,100.57489310539735,100.64435737122079,100.70773488687689,100.76543867090054,100.81602397255111,100.85849522978363,100.8928168663986,100.91971275695582,100.01825687374642,99.50968016135053,99.1101698239858,98.49806158666073,97.96266720255133,97.99363606538348,98.00358081413061,97.95581403307781,97.91051399946207,97.88058696488801,97.87418971555076,97.89442632701405,97.93838315105572,98.03879521459282,98.12528136908365,98.20035499355978,98.26399087722154,98.31624422300366,98.35787850224966,98.39022550910325,97.51563641441403,96.9828514127777,96.57449063669824,96.17362012038409,95.94268852234687,95.9739872733924,95.98680923023166,95.94636447181172,95.90676516880944,95.87938394965548,95.87187464216824,95.88418255854845,95.9115825699625,96.00536026702163,96.08397562222683,96.15136300190078,96.20819460132346,96.25478047055734,96.29188580983394,96.32071800081876,96.04553165063929,95.93000155508606,95.86567142387955,95.78652308026884,95.73773484758078,95.75863580465598,95.74726833430985,95.73401077804877,95.72034346605234,95.70477445492227,95.68987122047253,95.68007706809321,95.67848290986147,95.71165480080212,95.74683484057562,95.78058065347689,95.80978251462932,95.83491239959575,95.85612625392693,95.87365480172967,95.77034209848891,95.75899564050145,95.74703926792232,95.7123034188666,95.68498478666898,95.70772376308956,95.69256706163988,95.6738331183992,95.65098297518836,95.62697976633767,95.6059163100959,95.59216923114299,95.58769368718187,95.62593970350503,95.66511849234413,95.70348238868716,95.73930316276214,95.7713618271644,95.79549973178014,95.81589525278548,95.75824998488193,95.78954738127341,95.83073209740516,95.83808859599242,95.85303716877262,95.87556486927231,95.8609131623017,95.84168395009529,95.81908098089274,95.7981916795312,95.78004906356625,95.76673917712188,95.75979777707464,95.79184177211046,95.82511720746099,95.85822018480987,95.88953130986842,95.91781829467774,95.93752505350842,95.95594594297377,95.9046171053709,95.94029695894268,95.98422450156045
E10,0.0,0.0,0.0,0.0,0.0,0.0,0.0,0.0,0.2040584085123112,0.9579605437422571,2.1546977226471746,3.5336070164059676,4.99967184902469,8.260179187416092,12.180853531431131,14.99035255891207,17.905560002861105,21.684032973321642,25.03017046650124,26.87318967484621,29.17927432692329,31.04200897119975,32.47956354106744,33.81766397783633,35.16715540615779,36.51684514408333,37.86653833444748,39.2162315849163,40.51548292600586,41.56512675181224,42.73945243625334,43.99839284954795,45.31467081509242,47.87694560379833,50.32728636886608,50.978059960602636,52.614442876972404,54.83089923888645,55.62068447084644,56.54721924845256,59.15200290703072,60.84269650656072,62.10351596494414,63.32185995377499,64.59020391398842,65.88490778940952,67.19734233023291,68.52178896452853,69.95296237315122,71.37835936075541,72.80729695326889,74.23876345635627,75.67194581920303,78.31343551462265,80.37196674812478,80.8993848334761,83.26014560674724,86.7496056424643,87.69217067997299,88.89816162698584,91.93934134433685,93.94486384936226,94.91602073619413,95.33803093937931,95.67023778674444,95.95372588765292,96.26518537532183,96.66988142269525,97.94604331365261,99.28821084982306,100.3091322684133,101.05523442479627,101.63440289689908,102.32110408322387,102.75255798458502,101.43971777457605,100.68315755618069,100.5022412007902,100.02362656473349,99.53737441132785,100.51534867109201,100.95519843221955,100.78171833687858,100.58346288601258,100.38827295947797,100.21949035779664,100.12465749662414,100.13994382499477,100.47088984324327,100.80388628324083,101.14254579726284,101.4713797299326,101.7739460346585,102.18359217805116,102.45091794276573,101.13347697933236,100.24768699740896,99.91757025773936,99.44491594545026,98.96303468342867,99.90588373026264,100.33265792182547,100.16450404389234,99.97540343819867,99.78529647222973,99.61594794129738,99.51427555804737,99.51696952107785,99.81757200611821,100.12563556960387,100.44280605038628,100.75308906446683,101.0399197358935,101.4295503342762,101.684361002335,101.18560736985737,101.05050855877334,101.15673054614618,101.16701277759903,101.16933502447392,101.25670787831389,101.28288456364808,101.26981981738332,101.24442910131786,101.22249293782247,101.2114002842332,101.21655452698548,101.2391045395309,101.31028324506987,101.37220084943375,101.42803073273603,101.47773376424614,101.52074514864478,101.57618879152125,101.61118794078759,100.98793956780075,100.77939803928223,100.54842643154882,100.37504367677359,100.23071585105262,100.37585585503165,100.29265342017686,100.21043844076677,100.11919110553629,100.04530631718475,100.00752547678823,100.0183381227298,100.07818271005026,100.26530202619647,100.42818458347116,100.57412036095198,100.70295522910808,100.81354612525489,100.95497490869758,101.04370043109253,100.40464211286353,99.86213069128792,99.31646899709733,98.75384266466588,98.34727107654874,98.38140379057651,98.37005247552376,98.3568600580193,98.33982665195475,98.32744035826008,98.32348975148035,98.33003717772188,98.34661219461925,98.39062982166172,98.4276782518876,98.4600020551443,98.48800669100093,98.51173502282258,98.5417822210777,98.56050185797712,98.38010263837569,98.34186208394009,98.29184164473598,98.25418545563069,98.22338389372085,98.2330502758888,98.21753883036587,98.20193547779161,98.1849675427541,98.1741273705041,98.17217310041602,98.1798747706979,98.19595912777507,98.23456699462372,98.26632368138169,98.29339591724151,98.31640519025392,98.33561574897887,98.35965602862002,98.37449855707203,98.3736914861682,98.37277881041267,98.37294596348282,98.3733618412284,98.37371390956336
E101,0.4861111111111111,0.9722222222222221,1.4583333333333333,2.262408560758828,3.510308700539817,4.917282901983875,6.3647742121843525,7.821014917806316,9.278968201346107,10.737235487248041,12.195557719148242,13.65388923469099,15.112222276572712,16.5232610052677,17.6361069466597,15.047636266716065,12.514160483074154,9.980684699573379,7.447208916093866,5.6477215151437,7.106054848476951,8.564388181810273,10.022721515143605,11.481054848476937,12.939388181810271,14.397721515143603,15.856054848476935,17.31438818181027,18.7727215151436,20.00193248102422,20.99157114997654,21.540081583478273,22.026192694589383,22.512303805700494,22.998414916811605,19.976950276259696,18.49828759134577,17.315702144941827,15.962577356971373,14.185506289961882,15.96810499076122,17.46922333785743,18.933201916062252,20.392280108093907,21.832578700205985,22.874852163793328,23.67939773859444,24.34898609866017,24.941570007188908,25.48995923328821,26.01281526659657,26.520809486656937,27.020081831534547,27.514189648493318,28.005210029583655,24.995106207832027,22.810167632114727,21.251116483050968,19.923450480996628,18.723689355324886,21.586440490609114,24.17740864235703,25.820697782014484,26.942174708012534,27.776590408097533,28.453263591895805,29.04337623275366,29.586071122379945,30.10284659074043,30.605492286948255,31.10046146693216,31.59127811389373,32.07986091125858,32.56725061274849,33.05400907185812,32.219685968766626,31.59392534568176,31.379535656448343,31.079802981024386,30.64131360114317,31.2797700362753,31.783198179325847,32.26930929043696,32.75542040154807,33.24153151265918,33.72764262377029,34.2137537348814,34.699864845992515,35.18597595710362,35.672087068214736,36.158198179325844,36.64430929043696,37.130420401548065,37.61653151265918,38.102642623770286,37.6186873123481,37.145785794287036,36.568550795204395,36.01897595313422,35.50629643585218,35.95378077648315,36.40771130224621,36.86940183041684,37.33896545277505,37.81386391655933,38.29237729112241,38.77334014429134,39.255962774369756,39.73971007619778,40.224219460289454,40.70924523449835,41.194620916802265,41.680233698289335,42.16600713917083,42.65188944352738,42.16336635735529,41.87047613615492,41.991941094332084,42.292088269805504,42.68588268762416,43.181942583843,43.66696978252205,44.14944562556356,44.63309346388375,45.117535451088095,45.60251555688531,46.087860294083185,46.57345210703747,47.059211339553784,47.54508401626289,48.03103356322972,48.51703519780349,49.00307212715674,49.48913297239964,49.975210023149,50.37368588892261,50.829770601639886,51.302068100685645,51.767993304462266,52.24001858919697,52.735015153292956,53.22018738177819,53.70306871468384,54.18699131462554,54.67161948144945,55.156725743332615,55.64215596442001,56.12780570161401,56.613604183836486,57.09950345631003,57.58547102467768,58.07148487062772,58.55753007446042,59.04359652652507,59.529677376480215,59.97236516747804,60.44708915732513,60.9288270620933,61.4026596881619,61.880165964721485,62.37050874907324,62.85535174322546,63.33917001514452,63.82372748886559,64.30878584880773,64.79418361134027,65.27981135448226,65.76559493344347,66.25148410740508,66.73744483297897,67.22345404222342,67.70949610420512,68.19556042733842,68.68163983472083,69.16772946325327,69.611675020845,70.08817439583102,70.56956363136203,71.04119318992659,71.51638349219502,72.01001670306704,72.49489986351497,72.9780001143074,73.46207105392132,73.94679973632523,74.4319741079842,74.91745048053947,75.4031314901604,75.88895116270969,76.37486479383698,76.86084209168821,77.34686253037687,77.83291220147673,78.31898168058022,78.80506458166951,79.25580870144817,79.74700118677298,80.25169319111723,80.74239425983798,81.23450372072058
E102,0.4861111111111111,0.9722222222222221,1.4583333333333333,2.262408560758828,3.069536802481417,4.476511003925476,5.924002314125953,7.380243019747917,8.838196303287708,10.296463589189642,11.754785821089843,13.21311733663259,14.671450378514312,16.12978366592025,17.333775577028696,18.089378699464902,18.61935172650302,19.11260170477137,19.599874721905316,20.086174942237285,17.965432226678708,16.557248465076803,15.455928297273632,14.404552560424385,13.418090991840302,14.983051736710618,15.835643091937282,16.381401706428054,16.87722091154028,17.36491209027861,17.851280369656354,18.337433336898318,18.823551260419507,19.309663480303215,19.795774771875667,20.281885912358266,20.767997028249813,21.254108140138978,21.740219251376722,22.226330362508442,20.449557690248284,20.023482593495288,19.759378913176796,19.488815604331172,19.21287029544826,20.777831036803263,21.630422391457795,22.17618100585544,22.67200021095252,23.159691389688376,23.646059669065718,24.13221263630762,24.61833055982879,25.1044427797125,25.590554071284956,26.076665211767548,26.562776327659098,27.04888743954826,27.534998550786007,28.021109661917723,26.338085668796882,25.924380189430323,25.661908611405877,25.628506017566817,25.7124741673094,26.90173958625766,27.693183612037576,28.228990024197124,28.72318943115729,29.210616975177782,29.696942345959563,30.18308832949459,30.669205116363287,31.15531715124798,31.641428412710404,32.12753954829236,32.613650663386295,33.02426300021645,33.377994405162,33.774404475714405,32.975737324569906,33.04916543974011,33.337731652799334,33.62405164916147,33.898952478726585,34.865759347960676,35.626519006384875,36.09953151150131,36.54434534555695,36.9971963815442,37.45991147593627,37.93002956393312,38.40528098489949,38.884029821810735,39.36515162257069,39.84788185810868,40.331702057879475,40.81626083532251,41.30132007824916,41.786718439026856,41.33952828210868,41.496902169953444,41.826485767478346,42.14041062572364,42.43205201152425,43.40388962113245,44.17234035854831,44.651261336727394,45.10019221335579,45.55585143723266,46.02047237638526,46.491882361811065,46.9680092574595,47.447351332618844,47.92887511619618,48.41187773730935,48.895882506736704,49.380566349357146,49.86571033697059,50.3511661211014,49.91012116899118,50.06825565503173,50.39783439832828,50.71189579599076,51.0042470088954,51.97519304404067,52.743540196814266,53.22247245399299,53.67142423293033,54.12709977840353,54.59173212838607,55.063149903006206,55.53928208594975,56.01862774531669,56.50015395781452,56.983158224814446,57.467164109508055,57.951848707838614,58.436993207524566,58.922449338637875,58.986542410071166,59.28362610337694,59.75234113343208,60.23471008737153,60.715406386899325,61.22430761476011,61.71867077094233,62.20239092576427,62.685582688680704,63.16950417813767,63.6540971758745,64.13917400546609,64.62458337141082,65.11021882868711,65.59600761062688,66.08190030621769,66.56786341742242,67.05387424307617,67.53991740032656,68.02598246561575,68.48038381317824,68.96144194321397,69.4471542302262,69.9325051260047,70.41659727843685,70.90628327229395,71.39309697527669,71.87890139598255,72.36467729057347,72.85054052193837,73.33648029381507,73.82247475545822,74.30850673500278,74.79456421168398,75.28063897751368,75.7667254605252,76.25281988347068,76.73891968660101,77.22502313537558,77.71112905445524,78.1883742179689,78.67276539529925,79.158666897607,79.64402093174877,80.12818153913494,80.6173051856148,81.10388579599338,81.58972146144407,82.07554931962505,82.56145277337542,83.04742061579147,83.53343423090782,84.01947921053316,84.50554549964005,84.9916262373785,85.47771676707345,85.96381393208364,86.44991559325089,86.93602030103945,87.42212707323229
E103,0.4861111111111111,0.9722222222222221,1.4583333333333333,2.262408560758828,2.8402903525493954,3.192608585615583,3.410830638899263,4.382729323409315,5.354895033550165,6.32710772042236,7.299328376561478,8.271550347076218,9.24377252955431,10.215994745593267,11.188216966865516,12.16043918894335,13.132661411143829,14.104883633362807,15.077105855584545,16.0493280778067,17.02155030002891,17.99377252225113,17.017298599348635,16.040824676446142,15.064350753543646,14.08787683064115,13.111402907738656,14.083625129960877,15.055847352183099,16.028069574405322,16.988274346834448,17.736193256737643,18.366881967384256,18.93283287847034,19.463033763381286,19.973492482506572,20.473049024721572,20.96658507948482,21.45679645244781,21.945171842998825,22.432533352637442,22.91933496883818,21.4571312510756,20.239076825206563,19.15584847676195,18.147074864649667,17.553603773758255,18.55734769935727,19.3293101491403,19.973276375950302,20.546559503355205,21.080809443487347,21.59350416431682,22.094295489301622,22.588513425695705,23.079101352794243,23.567684687085908,24.055161029082466,24.542026058927625,25.02855350508038,25.514894528062722,26.00113260294879,24.53861768188788,24.317247119997305,24.359802827554592,24.39547860041774,24.39640130681827,25.400129250225284,26.172082874194246,26.816044227142513,27.389324663064453,27.92357311688432,28.436267016930515,28.93705788865581,29.431275574747293,29.92186336362173,30.410446621582174,30.89792292142649,31.384787927994,31.871315361292186,32.35765637717588,32.843894448141874,31.38137952491618,31.268796992694323,31.26168144558351,31.295578740755154,31.316958711568848,32.34713009094979,33.14432620224066,33.730668894938525,34.22364251173421,34.68068749716416,35.12848425695578,35.578351457716046,36.034225565446164,36.49671241819863,36.96508410101777,37.43821870091719,37.91500883316076,38.39451241123307,38.87598520133421,39.358864442027986,37.89404037240221,37.79189491540984,37.93663623222401,38.073412724988245,38.16450008439653,39.241904327531664,40.07110562410597,40.679135163706825,41.18680387832585,41.65380632327046,42.10835029911863,42.562789441592216,43.021761516077035,43.486347564010686,43.95614167023125,44.430240110154216,44.90768334441375,45.387629467133344,45.869402127331405,46.352484561252325,44.887798176203894,44.7857463600077,44.93055096433762,45.06737030775078,45.15848669619697,46.23591060757826,47.06512523143812,47.673163801663186,48.180838635470806,48.647845226803106,49.10239201226085,49.55683305853759,50.015806423047366,50.4803933451073,50.95018804363946,51.424286884915254,51.901730391133135,52.38167669813283,52.86344948319986,53.34653200173251,51.881845674017335,51.779793897254294,51.92459852802706,52.06141788930177,52.279784686409585,53.30022944258624,54.079608737159745,54.666049204841585,55.165809978740086,55.63116544174134,56.086642994356666,56.542846567044606,57.003639257621536,57.46980412213445,57.94085864780728,58.41591641159438,58.89406781433341,59.37452589411969,59.856663184611364,60.34000248236097,60.25865212587612,60.39309396511643,60.670090815787695,61.02804994289319,61.433485843398294,61.944633081959914,62.44261537015359,62.931722028013006,63.417075059404475,63.90113295005556,64.38500261194713,64.86912541535777,65.35362997404962,65.83850930413831,66.32370669037725,66.80915499584502,67.29479287578692,67.78057000854882,68.26644746165768,68.75239618466591,69.22991150526713,69.71355190538394,70.20097669651274,70.68929361809184,71.1773969981726,71.66633313869096,72.15379504095137,72.64025642881799,73.12629286631174,73.61218107064582,74.09804598610054,74.58393772780457,75.06987117580547,75.55584587738439,76.04185570777823,76.52789330396011,77.01395190248,77.5000259406152
E104,0.4861111111111111,0.9722222222222221,1.4583333333333333,2.262408560758828,2.921658197495564,3.408185557177754,3.786326637205105,4.0985412105574754,4.365127547776576,5.337340234648771,6.309560890787889,7.281782861302629,8.254005043780722,9.226227259819678,10.198449481091927,11.170671703169761,12.142893925370242,13.115116147589216,14.087338369810958,15.059560592033108,16.031782814255322,17.004005036477544,17.976227258699765,18.948449480921987,18.42236413886068,17.896278796799372,17.370193454738065,16.714121543420113,15.971689853589165,16.69753376147131,17.267012934224464,17.782115630114813,18.278308683536405,18.767925831365616,19.25525618110061,19.74179128743524,20.228049844621342,20.714212230708736,21.20034117290279,21.686458484846007,22.172571752321865,22.658683613317645,23.144794985204225,23.630906187001074,22.61870976536499,21.752434318950325,21.02583206495567,21.03310189327792,21.231265883808423,21.939960021142312,22.503475290969078,23.0165040151981,23.511975836482776,24.00134217288335,24.488585301917105,24.975090076895764,25.461338086228636,25.947496804256883,26.43362447086835,26.919741339222494,27.405854452438444,27.891966259789708,28.378077613021183,28.864188808330645,28.641279588607812,28.91574379146462,29.232208712951106,29.52715958957489,29.804666874104697,30.513361011427115,31.076876281249895,31.589905005477526,32.08537682676171,32.574743163162125,32.93105529692917,33.303416440338204,33.712082207050166,34.145588094044804,34.59600919581654,35.05792113621053,35.52762940807365,36.002624015929825,36.481201887456436,36.96220821776684,36.75772298728331,37.035878681819376,37.39946424570586,37.74203528506255,38.057314929761716,38.79349642157743,39.37632524956236,39.855635859303895,40.311983493780886,40.76917884582809,41.232654398931274,41.702369652219495,42.177002969427726,42.65520874350342,43.135918675010814,43.61835445263716,44.101969762124895,44.586387836621505,45.071351088408115,45.556684178988455,45.355165701690936,45.63531764868641,46.00025201152788,46.34373593531083,46.659633859918266,47.39623416385312,47.97934678067502,48.458849686914945,48.91532762230048,49.37261126678623,49.83614664721366,50.30590243974608,50.780563226515085,51.25878761407962,51.73951015816461,52.22195448212608,52.70557558264611,53.189997581170324,53.674963491894395,54.160298384181836,54.08344860081579,54.43683522702023,54.88072841876732,55.32960853129208,55.77307861960343,56.29446920864722,56.79056341401076,57.27198025091001,57.75092563660873,58.230795468978805,58.71219556221028,59.19494688479218,59.67872311145813,60.1632318288183,60.648250103550595,61.1336182533126,61.61922507841944,62.10499418684258,62.590873452436384,63.076827428215616,63.41721952287224,63.8759058455552,64.35075978919048,64.8174455164399,65.27595756137097,65.78692595204701,66.28100550464953,66.76457292007821,67.24619815125595,67.7283090238117,68.21137550833166,68.69530740112214,69.17990146738867,69.66497057422023,70.15037073351101,70.63599840179589,71.1217813392305,71.60766987303684,72.0936300933913,72.57963893545082,72.95072538826486,73.4176892989363,73.89487317398948,74.36239587870472,74.82712447821612,75.33788428051552,75.83192549238822,76.31553867027155,76.79721985895533,77.2793773245546,77.76247839783103,78.24643477732143,78.73104580074647,79.21612652470385,79.70153459993212,80.18716764743372,80.67295423518414,81.15884524431533,81.64480714260554,82.13081712186572,82.55165078082514,83.02940524376454,83.53511659668251,84.03882317308782,84.53410971243417,85.04227936077757,85.53468992818426,86.01800627461192,86.49976734915829,86.98207667163909,87.46531462834892,87.94937557890022,88.43406156996573,88.91919452152716,89.40463848341416,89.8902960207048
E105,0.4861111111111111,0.9722222222222221,1.4583333333333333,2.262408560758828,3.192344584225433,4.155493873313998,4.516969115411906,4.894142510319748,5.285063334657725,5.685407180945058,6.09090084067799,7.063122811192731,8.035344993670822,9.00756720970978,9.979789430982027,10.952011653059863,11.924233875260342,12.896456097479318,13.868678319701058,14.84090054192321,15.813122764145422,16.785344986367644,17.757567208589865,18.729789430812087,19.702011653034308,20.657534368111026,20.31841507890765,20.010750960856242,19.705763454708183,19.401003709243625,19.09626334459736,19.656698626648176,20.149134197406394,20.635783475163993,21.121940380438645,21.608055388308184,22.094166831005793,22.58027797033256,23.066389083844626,23.552500195160043,24.038611306288534,24.524722417401126,25.01083352851236,25.496944639623482,25.983055750734593,26.469166861845704,26.090103975429876,25.77904094063932,25.4737642107907,25.168979854441147,24.864237395583174,25.42467249943143,25.917108055025874,26.403757331493146,26.889914236657997,27.376029244518197,27.86214068721501,28.348251826541713,28.834362940053772,29.320474051369185,29.80658516249768,30.29269627361027,30.778807384721507,31.264918495832625,31.75102960694374,32.23714071805485,32.09043546564349,32.26268645501997,32.430273495405835,32.67824521026532,32.9879845158751,33.50498514074327,33.96799046180278,34.41277491769762,34.86869857372473,35.33416866754097,35.806277522944676,36.28289930138364,36.76258028661389,37.244334307890824,37.72749303594651,38.21160359992711,38.69635913196097,39.181551697040575,39.66704039753342,40.15272976061621,40.432522044519914,40.83958915572073,41.27646162667142,41.707186252724696,42.13171325612319,42.69990578426618,43.197598952284274,43.66588803781096,44.13773852881256,44.61400071236934,45.09342233274827,45.57499927120429,46.05803789350861,46.54206706365708,47.026767442067914,47.5119226347527,47.99738601154914,48.483058215189224,48.96887192076914,49.45478150865312,49.75633028415649,50.1753966298962,50.618889359169366,51.05326815246026,51.47981323011659,52.048027075090154,52.54573468748149,53.014033560575655,53.48589068367377,53.962157361166774,54.44158202665561,54.9231610284908,55.40620104894944,55.89023116649311,56.37493218686287,56.8600878145417,57.345551486091914,57.831223889458386,58.317037730373734,58.80294740996157,59.10559018437108,59.52525895242971,59.969083413063686,60.40364487904293,60.83029054852605,61.39850440237617,61.896212020782286,62.364510897952094,62.83636802381188,63.3126347031762,63.79205936993305,64.27363837262746,64.7566783936683,65.24070851160647,65.72540953224355,66.21056516010351,66.69602883177646,67.18170123522611,67.6675150761978,68.15342475582383,68.45612291429674,68.87582217979227,69.31966343395172,69.75423414734765,70.18088490895504,70.74909876280884,71.24680638121747,71.71510525838897,72.18696238424991,72.66322906361502,73.14265373037239,73.62423273306715,74.10727275410824,74.59130287204658,75.07600389268377,75.56115952054382,76.04662319221681,76.53229559566651,77.01810943663824,77.50401911626427,77.87917350870397,78.33269852004686,78.82135506990493,79.31061967811077,79.79850815587996,80.36672200973376,80.86442962814239,81.33272850531391,81.80458563117485,82.28085231053996,82.76027697729734,83.2418559799921,83.72489600103319,84.20892611897152,84.69362713960872,85.17878276746876,85.66424643914176,86.14991884259145,86.63573268356318,87.12164236318921,87.50898989315903,87.97077702529882,88.46503202263551,88.95809016218054,89.4485491525921,90.01676300644591,90.51447062485452,90.98276950202604,91.45462662788698,91.93089330725209,92.41031797400947,92.89189697670423,93.37493699774532,93.85896711568367
E106,0.4861111111111111,0.9722222222222221,1.4583333333333333,2.262408560758828,3.510308700539817,4.917282901983875,6.3647742121843525,7.821014917806316,7.2553680840784445,6.690035252712713,6.124757367345251,5.559488765620335,4.994221690234393,6.452554977640331,7.910888303840424,9.369221636079395,10.8275549692466,12.285888302554945,13.74422163588455,15.202554969217331,16.660888302550585,18.119221635883907,19.420392452279568,20.23545215756412,20.721563268675233,21.20767437978634,21.693785490897454,22.179896602008565,20.64240759585201,20.57845117183713,20.514494747822248,20.593289370568655,20.672083993315056,22.509737218353234,24.347390443391415,24.833501554502526,25.319612665613636,25.805723776724747,26.291834887835858,26.77794599894697,27.26405711005808,27.75016822116919,28.2362793322803,28.72239044339141,29.208501554502522,29.694612665613633,30.180723776724747,30.666834887835854,29.129345881679306,27.59185687552275,27.25222455956216,27.61771987575782,27.594049819671344,29.563940498479194,30.725139859373222,31.211250970484333,31.697362081595443,32.18347319270656,32.669584303817665,33.15569541492878,33.641806526039886,34.127917637151,34.61402874826211,35.10013985937322,35.58625097048433,36.07236208159544,36.55847319270655,37.044584303817665,35.50709529766111,35.09415829824122,35.76211835962654,36.07758997385604,36.14110640109823,36.813778175590784,37.2998892867019,37.786000397813005,38.27211150892412,38.75822262003523,39.24433373114634,39.73044484225745,40.21655595336856,40.70266706447967,41.041239816152505,41.41819648284409,41.83034408760635,42.2663372186342,42.71848817761598,43.18158774814362,43.38312156565435,43.72759538071393,44.184460365888924,44.63075718443585,45.085142016298136,45.60899482651711,46.086331928644455,46.5664977347098,47.04858028234979,47.53196162206719,48.016223028707884,48.50108077236273,48.98634259646312,49.47187822715706,49.95759939033967,50.443446271109636,50.92937833864064,51.415368129075844,51.901397032791465,52.38745243982885,52.58998808333827,53.07402907276497,53.67610934283987,54.05186033158927,54.45922132311652,54.93649744887226,55.41662193709411,55.89867648759122,56.38203885632794,56.86628740815307,57.351136441331334,57.83639236317649,58.32192399447771,58.80764244765513,59.293487492114295,59.77941831535344,60.26540726265131,60.75143559505356,61.237490614966624,61.72356371844823,62.168100322851316,62.627048739622595,63.109021989628665,63.60113899632704,64.07601188867216,64.56110646561494,65.04652876893802,65.53217314102194,66.01796798782348,66.50386479692065,66.9898306960942,67.47584341099136,67.96188784841792,68.44795378116257,68.93403427922432,69.42012464680563,69.90622170201452,70.39232328878772,70.87842794616778,71.36453468420383,71.80857683783428,72.29632245053521,72.80220385776336,73.27213389613881,73.7467738960553,74.23149519312568,74.7166645604519,75.20213754205045,75.68781625394496,76.17363436954524,76.65954694567739,77.14552352865954,77.63154348294994,78.1175928258195,78.60366208251277,79.08974483289596,79.57583672665967,80.06193481601609,80.54803710353198,81.0341422357382,81.50645926899938,81.98501370990444,82.47031744695418,82.95647043123454,83.43894629208422,83.92613320510118,84.4138671017952,84.8996916075152,85.38560851361909,85.87158803060812,86.35760997299379,86.84366066300502,87.3297308325271,87.8158142014469,88.30190651433357,88.78800488768948,89.27410736764459,89.76021263024843,90.24631977838666,90.73242820417084,91.20791329445898,91.6927846082142,92.18170380500568,92.6639065293041,93.14697288212504,93.63346223919187,94.12024898205851,94.6061675688586,95.09214822469434,95.57817093876731,96.06422215167706,96.55029267551735
E107,0.4861111111111111,0.9722222222222221,1.4583333333333333,2.262408560758828,3.510308700539817,4.917282901983875,6.3647742121843525,7.821014917806316,9.278968201346107,10.737235487248041,12.195557719148242,13.65388923469099,15.112222276572712,13.515000008423092,11.91777777906763,10.320555555751044,8.936489197538043,8.271616244425433,9.729949577755038,11.18828291108782,12.646616244421072,14.104949577754393,15.563282911087725,16.97186609617288,18.69519863088057,20.710861528026133,22.508809469516898,23.88370222614103,24.972039610152713,25.86621972855129,26.628839841080076,27.302314570740517,27.9153840462622,25.43196711799984,23.648683013952457,22.64151487199554,21.906581351139522,21.323762444422123,23.89544628904733,25.805783155636874,26.966218389693122,27.87217338083934,28.638043106638555,29.313116634258783,29.92719253504317,30.500003308942794,31.04486122138943,31.570779250256457,32.08386367434463,32.5882520121215,33.08674784784532,33.58125089991478,34.0730484251803,31.507457118659598,29.447938637545363,28.59546347656803,27.85950571527122,27.262493204972774,29.822837653449614,31.725271303826794,32.880323278358496,33.78262697833873,34.546022118442735,35.21941879837895,35.83235845277486,36.4043993004421,36.94873550754509,37.474300026682116,37.98714491110233,38.491370935801854,38.98975678750813,39.48418531394903,39.97593234033811,39.80476134513784,39.67657306140464,39.59128288754263,39.47913746868932,39.29093266253311,39.900513402596864,40.42997405505011,40.88685398211982,41.34601718993317,41.8090297002762,42.2762104550528,42.74727265214711,43.22168117359364,43.69884250751394,44.17819801969057,44.65926315381658,45.141637730599044,45.625001906497076,46.10910596816328,46.59375835732066,46.472049181610714,46.34630964808468,46.24799853503898,46.110878248585394,45.89874665892863,46.4758357685043,47.04076785976676,47.57363005932517,48.08690818646368,48.588370623066695,49.08281231345582,49.573164573737216,50.061198361675125,50.547967787801326,51.034088260827936,51.51990979565299,52.00562417206887,52.49133058321568,52.977075401269104,53.4628759259151,53.819170371840315,54.184816310972934,54.58563971386037,54.99174531185843,55.3894259070927,55.929440120279516,56.4635032166269,56.9780887159901,57.480771525680424,57.97626679928072,58.46748655317152,58.95621222567889,59.44352099209824,59.930054706578844,60.416188632969096,60.90213662629548,61.38801620324916,61.873888432448496,62.35978211711004,62.84570825209511,62.98442694376009,63.14191492671684,63.39467927650246,63.671060652277,63.93464724880833,64.51797038549033,65.07662707972776,65.6054412394882,66.1161147616288,66.61590606280896,67.10927891417715,67.59894997240603,68.08655134431028,68.57304752878007,69.05899624513732,69.54471047209073,70.03035828561401,70.51602376030507,71.00174366311205,71.48752921827594,71.87137408066343,72.25411089704556,72.6375313532382,73.01964275900423,73.40084027424241,73.89173155697029,74.38172195486777,74.8701237645193,75.35755808491383,75.84441065197822,76.33091904226504,76.8172281118476,77.30342508822562,77.7895616725432,78.27566788034137,78.76176065048524,79.24784915710809,79.73393805563593,80.22002944286123,80.70612402284792,81.16280371174537,81.61731636734552,82.07089967235318,82.52322393622782,82.97516355632642,83.46420648242655,83.95285709501928,84.4404767980716,84.9274663600335,85.41407528898047,85.90045770854117,86.38670792735576,86.87288298781476,87.35901689267381,87.8451295318848,88.33123224819933,88.81733128098908,89.3034298779075,89.78952957541034,90.27563096456352,90.75412348740684,91.2308150359217,91.70738721662295,92.18261016443121,92.65620909921188,93.14599252476152,93.6351458684258
E108,1.4861111111111112,1.9722222222222223,3.211853780864198,4.968295129474535,6.4543958158201855,7.9076484326314365,9.363205188992186,10.82076859973768,12.278930516397265,13.737229830842889,15.195556882555726,13.598333556842228,12.001111147754301,10.403888894768265,8.995709876773848,8.327655392604964,9.785988725816399,11.244322059130994,12.702655392461477,14.16098872579438,15.61932205912765,17.02852854251813,18.745925175507942,20.759814064396835,22.556131279397775,23.930043505696737,25.01773235163045,25.91147504243125,26.673799010405006,27.347073104213152,27.960006632245538,25.47649758593368,23.649205087866548,23.02655444383451,22.246173571531376,21.673632107636195,24.24387565229207,25.959421630983336,27.05243862779277,27.949791695827592,28.71456207045836,29.38949385961066,30.0035506489153,30.576358284677344,31.121215322127444,31.647132917700546,32.16021706854345,32.6646052237645,33.16310093611885,33.65760390463488,34.14940137328965,31.58381002840993,29.51810625358451,28.87942295971329,28.224617500704746,27.60903390706905,30.17193571198572,31.878789827256796,32.9664231100184,33.86012815098226,34.622426607269645,35.2956834142528,35.90860522866054,36.480643800703376,37.024979717372915,37.55054419933377,38.063389078921716,38.567615102943435,39.06600095452157,39.56042948091789,40.05217650728216,38.12136887759188,36.946431907032746,36.67345724857643,36.56752980827946,36.35597053671343,37.551087541251704,38.56621110695828,39.41078326152183,40.139789069264,40.790486638873546,41.38812222004012,41.9498027767461,42.48712005906498,42.87470399818649,43.245209878217246,43.65298640305984,44.0860176721213,44.53616166109356,44.99790130038038,45.467498200635546,44.9750940140261,44.55374738980266,44.46105490258304,44.54980029827475,44.72501569442958,45.31290316642071,45.88172913968871,46.417421697262114,46.932747683344076,47.43568584391017,47.93118717858862,48.42229790281067,48.91087303447402,49.398027847376724,49.88442204320674,50.370437580117,50.8562891906601,51.342092507085404,51.827905641286186,52.31375425473706,52.59054662930522,52.92239932441471,53.31031276824344,53.70475203792024,54.08024580165551,54.62169194034419,55.15200303136977,55.664636277322636,56.16639610043587,56.661536907025884,57.15270007116374,57.64151180537486,58.128963186370626,58.61565065830554,59.10192747696628,59.58799852175199,60.07397925045334,60.55993206258563,61.045888510346806,61.53186270296283,61.91607858267089,62.32618620242263,62.757093113796515,63.19437958208137,63.63103851979845,64.13055374315537,64.62734115720583,65.11985765516137,65.60974740309467,66.09803833755745,66.58536861214223,67.0721310835136,67.55856514773015,68.04481485720672,68.53096551489683,69.01706658278131,69.50314592551878,69.98921859518668,70.47529219649996,70.96137012430944,71.40809171023105,71.86116238578818,72.32074048797922,72.7798840443939,73.23582403903349,73.73243819256106,74.22713074178904,74.718401201785,75.20756416044247,75.6954422591198,76.18254675861905,76.66919281019334,77.15557276537574,77.6418025996862,78.12795116640834,78.61405852622651,79.10014735590752,79.58622999343532,80.07231274736986,80.55839850217093,81.0195241781182,81.48299969060334,81.94795871408034,82.41054406869318,82.86953887975709,83.36066419929143,83.850853122645,84.33941533976221,84.82697589324259,85.31392588176502,85.8005083388296,86.28687305351681,86.77311143303544,87.25927857792867,87.74540719152903,88.23151629439363,88.71761664768982,89.20371410180167,89.68981164425641,90.1759106375871,90.64488730732468,91.11512700629366,91.58474390048183,92.05165313744149,92.51535119418128,93.00280151742729,93.4900070424427,93.97677595419248,94.46327602490479
E109,0.4861111111111111,0.9722222222222221,1.4583333333333333,2.262408560758828,3.510308700539817,4.917282901983875,6.3647742121843525,7.821014917806316,9.278968201346107,7.681679931692485,6.177037581846829,5.496256302918087,4.924178075753738,4.36644247250016,5.824775798700253,7.283109130939225,8.74144246410643,10.199775797414775,11.65810913074438,13.116442464077162,14.574775797410414,16.033109130743735,17.491442464077068,18.906162449451678,20.58728604307225,22.27806630371433,23.580466250002416,24.619698077032922,25.48060608992067,23.165125587773826,21.78731763414689,21.172519253745143,20.437822906504856,19.906325935500526,22.498514857788106,23.906368406195465,25.01040626437747,25.915227113998597,26.685057688548003,27.363418290249335,27.979798457223925,28.55418042337586,29.100104233657866,29.626744678946753,30.14031863576895,30.64503868556242,31.143759291061937,31.638414648110196,32.130315375869344,29.564793999789003,27.49869778713952,26.784961631392758,26.63411028831205,25.888101902706214,28.484139178676948,29.858114077324565,30.94575194928524,31.839460099909516,32.601760663315744,33.27501889809141,33.88794167997731,34.45998090758738,35.004317268472,35.529882051434846,36.042727134983,36.546953297209,37.04533924243494,37.539767832287396,38.031514901649814,36.32230672778173,35.25159872913779,35.43490736964388,36.01464405228864,36.63560835571262,37.628758590599844,38.49803539379761,39.24378117439035,39.905821819353335,40.42127775618224,40.927273043469825,41.42685775520885,41.922098634245444,42.41439611414356,42.82570696185401,43.18340507872508,43.582503009885,44.00965362770626,44.45581286289545,44.91485241641572,44.92986086409139,45.017790223851456,45.18026554871572,45.37597466458921,45.58183215767989,46.12274247932663,46.653289792792904,47.166002179649794,47.66776079425461,48.162863625723084,48.6539758805433,49.14273605820147,49.630140944208215,50.11678907780414,50.60303393287369,51.089079722430576,51.575040901035386,52.06097881458673,52.54692404804298,53.032889883584346,53.134095380499225,53.268790392770185,53.43959566004678,53.6260850651403,53.85666040129334,54.37173911680867,54.880745017110954,55.38062447772634,55.8748824877382,56.36571264216121,56.85447841259118,57.342020403634685,57.828851775212286,58.31528200449952,58.801494881496915,59.28759738430216,59.77365010382266,60.259686034644886,60.7457220711494,61.23176595936271,61.6202965500217,62.027503709780795,62.44113147189195,62.849485957291506,63.24846297264972,63.740014777933766,64.23051883924363,64.71927235268414,65.20694745776065,65.69396485434997,66.18058606732026,66.66697235409474,67.15322217361219,67.63939491731927,68.12552586583297,68.61163556231078,69.0977356480071,69.58383246690943,70.06992927139069,70.55602755626842,70.99038668218054,71.43303739983394,71.87807045001492,72.31923244031981,72.75431674772241,73.24360771325418,73.73227993643748,74.21993212274361,74.70695578383516,75.19359600960502,75.68000518635398,76.16627729687798,76.65246973967047,77.13861714969103,77.62474011015613,78.11085061306038,78.59695545932433,79.08305835951897,79.56916121961596,80.055264918905,80.50951624223077,80.96747911020829,81.4264577520804,81.88455755870243,82.34182316994574,82.82962444448805,83.31709843603618,83.80402963122287,84.29062636408894,84.77701905437267,85.26328879195559,85.74948558863629,86.2356399886122,86.72177042284656,87.2078878448453,87.69399863636201,88.18010641672842,88.6662131607275,89.15231988279479,89.6384270509853,90.11289250866535,90.59136894918521,91.0730088836182,91.556531567064,92.04105212652797,92.52811076721031,93.01506166785317,93.50167937643658,93.98809144547812,94.47437781436888,94.9605882522302
E11,0.0,0.0,0.0,0.0,0.0,0.0,0.0,0.0,0.0,0.0,0.0,0.0,0.0,0.0,0.0098436782602836,1.026344776772456,1.69127712569085,2.6278366259961925,3.5693761683337413,4.762928572329582,5.055343396497641,5.793955893932915,8.18564202259329,10.641407846784958,13.019804394764066,15.493454104473066,18.265389558706346,20.710973225621238,22.474461654532462,23.82415515453503,24.775493547528214,25.6347388720834,26.49238091742822,27.349995050745893,28.207608698133697,30.503803177952857,32.07436570256131,31.541090921917053,32.048772831496514,33.001228716136424,32.72052588762311,33.35762093367402,35.85240601881863,37.61419016147586,38.98199613076087,39.91975054733972,40.959911422111816,42.099891713692664,43.307483067962494,44.56088749014418,45.44698016698422,46.26201472527519,47.089699371237614,47.92701424591215,48.77087303106313,51.057747158918694,52.62199417420181,52.09394064248857,52.666708827044936,53.928704423353125,53.730371856630434,54.484404790596145,57.02909618803266,58.71465957489697,59.904041485933234,61.130443968298046,62.39817266990461,63.69235386914777,65.00443240095336,66.32863776999653,67.26270546343385,68.04885986490585,68.78349893682734,69.49844193771654,70.204127138055,71.85471909682751,72.81688316091657,71.67502945542586,71.67845297326154,72.35760374198823,71.60350692169986,71.8855814719128,73.94505881676152,75.55526440883632,76.49335983033775,77.11755071427847,77.67090940615861,78.18492077139432,78.69161877135407,79.15119186703387,79.7091549132754,80.15800034265033,80.67588829935085,81.25605982484339,81.88741005265899,84.20013415780092,86.58186786321146,87.22553200084852,88.47552341805901,90.24681211744927,90.31535996883866,90.09102823471716,91.49414195488593,92.33603096405777,92.46671329462205,92.471999686645,92.39544487183828,92.24810071840531,92.05992336597222,91.87663220423136,91.8598090042207,91.91804635283373,92.04796373123935,92.23492924399315,92.46049714243391,93.64678433458165,94.71773193952343,95.2292521891408,95.89928813898652,96.66888312758208,96.58569284352134,96.56590675305796,96.679588409362,96.82898148336943,97.00906229384536,97.14817911699674,97.26692916635156,97.36805139782446,97.45218711303185,97.52025482883208,97.71155255048674,97.90100629579129,98.08891499433913,98.27557902586463,98.46126806466451,98.61325777762899,98.71527512824814,98.56125509225728,98.46214384568702,98.39563361104632,98.33924838183138,98.29717749239109,98.30265190992401,98.30636597799202,98.30888603335899,98.31059193183296,98.31175089544267,98.31253832778273,98.3130733641611,98.31343692724269,98.31385072184037,98.3140416187265,98.31412993615433,98.31417097722442,98.31419017961991,98.3141996590938,98.3142040955769,97.68968448551507,97.23376213392659,96.90176148456621,96.65258388645086,96.4678621663192,96.46954711152846,96.468679212014,96.46772259360228,96.46649053343235,96.46525781831978,96.46432586738042,96.46397841278407,96.46433869742054,96.46697295378681,96.46919714504162,96.47118873150558,96.47296652731063,96.47451314558091,96.47657508320727,96.47785902415299,96.16926140976442,95.99390498335367,95.89405570490975,95.83552836842622,95.80173757939112,95.80372244087013,95.80346908766437,95.80321026454227,95.80286994731257,95.80251216829012,95.80218604139539,95.80199741121146,95.80202874124419,95.80288333734266,95.80363820034697,95.80435009831612,95.80501391992732,95.80558250548752,95.80641874295473,95.80694611834967,95.78359112286182,95.77261641924632,95.76667523052322
E110,0.4861111111111111,0.9722222222222221,1.4583333333333333,2.262408560758828,3.510308700539817,4.917282901983875,6.3647742121843525,4.797430518709751,4.108552048916732,3.6435554325023443,3.449934411567853,3.4243986978655983,4.88273173974732,6.341065027153258,7.799398353353352,9.257731685592322,10.716065018759528,12.174398352067872,13.632731685397477,15.091065018730259,16.549398352063513,18.007731685396834,19.421615395380964,21.108240800781005,22.638845462582676,23.832709755698172,24.798397371907047,22.553915965552285,21.227468550082005,20.481414251470405,19.799221081336825,19.278725575176015,21.88077875351516,23.46708319482054,24.575777828410494,25.483754128451288,26.255722849352765,26.935532267931205,27.55289415925846,28.12794134592228,28.67431591239489,29.201261791956682,29.71504271231484,30.219903001462626,30.718718633732962,31.21343838131707,31.705382740371597,29.139890929038817,27.07319259066778,26.273874412045384,26.062935723911245,25.26944542692219,27.89945510037182,29.428151336776413,30.515791147865855,31.409500612451865,32.171802066204044,32.84506090428183,33.45798409496776,34.030023599582435,34.574360148166534,35.09992505831533,35.61277022804521,36.1169964486683,36.615382433464355,37.10981105012969,37.60155813766062,35.03593265432148,32.96888947183857,32.16933762540911,31.96847687454777,31.17132042287792,33.80261885491386,35.330831978393924,36.41846302204056,37.31216654577079,38.07446397397434,38.7477200843236,39.36064142668932,39.93267967887452,40.47701537880718,41.00257971390623,41.51542449398,42.019650450570495,42.518036256456966,42.91897229211172,43.28414068021888,42.77070805087641,42.436258399487365,42.28425466074299,42.18624024548764,42.05529840284436,42.68391500923008,43.310562802059486,43.88118748807344,44.41730504721774,44.9323811246776,45.434785468627325,45.929678115474566,46.42020904139038,46.90827790299667,47.39501282738783,47.88107043939172,48.36682262581711,48.85247188317943,49.338121885580044,49.82382015727514,49.538369855322884,49.30512883952362,49.13087842160906,48.98065275667895,48.83689476646542,49.37264417018859,49.89719468027583,50.406462816627084,50.90630717096445,51.400397199653966,51.8910158233456,52.379572053754174,52.86692719820127,53.35360156347177,53.83990480663344,54.326017680013976,54.81204296243453,55.298036948647535,55.784028739141384,56.27003192355085,56.623604291011574,57.02213390660265,57.45562933711706,57.91000884683153,58.37599050843159,58.869247559963,59.36093805539136,59.85040500754907,60.338502222571705,60.82576409254081,61.31252280718553,61.79898318805673,62.28527028697428,62.771459531922666,63.25759572631621,63.74370495555197,64.22980199940582,64.71589491051088,65.20198781576678,65.6880826106368,66.15106113111322,66.62581548457007,67.11805383356096,67.61750489415147,68.11822374464685,68.6222704710698,69.12263308136005,69.6173412267539,70.10855957147744,70.59764474214434,71.08544135048079,71.57247112974513,72.05905333591308,72.54538107487085,73.03156945977132,73.51768582885174,74.00376858554667,74.4898388563337,74.97590763915395,75.46198013834146,75.88920990817118,76.33600930952544,76.80170514708482,77.27884232041254,77.76268863481745,78.26104142096949,78.75730833103007,79.24956251564043,79.73933576239956,80.2275892539924,80.71492227689983,81.20170566461756,81.68816681295581,82.17444362337362,82.6606185728809,83.14674011791153,83.6328360579233,84.11892181832704,84.60500553971917,85.09109117176645,85.50837218640113,85.94880545060616,86.41195510781586,86.88859798332989,87.37303152573172,87.87398730942942,88.3723178311787,88.86581779056644,89.35633181973002,89.84501723155223,90.3325954680339,90.81951285617772,91.30604301383336
E111,0.4861111111111111,0.9722222222222221,1.4583333333333333,2.262408560758828,3.510308700539817,2.8097876633886294,2.797091578339818,2.799070399695584,2.7997890921912982,2.799957863012904,4.258280094913106,5.716611610455853,7.174944652337574,8.633277939743513,10.091611265943605,11.549944598182577,13.008277931349781,14.466611264658127,15.924944597987729,17.16924345287964,18.564107011478676,19.9703221212666,21.707398843746887,23.048774916755335,24.114417129652097,20.328088354677327,17.594098173385554,15.547161458483695,13.988737361817972,11.551642366212482,13.1007409431812,14.571050246160869,16.030963742155873,17.489505569173733,18.94786641209044,20.21988599518872,21.57162243844057,22.73429172937831,23.575155303035174,24.301648160902552,24.95064294520632,25.547124711954748,26.108023439203436,26.64481095062444,27.165260601737195,23.53257749062133,20.543362544432824,18.339103107278145,16.509658735192257,14.934190612926418,17.919469688643122,20.37174331105505,22.015343098851226,23.01788307353855,23.853928534395834,24.577156618954746,25.22393917926147,25.8189219338119,26.37880492414935,26.914904168007048,27.434887446151137,27.943950478777825,28.445613907540896,28.9422633338943,29.43551525132323,25.78160041112463,23.34081751039649,23.395651029181266,24.43559282141353,25.540977066359208,27.320284530214202,28.2163291177607,28.92091792657093,29.55507043596671,30.14149501539467,30.69557895061006,31.227748730554335,31.745069387577914,32.25232821703909,32.7527691102197,33.248590141368524,33.74128073475519,34.23185013047073,34.720982193805995,35.209140314731485,35.52607781219914,35.90571174479935,36.348091098979054,36.818591775384064,37.315515052540434,37.86050053724005,38.37054827504513,38.870257941169136,39.365583489817624,39.857938342197556,40.34828023840801,40.837258147130704,41.325311812248415,41.81273920604837,42.29974223579395,42.74518349354999,43.08829056694884,43.477501546255965,43.89795272430615,44.33957239119212,44.77842966494008,45.23339934995615,45.702550855130355,46.179109713545685,46.66028436038496,47.149002741884985,47.63348399430197,48.11827745383477,48.60349571874622,49.089001833552246,49.5747029966462,50.06053632527277,50.546459209814934,51.03244277781865,51.51846746518876,52.004520015212876,52.490591445087425,52.97667566802731,53.46276855960156,53.94886732507858,54.43171505992308,54.915823454396325,55.40141852860485,55.88753968269325,56.37382493514829,56.861272139570836,57.3476611300645,57.83390221061764,58.32010138956421,58.80627217580757,59.29242372303695,59.77856223383028,60.26469191108022,60.75081560268437,61.236935238389975,61.72305212580184,62.20916715095841,62.69528091424303,63.18139382247796,63.667506151327665,64.15308605039684,64.63887146211066,65.12489835632957,65.6109997540718,66.09702977937297,66.58339503930397,67.06958261648856,67.55572332931074,68.04185449866462,68.5279792013246,69.01409952212586,69.50021687376139,69.98633221347784,70.47244618990956,70.95855924257384,71.44467166928948,71.9307836718597,72.41689538702722,72.90300690744947,73.38911829591152,73.87490667838438,74.36081899445806,74.8468792433016,75.33299394060275,75.81914313642265,76.30538114475321,76.79151374300214,77.27763626094261,77.76375510136883,78.24987144989606,78.73598610990216,79.22209962575928,79.70821236633633,80.19432458158035,80.68043644085651,81.16654805892738,81.65265951355654,82.13877085743691,82.62488212627343,83.11099334425995,83.59709903807412,84.08320701798891,84.56931722042968,85.05542816761577,85.54153953290002,86.02765196088887,86.51376393738947,86.99987528979236,87.48598656440379,87.9720977863034,88.45820897248524,88.9443201344646,89.43043128004427,89.9165424145114,90.40265354144866
E112,0.4861111111111111,0.9722222222222221,1.4583333333333333,2.262408560758828,3.510308700539817,4.917282901983875,6.3647742121843525,7.821014917806316,9.278968201346107,10.737235487248041,8.752024574825306,6.766822946045114,5.356468481776566,4.35134088476672,3.3996806988971913,4.858014031136163,6.316347364303369,7.774680697611712,9.233014030941318,10.6913473642741,12.149680697607351,13.608014030940673,15.066347364274005,16.43113994153763,17.86171992577125,19.26640932984121,20.966484583872525,22.510037992970034,23.70876637516377,24.676681163831642,22.013674645048212,19.76106051424097,18.394888179653456,17.37714913619061,16.52656815566204,19.245707565906535,21.508046044628855,22.85114622065624,23.82322108389638,24.612728582708577,25.297344396900886,25.916028460728516,26.491442743962562,27.037921512834444,27.564898491325927,28.078689685193016,28.583553983885345,29.082371526198205,29.577092347496045,30.06903737382217,27.22113136642777,24.6016839541603,23.14008176644937,22.03648363509965,21.121930701882597,23.79613888319289,26.027598927653024,27.34965743537589,28.30744203738071,29.08725755618388,29.76530362819588,30.379535346928765,30.951932522058605,31.49636683656607,32.02195847077479,32.534810945897156,33.03903916384908,33.5374256949265,34.03185446114003,34.52360158970355,33.0939429445083,32.021824319797545,31.5497348291866,31.24146039443649,31.055953339054085,33.108616926517826,34.630945830744,35.757550761983794,36.66081151728785,37.42497880224373,38.09824290397352,38.71082552243226,39.28254018825233,39.82663091316847,40.352022224277825,40.86474784159607,41.36889252793368,41.86722312123661,42.361614165165776,42.786656268144725,41.38928204245884,40.719988175138276,40.87686024317708,41.24806740724505,41.732745762979775,43.05294945252057,43.97872930502229,44.71780791165439,45.36304332823307,45.95361910621226,46.50959787677252,47.042800673051175,47.5607527174393,48.068420629802304,48.569133594806516,49.06513758225731,49.55795176473461,50.04860480028288,50.53779350971264,51.02599000644912,50.99557409116261,51.04784155712906,51.48974338836817,51.94951312418915,52.43289703136083,53.138436314005034,53.727654243772136,54.26700026316194,54.78463779640235,55.29086881784298,55.79027363700067,56.2852997876989,56.77742639232731,57.26760669115262,57.75647320501987,58.2444508703302,58.731826624704105,59.21879462464412,59.70548635661376,60.19199089594535,60.58915996632314,61.004708046068295,61.48210593874754,61.96419707115494,62.45082732935517,62.97483219865398,63.47928791229898,63.97514363351105,64.467123615014,64.95701083609504,65.44562580711468,65.93341855220238,66.42066504766495,66.90754437985576,67.39417573461085,67.88063928129803,68.3669891813499,68.8532620905899,69.33948283507831,69.82566823375556,70.29957458975221,70.77589628919804,71.26029982701498,71.74543819338176,72.23130963441605,72.7227412552974,73.21168886526027,73.69909613031304,74.18591444791726,74.6724580046931,75.15884936147589,75.64514687462584,76.13138333760875,76.61757912665448,77.10374754454179,77.58989746746202,78.07603487228631,78.56216379867004,79.04828698108588,79.53440627165449,80.01467063642052,80.49585873656994,80.98134774953412,81.46714006418867,81.95324938611314,82.44200158160392,82.92935503303379,83.41615107577182,83.90268341750168,84.38906823505614,84.8753616069707,85.36159534304065,85.84778930596852,86.33395649238842,86.82010558247872,87.30624242341611,87.79237096782856,88.2784938914521,88.76461300667103,89.25072954137164,89.73515098923507,90.21986539438225,90.70578826192596,91.19180345173407,91.67791206409562,92.16478514764636,92.65125563403578,93.13756491831907,93.62379791905494,94.10998823553399
E113,0.4861111111111111,0.9722222222222221,1.4583333333333333,2.262408560758828,3.510308700539817,4.917282901983875,6.3647742121843525,7.821014917806316,7.112540586784096,6.40438025812402,5.70754013830687,5.975138801381256,6.3332098373394174,7.791543124745354,9.249876450945449,10.70820978318442,12.166543116351624,13.624876449659968,15.083209782989574,16.541543116322355,17.99987644965561,19.45820978298893,20.68715183053836,21.585355754100593,22.168825415182887,22.67793786717182,23.169483135656215,23.656878087849222,22.14447290022411,21.3934336300669,21.49655512735751,21.691770509575406,21.286453155270998,23.192895035172267,24.66133278166324,25.729331082515387,26.60973137792498,27.363014483188344,28.030162450753664,28.638944890118385,29.208178604384674,29.750613937737914,30.274890576524555,30.78686280821163,31.290497522379688,31.788482699937198,32.28263972794767,32.77420278587444,31.26518854761605,30.361104365947625,29.9467600935916,29.785194810245088,29.75138689526561,31.884050095155498,33.49018413786966,34.654751268424334,35.60058700521048,36.398209438198265,37.09540191897685,37.72454264568035,38.3075712202736,38.85935400846297,39.389964521594294,39.90622861292848,40.412771509076165,40.9127272828605,41.40821959508507,41.90068744715901,42.08585427118223,42.320058801847615,42.64779088516603,42.99388747254616,43.34353099132569,43.847189461768025,44.32897593323324,44.79171775452083,45.25716496780147,45.728133319789464,46.203714111985406,46.68262615943289,47.163844111376804,47.646636043330595,48.130497225140545,48.615083576406136,49.100161457025564,49.58557243577782,50.07120913166942,50.55699877643303,50.81483105109537,51.144641842782065,51.54598247825586,51.951085024469435,52.34724377489806,52.88042922472208,53.38708378102041,53.871111221096754,54.35202942116062,54.83372851634393,55.316638986688794,55.80053147115733,56.28512745219689,56.77020912192546,57.25562202178754,57.74125986671511,58.22705025399052,58.71294403262422,59.19890787629477,59.684919197890615,60.01381243734758,60.38008761927385,60.75346119508055,61.12477728478129,61.49371958005059,62.00877369564486,62.505981583128595,62.99083308574708,63.474016647637924,63.957654040673646,64.44197318602815,64.92684270395587,65.41210604487351,65.89764117681925,66.38336164139457,66.86920796357954,67.3551396324808,67.84112914804702,68.32715786438666,68.81321314419186,69.1638306588885,69.53090301076459,69.90006234176144,70.26804631445755,70.63504773156887,71.13518103106989,71.62755205259447,72.11330749866313,72.59809145428555,73.08304667082278,73.56831391818915,74.0538389008712,74.53954946508931,75.02538836451427,75.51131483498116,75.99730078820082,76.48332708126114,76.96938071681703,77.45545288166403,77.9415376024853,78.30360517803805,78.67147373649291,79.04033783104822,79.40892023145577,79.77710452140683,80.26551778551195,80.75186596890207,81.23765998517244,81.72344336448556,82.20930573788853,82.69524200351565,83.18123315025127,83.66726262137385,84.15331832981511,84.63939188021985,85.125477535403,85.61157139637578,86.09767081846249,86.58377400898081,87.0698797530508,87.15784620852571,87.50725522135345,87.90462213942789,88.30356597512764,88.69594736516956,89.5105016563936,90.02023496550983,90.4753049012443,90.92926718402538,91.39096810567034,91.8599183656182,92.33425463933585,92.81235244308533,93.29302552262416,93.77544986806274,94.2590623547561,94.74348027966865,95.22844405526907,95.71377772103604,96.19936203051998,96.21405685047428,96.57188251511428,96.98698004427766,97.39948516558472,97.80045701649681,98.66241091540206,99.17391771133562,99.62304286059272,100.07128854049901,100.5287169792435,100.99467794788498,101.46696640100167
E114,0.4861111111111111,0.9722222222222221,1.4583333333333333,2.262408560758828,3.510308700539817,4.917282901983875,3.8733941552890077,4.073205400442413,4.311832652454199,4.552569858049887,4.79331610856425,6.251647624106997,7.709980665988718,9.168313953394659,10.626647279594751,12.084980611833723,13.543313945000927,15.001647278309271,16.459980611638876,17.918313944971658,19.159020378341925,20.15644842396306,20.693668611740076,21.18158180472995,21.667756456396077,22.15386980791712,20.004460904612824,19.17955769317248,19.290086596551586,18.469244445525273,17.371181602046747,19.356409702642424,21.47062069033106,22.942503666103192,24.05515343444351,24.951197576934824,25.70992668228335,26.37894672840573,26.988356355721827,27.557788827125563,28.100279038881276,28.624564714550914,29.13653314033361,29.640161773106005,30.138141594403912,30.632294557183933,28.48833461335487,27.113189325883344,26.240079769752544,25.422994023514654,24.625670261126118,26.881139372303323,29.139067414472724,30.871863073764814,32.16497817405141,33.18460087585683,34.02752395264377,34.75375525561362,35.40198828554903,35.99774769796621,36.558084224186274,37.09446513062376,37.61463021481532,38.12381324776615,38.62555686322001,39.12226022721089,39.14501889582293,39.29388576311855,39.62218875314158,39.951762041132746,40.233417406480896,40.80137331730639,41.31924305488833,41.80647396015327,42.17688797850601,42.543593715969934,42.948793928651064,43.38007943132443,43.82904048007735,44.28997855408478,44.75903231036475,45.233585286769895,45.71186455764534,46.192668781180096,46.675183923157434,47.1588583906003,47.22455885744498,47.43963909729103,47.754895848593236,48.04961267110625,48.325643616123365,48.88102339006758,49.3832327227426,49.85305299694207,50.327166343125654,50.80511390392933,51.285692167043415,51.76805415525849,52.25162484359159,52.73601455359097,53.220959236134426,53.706279970387904,54.19185551884704,54.67760373047366,55.16346893938201,55.64941342613593,55.86498599508553,56.10310289310017,56.35537779893974,56.6039033481209,56.849396868032585,57.344058355858095,57.83200263692566,58.31596238533452,58.8004960699816,59.28553409139992,59.77091792370587,60.25653622242314,60.742313401617864,61.22819823906452,61.71415602619756,62.20016324434228,62.68620395714646,63.17226736607148,63.658346153982535,64.1444353627586,64.37022848122498,64.60948664325906,64.85714719711005,65.1025282368509,65.34608806368028,65.83724802979756,66.32443971961379,66.8092800564043,67.29445946144999,67.779936754477,68.26561830001114,68.75143833260155,69.23735220758508,69.72332967067045,70.20935022132232,70.69539996828891,71.18146949880003,71.6675524347233,72.15364445420975,72.63974262875645,72.03305327380815,72.48339688938938,72.90987533743436,73.27753873875419,73.60438972403608,75.01865787951337,75.31680814998147,75.64253767646912,76.01880933962053,76.43045173335487,76.86610108388949,77.31801904474217,77.78096073296726,78.25137214652808,78.72684507716149,79.20574771285506,79.68697433098794,80.16977568930494,80.65364409813213,81.13823554483106,80.51467733103713,80.72345211914293,80.74173630762617,80.76046436630496,80.82538539852423,82.04954626657104,83.03266655831544,83.69563740567503,84.24518031310348,84.75437518236616,85.24910911044267,85.73858723665981,86.22610651645618,86.71286374616292,87.19930400320705,87.68559981359363,88.17182255659303,88.65800454046527,89.14416199285888,89.6303039115635,89.01899877823402,88.71868853134399,88.78781951738749,89.00234735081304,89.2756811371272,90.50577671659022,91.49847373441786,92.1698934166163,92.72585252600031,93.23963886891332,93.73757000735306,94.22924491556095,94.71826344581925,95.20604034887768
E115,0.4861111111111111,0.9722222222222221,1.4583333333333333,2.262408560758828,2.7721037377790316,3.0157672990217974,3.127939647030608,3.1810933900498406,3.2070406580920707,4.665307943994003,6.123630175894204,7.581961691436952,9.040294733318675,10.498628020724613,11.956961346924706,13.415294679163678,14.873628012330881,16.331961345639225,17.5713519197082,18.567888333585856,19.12217007550796,19.608281186619067,20.09439229773018,20.580503408841288,17.860557447655573,16.602461570845513,16.249533886523917,14.36124686583694,12.270377710490642,13.732773941080199,15.19164335113484,16.650047416813344,18.108390082886665,19.56672464762319,20.859835045338485,21.892772151120965,22.54911185462809,23.0352229657392,23.521334076850312,24.007445187961423,24.493556299072537,24.979667410183644,25.465778521294755,25.951889632405866,23.22370585731742,21.675942198564755,20.58527498396459,19.762458737582207,19.04107596441088,21.696899384337136,23.658392493427044,24.849592589068962,25.666490877855487,26.303419325405837,26.85514528386695,27.368065260603895,27.854176371715006,28.340287482826117,28.826398593937228,29.31250970504834,29.79862081615945,30.28473192727056,30.77084303838167,31.25695414949278,28.54191440232956,26.5857888215196,25.427520992284883,24.522192390121194,23.72435695161966,26.56014123322891,28.66432764625107,29.958678187464702,30.848694759224735,31.53677636246998,32.12396604118602,32.660720222062075,33.172243423344895,33.67113203199895,34.163685342833816,34.65305628392344,35.14082480662992,35.62778388039237,36.11433233316437,36.600671323676806,36.25196488649087,36.29877242279637,36.66064618515394,37.18424527368863,37.775050199630755,38.550441929070445,39.224187913498156,39.80780167629893,40.345194824331045,40.85867853320432,41.35965762901723,41.85400761847463,42.34478564351562,42.77549257266224,43.12533106721082,43.51893549386898,43.94227998449483,44.385818414083474,44.84306126716103,45.30960073413133,45.47065133121946,45.73895125586237,46.14405139169827,46.59475467149031,46.98109783168064,47.49609385494274,47.98357058884597,48.456631714302084,48.933900100758414,49.41401934479877,49.896070341816625,50.379430302700996,50.863677222955346,51.34852515057445,51.833780323288124,52.31931144697471,52.805029556190355,53.29087436757958,53.77680503288957,54.262793873173976,54.18538024803884,54.48216379116454,54.73679880674393,55.00659397658349,55.31186488682647,56.2343704153139,57.0059789197151,57.67183194726815,58.27289631827158,58.83348768473483,59.36836451879975,59.88667021231449,60.39417283186083,60.894567561047445,61.39025187225223,61.882797223627136,62.37324196236422,62.86227646715976,63.3503619516234,63.83780764855196,63.483051544118084,63.39263998155355,63.502027389719515,63.73286373078909,64.0409125731738,65.22461923457391,66.17991696243908,66.97306481201181,67.6617946009105,68.28249177983525,68.85844744567447,69.40476337046852,69.93133316289465,70.44469145062487,70.9491816551156,71.44770475784179,71.94220545419873,72.43399099084579,72.92394193193084,73.41265234150137,72.3727257480376,71.74471638210231,71.83517581885526,72.16793433306118,72.55542603837107,73.66011471752466,74.0747621559318,74.46230233355102,74.8816213694158,75.32247389203968,75.77791759501442,76.24324834259141,76.71527859278699,77.19184845387147,77.67149437420933,78.1532246451142,78.63636728064805,79.12046694033936,79.60521508358737,80.09040264199541,79.53517945393533,79.33072937789949,79.15673900702541,79.09689371110399,79.12609194886574,79.63735629901774,80.10458235291316,80.57789687056716,81.0553369566326,81.5355725450435,82.0177023774916,82.50111575759199,82.98539887492969,83.4702713298433,83.95554312235392,84.44108550768418
E116,0.4861111111111111,0.9722222222222221,1.4583333333333333,2.262408560758828,2.8205813475098145,3.149126096099405,3.352502129333533,4.808742834955497,6.266696118495288,7.72496340439722,9.183285636297422,10.641617151840169,12.099950193721888,13.558283481127827,15.01661680732792,16.474950139566893,17.721106619693504,18.72222763978833,19.28288927300369,19.769000384114804,20.25511149522591,20.741222606337026,18.099222124358242,17.138163129215407,16.535699089473226,14.583052256332765,12.452256304618917,13.91416251749697,15.3729672724369,16.831362807232214,18.289704347702894,19.748038763922402,21.188139437111623,22.45751063838391,23.4155883857995,24.193675625234967,24.864452747116136,25.46945417765621,26.033171041931237,26.57046897086876,27.09060195271518,27.599452704686414,24.97716497740057,23.176189745281086,21.869087879048664,20.701732673550918,19.600550129489935,22.146909531162233,24.708106166220944,26.51039127823043,27.795892941097854,28.7798955139998,29.582649821745925,30.273503576247883,30.89370104556166,31.46846866451058,32.013611595552,32.53922941297948,33.05187675101307,33.555858267303066,34.05402604327301,34.54828199016992,31.91624156642654,30.908082686956146,31.237831431506358,31.94615005107503,32.66000063367616,34.00102475769776,35.076483801794886,35.67105168978993,36.157162800901034,36.64327391201215,37.129385023123255,37.61549613423437,38.101607245345484,38.58771835645659,39.073829467567705,39.55994057867881,40.04605168978993,40.53216280090104,41.01827391201215,41.504385023123255,41.05431225140885,40.90061504685148,40.876672249981354,40.80377346477896,40.73043272585048,41.31838900572217,41.79049627547478,42.21741804075701,42.663422204512194,43.122356680982655,43.59005279122528,44.06368582101874,44.54134173223699,45.02172356467071,45.503952492678025,45.98743302034224,46.471761637148965,46.95666492269237,47.44195760616619,47.927514147300165,47.82990386864839,47.745882902173044,47.68346520483115,47.61394852242427,47.54291125775493,48.03633060343084,48.52321278551439,49.00735878555934,49.492138329224055,49.97734716468529,50.46284689005657,50.94854372364293,51.43437411857711,51.92029501523708,52.40627723624354,52.892301010882704,53.37835294243651,53.86442395323302,54.35050789220387,54.83660059135952,54.74972991919881,54.67583604432684,54.608014091660046,54.536317868796374,54.46345553624291,54.95285139736406,55.43913382381713,55.92418152016015,56.409572056993504,56.895194903971614,57.38097516527177,57.86686209117245,58.35282129345084,58.83882947050397,59.324870833068495,59.8109346822738,60.29701376852064,60.78310317945027,61.269199586428,61.755300733957064,61.675208444560894,61.600746347802236,61.52915621204905,61.599376701163465,61.80127916058704,62.28906858744968,62.77529475700977,63.26089179394915,63.74665456625952,64.23252964154786,64.71848081380196,65.20448354967715,65.69052122527684,66.17658257617944,66.66265996956591,67.14874823340632,67.63484386311161,68.12094448395763,68.60704848682141,69.09315478135451,69.38407450041734,69.73722357165015,70.13287555255414,70.55727249643151,71.00130229461911,71.48747520840297,71.97359170000111,72.45968527855679,72.9457845095353,73.43188757061905,73.9179932269981,74.40410064196003,74.89020924854505,75.37631866257885,75.86242862374331,76.34853895564578,76.83464953876185,77.32076029210135,77.80687116078492,78.29298210762612,78.75013382155394,79.21664361121329,79.68945657655848,80.16643864656633,80.6462943847461,81.132477604142,81.61859366263519,82.10468268273414,82.59077882488336,83.07687979296352,83.5629840311146,84.04909048507935,84.5351984404887,85.02130741328314,85.50741707546196,85.99352720477052,86.47963765060814,86.96574831092715
E117,0.4861111111111111,0.9722222222222221,1.4583333333333333,2.262408560758828,3.510308700539817,4.917282901983875,6.3647742121843525,4.79743051870975,4.123458487364217,3.7090797595946365,3.654492021500901,3.6473041888917574,5.105637230773479,6.563970518179417,8.02230384437951,9.480637176618481,10.938970509785687,12.39730384309403,13.855637176423635,15.313970509756416,16.66276921010901,17.609295657200686,18.197911035431538,18.706843116993984,19.19803495993192,19.685277216449457,20.17164015937812,18.073978732722995,16.675117329029852,15.553926845764094,14.494555446213816,13.672130441125152,15.213414824927208,16.056537781777738,16.62213199160589,17.125938770401586,17.615989544911045,18.102977760405498,18.58928414507719,19.07543873078971,19.561559520840266,20.047672786815728,20.53378437767365,21.01989559559288,21.50600673048315,21.992117846888316,22.478228959178058,20.74761229444054,20.313886110075725,20.03959963719178,19.767640843455208,19.491823795643352,21.033108148779096,21.876231098802247,22.441825307110392,22.945632085567684,23.435682860001805,23.922671075479485,24.40897746014744,24.89513204585913,25.381252835909496,25.86736610188492,26.353477692742832,26.83958891066206,27.325700045552328,27.811811161957493,28.297922274247245,27.314152608106696,27.436453770892975,27.734212689370906,28.049501743151577,28.364982736954488,29.18321206182564,29.865358128657757,30.395113353888647,30.890941143794592,31.379215521332483,31.8658082498493,32.35202658553645,32.70423687155692,33.07681126631957,33.48598591791193,33.919963782605414,34.37074901487157,34.83292312458108,35.30281441518788,35.77793490642422,35.55223739149343,35.86594995595593,36.35738314459643,36.84226318864229,37.30872336870077,37.895669148454225,38.4184062060226,38.89646603296405,39.3698037524123,39.84563036472183,40.32440994174343,40.80547242202422,41.288144581505684,41.77192144206693,42.256449964163934,42.74148850797203,43.226872798840525,43.71249140369327,44.19826878832231,44.684153764491235,45.03558479464,45.502237641898354,45.9874911629126,46.47321849421299,46.958105127621806,47.448544410909456,47.93609944446664,48.4218354972761,48.907391139264504,49.39305877620928,49.87885445173547,50.364748497193034,50.85071178341205,51.336722562943955,51.82276565226517,52.308830663358705,52.79491053508708,53.28100047785735,53.76709724512236,54.25319863676351,54.72073570987734,55.20316831145282,55.6903866744657,56.1764708307855,56.66145411274041,57.151387200750165,57.638799560999814,58.12464690710349,58.61032426300571,59.09608468202383,59.58194552203292,60.0678842341533,60.55387790044142,61.039909290959905,61.525966352009746,62.01204083166011,62.49812711960147,62.98422141008664,63.470321123395216,63.95642451129087,64.3632600372268,64.83272234199981,65.32726125082986,65.8153869940962,66.29929735903738,66.80266034582178,67.29583409114954,67.78073289073112,68.26468717772157,68.74903951953934,69.2338926928857,69.71913668432306,70.20465695083439,70.69036697278725,71.17620614160239,71.66213294727784,72.14811916419778,72.63414564469016,73.12019940934188,73.60627166216422,73.9982069410972,74.46579986184972,74.96006497806779,75.44822251167231,75.93222254472317,76.43534702841963,76.92847786482238,77.41341258770353,77.89740568738468,78.38178755056566,78.86666144497681,79.35191963678204,79.83744956107385,80.32316613509411,80.8090097453796,81.29493956100619,81.78092781756892,82.2669556801512,82.75301038131711,83.23908326872633,83.6145063754802,84.07863591416609,84.57492509565478,85.06360213700272,85.54715269309675,86.05402527367751,86.54868850916189,87.03335248214401,87.51687066773889,88.00086583974687,88.48546326444202,88.97053090300304,89.45593099158317
E118,0.4861111111111111,0.9722222222222221,1.4583333333333333,2.262408560758828,3.510308700539817,4.917282901983875,6.3647742121843525,7.821014917806316,9.278968201346107,9.110251360263913,8.941589465179987,8.77293685373861,8.604285768636203,8.435634929058013,9.893968255258109,11.35230158749708,12.810634920664283,14.268968253972627,15.727301587302232,17.185634920635014,18.643968253968268,20.10230158730159,21.188578939240788,21.798731728867804,22.295703800627265,22.782765886181945,23.268960263628472,23.755078665453503,24.241190414931957,23.526785946872415,23.5467261368956,23.901499861698703,23.930885555735024,23.267486525899866,23.924361862679564,24.51271989213207,24.99883100324318,25.48494211435429,25.971053225465404,26.45716433657651,26.943275447687626,27.429386558798733,27.915497669909847,28.401608781020954,28.887719892132065,29.373831003243176,29.85994211435429,30.346053225465397,30.83216433657651,29.691291320703492,28.649323404466983,27.706591684251446,26.764158256481718,25.891245212705314,26.57576928618353,27.161086717473285,27.647197828584396,28.133308939695507,28.619420050806617,29.10553116191773,29.591642273028842,30.077753384139953,30.563864495251064,31.049975606362175,31.536086717473285,32.022197828584396,32.50830893969551,32.99442005080661,33.4720438925556,32.95710470165829,32.96629848850558,33.261715608751445,33.620546130014354,34.00269825580442,34.67517623433637,35.25233138938576,35.700927974813006,36.1616190870102,36.63050550094059,37.104945085472465,37.58314752154213,38.063899681492344,38.54637954496786,39.03003010755091,39.514473940727115,39.999455297362545,40.48480088213361,40.970393269407026,41.45615289108436,41.63841550054128,41.980748274488256,42.494209697834485,43.02503862327486,43.567504061740365,44.26194462781947,44.8539817236986,45.312662374240446,45.78018649097624,46.25370297725282,46.73127991809846,47.211608239878636,47.69380090884416,48.17725686723057,48.661568835792295,49.14646084041551,49.63174587989081,50.11729724141953,50.60302906388133,51.08888316742329,51.43460213411525,51.894075315087555,52.49343714738621,53.08800892327839,53.6787559301091,54.37320564163362,54.965248934504686,55.42393378415409,55.89146074622265,56.364979160508575,56.84255740778137,57.322886614802044,57.80507988361021,58.288536248452495,58.772848492430406,59.25774068367679,59.74302584960872,60.22857729682498,60.71430917734901,61.20016332023419,61.549024967020806,62.01077716696811,62.61179397405657,63.207566835237174,63.799571415997,64.49402113132979,65.08606442678135,65.5447492781793,66.01227624143269,66.48579465652145,66.96337290433826,67.44370211172755,67.92589538078549,68.40935174579704,68.89366398988963,69.37855618121371,69.86384134719832,70.34939279445025,70.83512467499847,71.32097881790003,71.67364805454818,72.13822908288128,72.7413335210576,73.33858373251782,73.9315857748938,74.62603549022818,75.2180787856808,75.67676363707947,76.14429060033338,76.61780901542247,77.0953872632395,77.57571647062895,78.057909739687,78.54136610469861,79.02567834879127,79.5105705401154,79.9958557061,80.48140715335197,80.96713903390018,81.45299317680175,81.80564188609905,82.27020784265677,82.87330127026178,83.4705451505657,84.06354890585206,84.75799862118642,85.35004191663906,85.80872676803773,86.27625373129163,86.74977214638074,87.22735039419777,87.70767960158722,88.18987287064527,88.67332923565688,89.15764147974954,89.64253367107366,90.12781883705827,90.61337028431024,91.09910216485845,91.58495630776002,91.93761296624541,92.40218472371541,93.00528236688977,93.60255685255348,94.19568381681117,94.89013353214553,95.48217682759817,95.94086167899685,96.40838864225074,96.88190705733984,97.35948530515688
E119,0.4861111111111111,0.9722222222222221,1.4583333333333333,2.262408560758828,3.510308700539817,4.917282901983875,6.3647742121843525,7.821014917806316,9.278968201346107,10.737235487248041,12.195557719148242,10.805283657001747,9.415011121194224,8.024738830910918,7.0824432212703,6.430384553241166,7.8887178864083705,9.347051219716715,10.80538455304632,12.263717886379101,13.722051219712354,15.180384553045677,16.30703908594308,16.947582507729376,17.433693618840486,17.919804729951597,18.405915841062708,18.89202695217382,19.37813806328493,19.86424917439604,20.35036028550715,18.14783160180658,16.851390626835272,16.1253908391298,15.396479410139591,15.012628876962337,16.82877039644128,17.8828792879886,18.36899039909971,18.855101510210822,19.341212621321933,19.827323732433044,20.313434843544155,20.799545954655265,21.285657065766376,21.771768176877487,22.257879287988597,22.743990399099708,23.230101510210822,23.716212621321933,24.202323732433044,22.006511742709076,21.605867654165746,21.433545793397435,21.150033032211123,20.878370500315107,22.694283187626922,23.748462553405474,24.23457366451658,24.720684775627692,25.206795886738803,25.692906997849917,26.179018108961024,26.66512922007214,27.151240331183246,27.63735144229436,28.123462553405467,28.60957366451658,29.095684775627692,29.581795886738803,30.067906997849914,27.90000187249694,27.506325281448397,27.335745238619836,27.23491020980703,27.532732293682816,28.841312239382443,29.500736273378624,29.986847384489735,30.472958495600846,30.959069606711953,31.445180717823067,31.931291828934178,32.41740294004529,32.9035140511564,33.315943850822514,33.66908931297877,34.06510234633453,34.49016262454996,34.934905436912494,35.39298521642365,35.597195999039,36.09301080172866,36.64647374301996,37.166998052823786,37.65585166502011,38.20585878412341,38.657745977949894,39.12066682010928,39.59106410835258,40.06652746761421,40.545423617706476,41.02664584116888,41.50944422163885,41.993310612664494,42.47790069209269,42.962981145797826,43.448393879156235,43.93403176659222,44.419822219369294,44.905716051057176,45.300104814384575,45.77387093822881,46.28250490606766,46.76939796847783,47.25521812126099,47.7550957536271,48.23753348945745,48.719630975616276,49.20302243773629,49.68729070335916,50.172153094688916,50.65741806807318,51.142955832735005,51.62867844190313,52.11452630247892,52.600459033930434,53.086449274240934,53.57247848279393,54.0585340963904,54.54460760215436,54.80930464752423,55.238781684643804,55.79688878370918,56.294212058898786,56.78970406430087,57.32151459893014,57.822190422288216,58.2981086797754,58.77731307080073,59.25874415960371,59.74168406809874,60.22564635910384,60.71030142075771,61.19542590668972,61.68086847646853,62.166526581187284,62.65233073327942,63.13823384768026,63.62420401935385,64.11021962931484,64.57152194819837,65.04685594010081,65.53587832807533,66.02493771487943,66.51287106420075,67.00282207446638,67.48923077221528,67.97445355841728,68.45996273686862,68.94566597590142,69.43150071119281,69.9174245488969,70.40340876276711,70.88943388777905,71.37548673435109,71.86155836516774,72.34764272426685,72.83373570810315,73.31983453609732,73.80593732411721,74.22621189469362,74.69517626928737,75.20185683106443,75.69091376773552,76.17975755218197,76.67888459485073,77.16882810356441,77.65198712583907,78.13609788925423,78.62085355643178,79.10604621308585,79.59153497562995,80.07722438075893,80.56304974213947,81.04896722804251,81.53494713790586,82.02096934650481,82.50702021690326,82.99309050865648,83.47917396040059,83.9525839321379,84.43425944754193,84.92311594630132,85.41054094153705,85.89766664214716,86.38572913409536,86.87192255158196,87.35755411278258,87.84334027887621
E12,0.0,0.0,0.0,0.0,0.0,0.0,0.0,0.0,0.0,0.0,0.0,0.0,0.0,0.0,0.2886197027536997,1.0462359182802392,1.9493534736633782,3.166653633186913,4.715706331301327,6.42430393638603,8.258632723155376,9.719157307035664,10.138692976980613,10.954832915559916,14.775593262391187,18.335597481241763,20.894377373882318,22.4303980997472,23.17697213033914,24.60709322310439,25.958186669983647,27.30790429798921,28.54349811454813,29.547345293665334,30.547157917607173,31.54690030262066,32.546641464821015,34.571782863783234,36.13782820716881,34.969474758258286,34.736140647212444,35.55029000069189,35.13055202482576,35.43765567230715,38.21231422405219,40.30014559450767,41.6518429554521,43.03809563599346,44.14732113462154,45.22871810105088,46.39660535653239,47.62310598026051,48.775223532320354,49.72250712692892,50.683992035203026,51.65776340046616,52.639906491472566,54.6531233640685,56.211088598702744,55.03952149571087,54.681904024754004,55.049435607526306,54.47039742011415,54.72328697286231,57.75040647589728,60.155806851506725,61.67705456296323,63.18921693156922,64.55507797266658,65.88796022136287,67.215539092698,68.5460483078583,69.76699705195293,70.76027615857065,71.75267515004704,72.63041876480689,73.42176652253558,75.01127301821734,76.09807859195938,74.40773934502978,73.32493348092444,73.12822445060912,72.0543111391533,71.86244393356262,74.49417785893257,76.54860360249118,77.7486702241467,78.83728612845348,79.72744886776957,80.54519622168885,81.32462683952664,82.079064471756,83.07633881097487,83.79967504282861,84.45390411229666,84.9607579128523,85.40236291045515,87.42421871389786,89.53920769063843,90.27764169161478,91.67966099731669,93.86815260381769,94.19909270112917,94.15019220513626,94.5939044197059,94.80650389374742,94.8565039818627,94.79291889389135,94.69711174809594,94.5902066198983,94.49305773988904,94.42009172689518,94.68839315314995,94.98749257669768,95.31072658485128,95.65020799934206,95.9988106122329,96.86995572318325,97.69719401718966,98.05492932527045,98.58747155153088,99.22649565349148,99.12596039492452,99.04474742753263,99.0916950696861,99.14075931515525,99.17036105534717,99.18910270626645,99.20292032576161,99.21271497021513,99.21927494549085,99.22384699482639,99.54499565646543,99.86785528362591,100.1923923245712,100.51826490275606,100.84501656790881,101.46660580870713,101.88776672123896,101.91180438377138,101.95502613325391,102.00085030947218,101.94455700812885,101.90305005198933,101.92468836748847,101.94759338964954,101.9636395805768,101.97434594556505,101.98208556066527,101.98761391424341,101.99149388586328,101.9943681561857,102.05318380272935,102.094949066097,102.12516267213005,102.14736900460456,102.16387976124201,102.1796326424836,102.19026659451765,102.04423470580444,101.95712243975974,101.90410396688743,101.86333018341317,101.82483477169563,101.83564801118254,101.84664752664835,101.84528508151182,101.8439059504622,101.84267525700396,101.84140902623896,101.84013992601672,101.83930282001371,101.84056264253715,101.84227940862463,101.84453156073451,101.84716729990849,101.84995789597096,101.85444636236407,101.85759359468244,101.79134606245253,101.75983846247742,101.74825531166022,101.73642801484695,101.72143689088671,101.72886170225784,101.73519572783695,101.73307111062051,101.73061828757166,101.72844398418651,101.72678130513395,101.7258823362666,101.72606499407408,101.72951307802678,101.73292422821244,101.73649752137254,101.74013965869314,101.74367276487449,101.74916060575121,101.75287397953822,101.75082439453762
E120,0.4861111111111111,0.9722222222222221,1.4583333333333333,2.262408560758828,3.510308700539817,4.917282901983875,6.3647742121843525,7.821014917806316,9.278968201346107,10.737235487248041,12.195557719148242,13.65388923469099,15.112222276572712,14.365168358591443,13.61811447940433,12.871060606256094,12.124006734036094,11.376952861957232,12.835286195286837,14.293619528619619,15.751952861952873,17.210286195286194,18.443708745440517,19.191020184483733,19.67713129559484,20.163242406705955,20.649353517817065,21.135464628928176,21.621575740039287,22.107686851150397,22.593797962261508,23.07990907337262,23.56602018448373,21.846744090207633,21.448940895585174,21.207481588924782,21.070420898377563,20.819607201828166,22.888273048467536,24.914348013147023,25.40045912425813,25.88657023536924,26.372681346480352,26.858792457591463,27.344903568702573,27.831014679813688,28.3171257909248,28.80323690203591,29.28934801314702,29.77545912425813,30.26157023536924,30.74768134648035,31.233792457591463,29.51451636331537,27.795240269039276,27.600317208354397,27.40539414766952,27.21762744142155,29.235247940560782,29.721359051671893,30.207470162783004,30.693581273894115,31.179692385005225,31.665803496116336,32.15191460722745,32.638025718338554,33.12413682944967,33.61024794056078,34.09635905167189,34.582470162783004,35.06858127389411,35.554692385005225,36.04080349611634,35.82239875845019,36.15997858208996,36.647914853683204,36.99618263728167,37.44087185598797,37.98947360484621,38.41130718033161,38.76934238132108,39.16866872208415,39.595974111204214,40.042238220070345,40.501348836431085,40.969164299797285,41.44287820376458,41.920588915660005,42.40100788126091,42.883261970857035,43.366759548118665,43.851099717803635,44.33601083162547,44.22587704061824,44.62057399892001,45.23454519735597,45.44467249850335,45.82534653472244,46.42694942179725,46.89130819830976,47.36267983686213,47.83880341995297,48.318146940462846,48.79967230398426,49.28267609342132,49.76668167041891,50.251366062841655,50.73651042342486,51.22196646035013,51.707633690463446,52.19344402596095,52.67935133026304,53.165324341031166,52.42188974297034,52.971416721232934,54.07652679957169,54.1301726534285,54.556665354990756,55.24589274144882,55.68013149306672,56.13109367725039,56.593387729021615,57.06336030148627,57.53853587156663,58.01723701451055,58.4983271003167,58.981035943760226,59.46484166412368,59.94939063285838,60.434443229786304,60.91983708727642,61.40546218434539,61.89124397031648,62.154920960091374,62.574273175977694,63.068721287895826,63.53349101118377,64.02151492456588,64.50027807951722,64.98141018491799,65.46414750101391,65.94797251456527,66.43253455644447,66.91759601178958,67.40299587178009,67.88862503616834,68.3744095781719,68.86029940469507,69.34626057244735,69.83227008131377,70.31831234632051,70.80437680702445,71.29045630762529,71.53465736457022,72.05353516496201,72.68111979673303,73.08856646136753,73.52015243094012,73.99785748962084,74.47827262457992,74.96052411851716,75.44401993694953,75.92835891484447,76.41326922110441,76.89856666184502,77.38412642652278,77.86986394299339,78.35572190481945,78.84166148092021,79.32765635919358,79.81368871044954,80.29974645355465,80.78582140228251,81.24028541795633,81.71533579293174,82.2020480687584,82.68548444643908,83.1698374523956,83.65693942631174,84.14466588953407,84.63012667453289,85.11579712196065,85.60160963752381,86.08751841904748,86.57349243078711,87.05951064279286,87.54555880508309,88.0316272618109,88.51770947013414,89.00380099659577,89.4898988370668,89.97600095593688,90.46210597386802,90.91591250110713,91.40425699265515,91.9066659421463,92.38121656796744,92.85911462653074,93.3463345073206,93.83407167606204
E13,0.0,0.0,0.0,0.0,0.0,0.0,0.0,0.0,0.0680194695041037,1.9473702291767017,3.2042700393848453,4.847874784756437,6.541683117352954,8.716365105402494,10.180258837860709,13.044448204127427,17.72403117198965,22.49412913381777,25.498148880355593,26.586443072602243,27.90542156922876,29.262293042570324,30.612111262182413,31.961806689327474,33.76120876009917,35.051868019996434,36.33367040514805,37.61531859798759,38.896964106441295,41.21579693065245,42.407613125395564,42.39028683943031,43.33177878935613,44.96357265329704,45.37926044657361,46.98583795787697,49.86714846168569,51.8693943954955,53.32718314941743,54.50135120108951,55.75887612688343,57.04658175487119,58.354280047472734,59.6755174810981,61.455637735672155,62.73323158162132,64.00618078827854,65.28183003048964,66.55941062500202,68.89540631992733,70.49199197592822,70.792571106263,71.7246539231842,72.50994677011938,71.52607489615026,71.67448553912698,73.44184111746176,75.15816543665062,76.7936508839384,77.75761684173477,78.770843565053,79.55016799674323,80.1660762929944,80.8643675239961,82.22959494955755,83.75770622644079,85.40791717782922,87.14896979977007,88.72781506272906,91.56758021297513,93.83231951438925,94.19540677373192,94.50601503311879,94.81648382498491,95.2923632144603,95.34124293924616,95.85377843237993,96.13081884149375,96.22786320263043,96.25207012603505,96.25832333722556,96.25455765879863,96.24896095125715,96.25023817795093,96.30845565456768,96.35910420423248,96.40860838094987,96.45707223036032,96.50266837011876,96.56695506318668,96.60937157640205,96.34956366604308,96.21805410685914,96.21448555745194,96.23240281064336,96.24791362070445,96.4004929925399,96.48883331472638,96.4829184365354,96.45992659784771,96.43319537809772,96.40638330616825,96.38468736182675,96.37472084438076,96.40939635681069,96.44441543439999,96.48368995371358,96.52623126900477,96.5694042223954,96.63591724781797,96.68212896363919,96.44171795138936,96.32993801143202,96.34393596321655,96.37218599107769,96.39655075321424,96.55202337777112,96.64232369766174,96.63773643029661,96.61564466763085,96.58952271965308,96.5631230633368,96.53509758503228,96.5053233766134,96.53735621291081,96.57573963936602,96.6199014342948,96.66714015842304,96.71427669525066,96.78283049923249,96.83064882086434,96.60105776901337,96.48991495051467,96.5021074642731,96.52460747078072,96.53466930719571,96.68487109603423,96.77149256385252,96.76419769708144,96.73807805029485,96.70443311927366,96.66440291343132,96.62097721031982,96.57965445829673,96.63329504651357,96.68722485589015,96.74263119742355,96.7980502195589,96.85116924787371,96.92295922478279,96.9730962934961,96.43289525651116,96.12704525743402,96.02413435992148,95.94218144582985,95.87017792817394,96.01979473736274,96.10607812658375,96.09862821009162,96.07249569650452,96.03889773206951,95.99893371217244,95.95557425017417,95.91430975188858,95.97102943533768,96.02704113554239,96.08385426532688,96.1402233557222,96.19398366759073,96.26621248975857,96.31664616518246,96.0163704357483,95.86354527611041,95.85739255915541,95.83661129265165,95.80331664103262,95.95288042849086,96.03909247687864,96.03155797360613,96.00536072075916,95.9717106063024,95.93170422766126,95.8883107878291,95.84701955643717,95.90394008808894,95.96009010447935,96.01699871313146,96.07343385420045,96.12723994741886,96.19949814194148,96.24995203861238,95.98053860049544,95.84701280684678,95.85057050157612,95.83430131376556,95.80273034714169,95.95155542443035,96.03686114020248,96.02831753753428,96.00138541588889
E14,0.0,0.0,0.0,0.0,0.0,0.0,0.0,0.0,0.0,0.048521329470181604,0.17152176415910658,0.309964897712859,0.6609036133540572,1.3425924454693186,2.8984964490264895,5.311191679180519,5.905225925033606,7.727565241102429,10.521652644149423,13.732747663792157,17.509981704190206,21.126990059189893,23.496477789570157,24.853341247292615,26.203159327358097,27.552854752073742,29.107555381564087,30.273733875984618,31.433148457849196,32.592445284484576,33.75174006107955,36.28153379151169,37.920813861625376,37.94373800609358,38.78727565165839,39.93172965770134,39.8399462645792,41.05533027418848,43.807956567105116,45.710130565031676,47.12109384491282,48.262696702820584,49.498245279305564,50.77106120760652,52.068670204925894,53.38307109050401,54.91385743040486,56.06383152757719,57.212265942783674,58.36412256274841,59.51837582430264,62.04475340313685,63.68171867469381,63.777089945843855,64.78846430165484,66.38944626127015,66.61625519011174,68.04643086852047,70.94472886065013,72.94559535857428,74.42343475521959,75.61035314849724,76.87660772056357,78.17023015941211,79.48193773497232,80.80589187591049,82.34315154144855,83.49751199104486,84.42877926737341,85.16336100582164,85.64477075921161,88.44646996500678,91.3612030497143,93.04965188587353,95.25985363092674,97.71412618651502,98.82797234489763,99.20220968398132,100.5124845780746,101.49944832979999,102.08816529897726,102.3776965778378,102.5423340265712,102.61807266407847,102.63116148255092,102.61253647275367,102.90695009467495,103.18379757547488,103.45550096553549,103.72018076473282,103.97034297437052,104.33138708798158,104.58057505774893,103.54346506850858,102.69896387922772,102.19221487064881,101.71170670293357,101.68058779898233,102.34947798752671,102.76611512765135,102.7936721595113,102.71567639409734,102.60844849723819,102.49569671814656,102.40119523224332,102.35329867011633,102.46448467313152,102.59993810435824,102.76435178218532,102.94841678675216,103.13840197019547,103.43360818004557,103.64008755355152,103.3474988388208,103.30729306308338,103.64316080509607,103.98931094088525,104.3317150140286,104.87167275104369,105.04665864160755,104.97432770186491,104.88541237550854,104.78410648635871,104.68202804135029,104.6051844559193,104.58052467005417,104.70034110466204,104.840876950544,105.00117890715171,105.17103293277336,105.33873315326268,105.58543071357866,105.75462095364341,105.48645253078043,105.3043290662658,105.11314476052199,104.85311542257762,104.58085173365839,104.6175993199478,104.62139274604675,104.62060186478294,104.61126433758653,104.60357704542281,104.60116321777693,104.60673100533852,104.62085744501208,104.66884993544161,104.70562774148117,104.73602910595538,104.761676801319,104.78314687637183,104.81030784235429,104.82712618881342,104.47921927976603,104.222696107085,103.94315406589804,103.65167081858169,103.35473892377956,103.3662798103212,103.3552525388782,103.34315342958564,103.32770636011466,103.3154343210536,103.30936586791785,103.31140744273506,103.32158901970455,103.35996079754851,103.38985257851657,103.4143577926999,103.43420117929601,103.45081629125819,103.47472552580003,103.48927903284633,103.15089887808476,102.8484264367861,102.57676917899056,102.28980174299362,101.99751484675406,102.00796181127552,102.01070033212898,102.00723386143207,102.00223852955557,101.9971875913671,101.99335842605916,101.99188105815011,101.99333990725907,102.00163038271916,102.00987071359583,102.0181099109276,102.0260640864501,102.03341870912463,102.04381993078428,102.05076723111873,101.6724688201191,101.36173445297274,101.18187572023277,101.05040682117712,100.9607095524012,100.98304583823796,100.98958554876282
E15,0.0,0.0,0.0,0.0,0.0,0.0,0.0,0.0,0.0,0.030159124839899604,0.1256283702043578,0.3865255798555219,0.775181073741697,1.3290299512374382,2.1853383859873152,3.096242687982076,4.312066935040608,5.605555049913611,5.6966314553515325,6.116796532877338,8.540279157295727,11.095773383291899,13.712752739003234,16.717210048006223,19.843584480386642,22.154550757842017,23.529949498980088,24.879642754081516,26.00141255781721,26.94735713872138,27.890240719170194,28.833071009632302,29.7759003723511,32.29111047130541,33.9044586477204,33.727774275806475,34.34002846198197,35.161755364340486,34.40843981554552,34.7593371929022,36.90032031516024,38.18023398127332,38.967225833513105,40.08268768376255,41.25784110046506,42.48898995322389,43.758352230298456,45.053612795332576,46.138498782377575,47.05945073542527,47.98539920710286,48.91675419729863,49.85180784874322,52.36174909333932,53.97152707208763,53.770528246149475,54.53256524612834,55.555723966082866,54.92698982288197,55.363723348266944,57.56270026814847,58.800733566974564,59.80676758733416,61.07065332337728,62.34637938352645,63.64567667853743,64.96121662403387,66.28776736959762,67.39385571334525,68.30293128958628,69.09122707521291,69.83705463375999,70.5629691168803,72.44936081575464,73.45659736151578,73.06300419906762,72.97466581834423,73.25935795626162,71.92280256738763,71.67885217299903,72.796909791938,73.6479322667167,74.15795644043557,74.87835313166713,75.53912282411561,76.06838926788426,76.49448266529538,76.9432380582356,77.69467791565174,78.27853446655877,78.93086582198177,79.67482127553374,80.49224989171425,83.23534541786815,86.02117553799053,87.47436161745044,89.05029004429092,90.47797280914295,90.41859213224603,90.26709400269863,90.95177652333653,91.32709786854521,91.32120135017513,91.26963041618306,91.18532274486496,91.06998969791826,90.9378801572137,90.8127057846565,90.96412066219376,91.15608993407666,91.38720649898485,91.64987497440399,91.93431106200265,93.286679708778,94.37390170554434,94.57469886081452,94.81761339576067,95.06554332372663,95.0442273061092,95.0609932115303,95.1660714655169,95.28207395627086,95.41029418799772,95.50644464136056,95.57285346860746,95.61792318209213,95.65057804888819,95.67682493968746,95.71134241395274,95.73795397137447,95.75951259247988,95.77737921283877,95.79223288591858,95.81335215724269,95.8257393307059,95.73637286165321,95.71665654280274,95.72870822871914,95.72107820237791,95.71131237870567,95.7248652492795,95.7270631716365,95.72239985083189,95.71609838843999,95.70990867084751,95.70529029153401,95.70354135328874,95.70532703185692,95.7195085787425,95.73140183091952,95.74209130072407,95.75171294310317,95.76015983872428,95.77141380917104,95.77851567499567,95.71834966993606,95.72184836025865,95.70402664367784,95.67972560037234,95.65588737079445,95.66595682902393,95.65486404479286,95.64293817448844,95.62800084817331,95.61626845199606,95.59876392328701,95.57391020249773,95.54772636067543,95.56313062713133,95.57706810813282,95.59028824544389,95.6028991062103,95.61478840081527,95.67159647988414,95.71289684802029,95.68687055550224,95.69565372074868,95.68733892402892,95.66434058524082,95.63685463236119,95.67336616611358,95.66002993095012,95.64417713457044,95.6184923382801,95.58482285472105,95.54474186487603,95.50201597915428,95.46067033500958,95.4768467144708,95.4896432551174,95.50092347217722,95.5112940764045,95.52080175619103,95.61048059551163,95.67515117525426,95.65103549121629,95.66179974644717,95.65856922121564,95.63993946026478,95.61551253060236
E16,0.0,0.0,0.0,0.0,0.0,0.0,0.0,0.0,0.0,0.042984525867176604,0.0794249919602529,0.149827461702487,0.287535208722854,0.4482119132794088,0.6280331664227548,1.5798503882640724,2.7435711628486072,3.6206986895917157,5.126421722982899,6.349119757482571,6.529959080105166,6.717370429508193,9.465357311216584,12.336980989954268,15.210178761442492,17.830156111614322,20.18701683788361,22.03545721766418,23.385275610857192,24.73497104102418,25.513757897737946,26.285225433772062,27.056565545290105,27.827903438431882,28.599241292953195,30.742162186742625,32.25075484202455,31.01920491395166,30.6143894747061,31.41235504779842,31.457526697086312,32.14325317376598,35.53826040558992,38.126966680070964,39.66827378998779,40.992684648817,42.34192138112387,43.19472234756859,44.20772437522557,45.32927433865213,45.953470316352146,46.62018645370482,47.320546581448546,48.04378814184252,48.78253572089267,50.90337330823002,52.397002223046236,51.12453360708424,50.718716541152986,51.47142628034366,51.49134501402179,52.08872535451446,55.400901440886585,58.13041493992662,60.02033718348692,61.36488276517712,62.55210088388168,63.791990892973985,65.06728606879997,66.36656696231395,67.05988108268181,67.73994392002281,68.41915666632372,69.09939429231147,69.78100777810175,71.20973197955118,72.0699961472771,70.20384565664135,69.02928621276223,68.63372716713761,67.97817396203067,68.0724256608365,70.93827202197853,73.23935901210976,74.70603674868342,75.573290086521,76.32460185501158,76.99691767900899,77.67980439909186,78.37261163207194,79.10538861564469,79.77289100409467,80.44576517320506,81.12305724830992,81.80330059055161,83.21167834905016,84.05666243696285,83.44716487290628,83.23342333799464,83.63894735783533,84.03472758581994,84.69678664390105,86.48302207437106,88.28907853354312,89.83653284381408,90.29527489877955,90.63137016743366,90.88774777058306,91.09421699638958,91.27090734679794,91.50921379428623,91.65364987712796,91.79620787613878,91.93759682522509,92.07680941176767,92.5883562912453,92.86661332299836,92.71368730682725,92.72568949590479,92.98207105035365,93.07576263079076,93.13268323479596,93.22093824463869,93.25231184038287,93.22661462264631,93.17695386314422,93.1163270494718,93.05358557938628,92.99833578701465,92.9578170152156,93.02723740737578,93.11411474950177,93.21464011872105,93.3242418805219,93.43874079314207,93.53394079957687,93.58516225504309,93.6104048343442,93.63303048565555,93.66121985180251,93.67670118703748,93.69510410954553,93.7324169437836,93.77809445531774,93.82454519991067,93.85871615829863,93.88616362179334,93.90827037274258,93.92581733472477,93.9396055671694,94.03570284246645,94.13219172301388,94.22906165940121,94.32622070943984,94.42354892737194,94.44362337212145,94.48056034768048,94.51268242163398,94.54432189751199,94.57621329111086,94.58481837285234,94.59645160568984,94.61615290628129,94.64039359347323,94.66629446390584,94.6855937540135,94.70088849237989,94.71315340449985,94.72291998632402,94.73063981394596,94.82698300213033,94.92352650043499,95.02024717282822,95.11709228488661,95.21400296782738,95.23614930057919,95.26582376839293,95.29570819955758,95.3277304240952,95.36158506302246,95.36324133586753,95.36367576975576,95.36796076432469,95.37276352160133,95.37536034257174,95.37701225391235,95.37812125875386,95.37882584906374,95.37922064883345,95.37943056009286,95.47554580997934,95.57179982746696,95.66819591921288,95.76471009665072,95.86130657118346,95.89325144601261,95.92608635209557,95.95744090644149,95.9904882357644,96.02626859761983
E17,0.0,0.0,0.0,0.0,0.2025765267038632,0.5238599615254211,0.9060683236758086,2.691437541783217,2.9578106140382054,3.7847365683902656,5.05269815183097,6.5229251320066295,7.433902133764232,8.136171454026108,10.99043315586131,14.26039756732668,17.895943757481636,20.24091984486454,21.46785659865082,22.848062656738914,24.19828711598707,25.547989615494625,27.255098930170128,28.49880837370849,29.734450332993358,30.969951842730797,32.205450907334814,34.65275852821074,36.232522768710915,34.93210602192521,34.47745498995305,34.35963717942291,33.057497252696756,33.11374547190498,35.94576165732054,37.988152477020165,39.32841710473108,40.45346901004725,41.67442875776497,42.9373004986896,44.228170250650095,45.53800457769078,47.21810516020714,48.443513480627715,49.66675452448443,50.89385312228949,52.123658338756556,54.20000695634338,55.130673092911316,53.94410470982766,54.67553427947173,55.72904962947665,56.08801449262664,57.03609291404724,60.053343284641876,62.22118591411525,63.64645109343973,64.82909969718717,66.08908720723439,67.37840432252023,68.68719357033677,70.0091702224341,71.46580836824772,72.35122520764058,73.17535988788768,73.96968769050228,74.74632657759345,76.1294149251794,76.03184743469524,74.02344161977658,74.11675653222962,74.63831535366583,75.69019331050886,77.0522703076825,80.29736360502527,82.34628087645822,83.05019414105055,83.17247599298712,83.1662523560824,83.05445723841373,83.02487772256994,83.23689339079634,84.0672196512117,84.56177429651005,85.1314300839016,85.75887937165966,86.4223057023645,87.14173517322234,87.45693471949475,87.53074408298463,87.65942842722447,87.82982138016636,87.89188621411876,87.92948674779693,88.00092867941933,88.0344941820257,88.0571664345314,88.06087557720389,88.05925924567283,88.05417392373015,88.04836591652338,88.04428468096683,88.60040128984815,89.16043570509913,89.7236419520783,90.28895448948685,90.85534129337108,90.9907725204446,91.01787987940466,90.82259859098747,90.73867714619695,90.73092497309378,90.69881481675795,90.67799650796724,90.72323672570701,90.7382202234733,90.74507951536991,90.74360533859503,90.73709355643624,90.72766303723004,90.71793392891743,90.71015203264417,91.26430149639631,91.82221906784665,92.3832470893585,92.94643769599183,93.5108610525612,93.52952797128079,93.53821712340992,93.3623425381537,93.44317611946636,93.4879060624902,93.51673028415739,93.53815407106174,93.72806280358665,93.66942751730166,93.60909460476661,93.52164553610857,93.41953236058146,93.31188071927563,93.21370335481882,93.13725966571643,93.64757437578307,94.18405572089743,94.74150263136512,95.16994204442555,95.4744669058294,95.5526388085436,95.5912859928037,95.42780541458508,95.50999836786804,95.57865408377361,95.60785858010692,95.62665863511316,95.8116464845109,95.7463760601752,95.6783802531465,95.58569029790553,95.479894395153,95.36924826855703,95.26842398890236,95.18959180131898,95.33302608983088,95.4405760881278,95.52693381998434,95.59900617473482,95.65985952550737,95.75256365102437,95.7920503808255,95.1149225320497,94.92541648578525,94.90034041371335,94.80496608200919,94.71818973906106,94.92065543870571,94.84202799805725,94.75800300058579,94.64195134238928,94.508591745387,94.37002051563225,94.24502447403381,94.14838782281737,94.11482703615084,94.10463518479288,94.11406664230623,94.13687376568858,94.16685588084013,94.27618947829937,94.32420079232652,93.77855700948409,93.52531929225029,93.46188083168308,93.33555195745986,93.22691448984592,93.26896140096507,93.27517866414763,93.25322034748893,93.2202353334229,93.18304155528277,93.14578354426811
E18,0.0,0.0,0.0,0.0,0.3162577951868639,0.7613024689780357,1.2399131886928871,1.8150983604596411,2.6106701143589737,3.326836221067864,4.744226622497472,4.5485124680987745,4.9663741434395,5.628827431449228,5.38099786321376,5.701730030659147,7.95780466846818,10.342937806992925,12.662548950613697,14.825074576004923,17.310024284955503,19.503705439754942,21.00231262073813,22.377632085815648,24.71841761119867,26.282994362538364,27.833488987971762,29.38364016480361,30.933768379701256,33.18083751418726,34.856409251285505,34.00546453189286,33.86609418566179,33.86587518140917,32.72479567317389,32.53561959369553,34.92036364639162,36.51316594661473,37.82694506043367,38.96076350895362,40.172236556144505,41.427209610043185,42.71249391103542,44.018503570259846,46.32525599999328,47.869004962774895,49.4057724310685,50.946688695911206,52.49057081500223,54.54091482408986,55.13082351563552,54.87980650855836,55.64381720347572,56.657700711192724,56.90151393753618,57.75471583752346,60.415446420216355,62.195150033951855,63.63557237097207,64.85520476238648,66.12482569426928,67.41919999710808,68.73118274855386,70.05528338904914,72.3742943430708,73.92634973298728,75.18068067345706,76.20747677331504,77.40467404771815,80.4471926108735,82.78091369955546,84.33113654121311,87.05153245271475,89.94615164570526,91.262037270704,92.18250940924806,93.40039326822931,94.1667384670021,94.49237278091421,94.63808066216455,94.70943205361789,94.73641289436816,94.7480333215815,94.77353410859895,94.99429490065344,95.1703676920702,95.33245522559693,95.48598523597498,95.62783094675746,95.81800834604235,95.94540191884698,95.19338065402145,94.9392123383746,94.84116156285768,94.70373684609723,94.54684083661388,95.001203814678,95.26472547804681,95.25213637551391,95.18221697454115,95.09876301797495,95.01480112733944,94.94700015117002,94.90152373838949,95.01987084581457,95.13490694055001,95.25934608082143,95.39142115984626,95.52410565361744,95.71348934896393,95.8487907120208,95.3037854270555,95.26782629420671,95.36153645022128,95.390627025416,95.40312157078328,95.47953513099553,95.51505767342738,95.5134073510153,95.49639573531012,95.47634898703299,95.45986347687729,95.45282533282642,95.45887159994962,95.52026443873626,95.57041473403709,95.61513167795157,95.65544990418323,95.69101328126044,95.73663066368312,95.7662924582618,95.49139467833001,95.44791864143852,95.48695371632812,95.4896794806942,95.46831105222174,95.54287209549862,95.56566708680374,95.55210023333142,95.52679344346429,95.49934172510653,95.47603415022012,95.46295719931095,95.46419115254159,95.52233723500878,95.57154990530202,95.61671689649177,95.65824044911665,95.69533006439879,95.74336116147597,95.77475854892789,95.06477579861864,94.72114376062082,94.32333557437398,93.86583218935557,93.37475527093979,94.06236245837526,94.00750548481496,93.82476588744106,93.55243094176082,93.20972702297495,92.82580833780787,92.44840838767693,92.12262452558353,92.70209899820603,93.24709673061494,93.76175715622864,94.2376755272858,94.66481705238272,95.17763851988076,95.5331305489398,94.4778724462343,94.20801406245272,93.92509894365134,93.46790264541436,92.978974888944,93.67011498818147,93.61715093847153,93.4221637331689,93.12817079468441,92.77529749271295,92.3866988238115,92.00724686374132,91.68066096601461,92.30934076431478,92.97949912483311,93.57942736133172,94.11342990642893,94.58013811933176,95.12020565325533,95.49409044822302,94.57079312855315,94.48634005439375,94.56431817101833,94.52038473642104,94.47721277686024,94.9951678712942,94.94803559862883,94.77708319187961,94.51839197573446
E19,0.0,0.0,0.0,0.0,0.13800525881700682,0.4528364108395042,0.7601262278192527,1.1004382235663057,1.6743030181433198,2.3247155381930673,2.9536143339428698,4.792660524714419,5.7321039407131655,4.906288434990497,5.165681301163181,6.03821135275363,5.8059859429145515,5.862916337820822,8.063828235947813,10.300776876407028,12.508114533159485,14.670160275718025,17.097682427675043,19.818362902235272,21.8165672954066,23.166273671481886,24.24283670748564,25.16578428238455,26.086057514041812,27.006284187157874,27.926510049720633,30.624936453170633,32.21130553641321,31.670236810970316,32.06190383856836,32.927086691482,32.15843707632878,32.701483629350626,35.15134426189761,36.843272385089016,38.21331571473463,39.28035200642301,40.27799172997617,41.389162905372125,42.577233141547865,43.8174099737994,44.8197639994524,45.69242739058389,46.57862785242911,47.47576667479639,48.38034811349319,50.806593853491,51.75176918990312,51.30114009896086,51.83622705315136,52.864920827132295,52.82829158089258,53.474901465297485,55.98430588196602,57.57442627296237,58.772059325829346,60.00224152097161,61.272726269499344,62.56877837066109,63.88212469247272,65.20718912233482,66.12647483621076,66.86085108721227,67.5773008378146,68.28682870436919,68.99325216834845,70.6026458038046,70.61965453193284,69.67794522224754,69.25202523670046,69.38669172800635,69.17915074466892,69.16115061243966,70.817414239035,72.05943852029431,72.75439269770635,73.44205155529373,74.14996975731647,74.86697459104684,75.58586125695238,76.30191105782988,77.20749050498468,77.73508878542053,78.15559908688134,78.67747314880806,79.27505361146683,80.54852179933117,81.58326566425818,81.08621959431733,81.11191538675912,81.75179810886345,82.39680186808611,83.11351551335136,84.709301865001,85.4965286962272,85.5177452201302,85.40070849682036,85.2372084932115,85.03110041422406,84.8119961439841,84.87094565332403,85.24754308746584,85.45752678253557,85.69621343575658,85.971000417412,86.27020308272107,86.90986493389963,87.10093031579838,85.65462049460523,84.95951007765785,84.77919015071035,84.46878770884427,84.12857176549792,85.05085293877595,85.51886812522811,85.38338238858165,85.21647764110077,85.01706417636474,84.78497121665977,84.57692946007747,84.63620658617542,85.01329520873642,85.22361699258383,85.46246060375535,85.737414087574,86.03678536862827,86.32407349537075,86.45225798867028,85.87839947276717,85.60995884497201,85.50786967850345,85.47524505565079,85.55006162986759,85.76144591466355,86.018822654859,86.30145687372432,86.51074941433762,86.6789572594895,86.81515198935794,86.92380390095876,87.0088169338761,87.26611788516989,87.52060239913554,87.77304001701899,88.02397670325067,88.27377792509651,88.37124288721928,88.78627500135885,89.26940523178627,89.81532896068835,90.38228565955748,90.38917075850146,90.39715139586895,90.41984589011655,90.43325548061635,90.44629760747235,90.4537866035562,90.45808972944585,90.46040236138522,90.46165493777897,90.46252894426735,90.7068884946724,90.95189099194067,91.19742614354814,91.44332807745252,91.6894332960267,92.34745435629284,92.84530082849547,93.21706930788056,93.77285776732641,94.17775524723803,94.01314634570514,93.81506851343056,94.05930326119532,93.9676855888898,93.87400450753778,93.74927324086468,93.61026015604358,93.4679287426343,93.34094751414136,93.24441607592412,93.42982785659083,93.64965439855828,93.896652053122,94.16195598221616,94.43742803798828,95.03589201321962,95.43822102705302,95.19417642061639,95.2332625142896,95.13017476097399,94.87700144093687,94.59697719945592,94.93630767487858,94.81677082671119
E2,0.0,0.0,0.0,0.0,0.1774353327647231,0.3935086174558914,0.5911263348697788,0.1327401749923276,0.1380529238793786,0.461266776739246,1.2786812276809307,2.026115969747356,2.882861381479619,4.291820041443262,6.404267086502527,8.91481906605667,11.579466322934492,16.89747891152662,20.93517559653389,23.090288604387517,25.583751568852044,27.187699464653925,26.792115996797666,27.55420560877929,30.472383408539457,33.35730769415571,34.82148373250235,35.303517034481665,36.638104902055666,37.987535178878304,39.337223852196836,40.68691702402688,42.520288869217026,43.7192396093138,45.00524614612801,46.358499328477755,47.75746287171421,51.43174693136933,53.67812163408583,53.79022512882121,54.10136720939308,55.892087914699765,55.76541762681972,56.54903916036279,59.998560938788266,61.218823813945704,62.51772797742178,62.88777236835598,64.14647608318536,65.44448694192427,66.75933360330168,68.0854176826654,70.29562003568462,71.7925533462555,73.280474114417,74.77054522123697,76.26221716016914,79.99932081503266,82.28826233721068,82.35128246916904,84.30029421978342,87.36919319537607,88.26813756031572,89.74549665163654,92.02807571669325,94.57659110904228,95.180611524431,95.56851307513371,95.89703805260547,96.17575765220091,96.39857573680705,96.62434870624423,97.80623834977253,99.11916852223578,100.57651122434996,101.75137306737908,102.58525426777788,103.6436000355522,104.28204077271914,102.56795595582246,101.07729287781962,100.83937849135506,100.62405912184546,99.98679055284734,101.73140312733418,101.79838840179667,101.6636589875721,101.46997130292466,101.23978635512461,100.96516507036245,100.71136856359315,100.56856866576506,100.9933588775378,101.39838503651023,101.82412212638428,102.25972323525025,102.68061642465786,103.3698702472963,103.79564322648753,102.0434669001944,101.51296815007977,102.11060073385254,101.83550139974031,101.47320994399941,101.955461621657,102.2185518615495,102.2864092364432,102.16320843806419,101.95415173969462,101.74397879795777,101.60769519008777,101.59185920886996,102.06969615862148,102.4774386238818,102.86523998804103,103.23905932719995,103.59028057224168,104.1672950321748,104.5248464258113,103.82445154839401,103.35742844352264,103.13377156065971,102.98027495549226,102.88040176573581,103.09017015427585,103.23693726199349,103.31196559310045,103.33298413119454,103.32924180019252,103.31173562947866,103.29142248356405,103.27902695757469,103.34201734488386,103.39703869244893,103.45441609160314,103.51548528063537,103.5779052089646,103.69217574289227,103.7658589122518,103.15825610681671,102.75303099040305,102.56780324798706,102.46172113980835,102.38442740017653,102.56254814085506,102.68249758681986,102.73541731749505,102.744001601215,102.72825737402496,102.70004447949381,102.67062995214673,102.65074690787337,102.70440837625947,102.75398227125002,102.80797459979156,102.86682375816874,102.92772627372537,103.04029190230165,103.11307938409455,102.51065871827454,102.10899646117407,101.9262052026671,101.82181449924583,101.74566097219115,101.92373865566728,102.04365467169814,102.09654853451258,102.10511829329668,102.08936086520367,102.06113668614125,102.03171288390119,102.01182242219085,102.06547495641531,102.1150437451189,102.16903297922971,102.2278801605945,102.28878135824546,102.40134555733782,102.47413229998499,101.8718269970522,101.47024295731285,101.28750472022864,101.1831499755381,101.10702081127562,101.28509846376407,101.40501445623525,101.45790830110981,101.46647804983313,101.45072061273517,101.42249642606176,101.39307261762363,101.37318215099586,101.42683467935484,101.47640346472754,101.53039269683535,101.58923987693098,101.65014107374276,101.76270527193566,101.83549201412028,101.65579841375904
E20,0.0,0.0,0.0,0.0,0.13800525881700682,0.4528364108395042,0.952377037486911,1.716390843871032,2.1656535273686477,2.8967153580426515,3.9808422490858444,4.955411354506436,5.516479158786224,7.0875054913342685,7.983670877994601,5.647363858045684,4.823498023038284,5.33327313432124,4.799961550099223,4.777012426899486,7.129509105667476,9.627067243554563,12.145068272747768,14.712488690564136,17.535006717423467,19.98183488202249,22.98378693265989,25.696570263798655,27.44354437535882,28.863534859066576,30.081242465826833,31.162218049448388,32.1505492887386,34.53179118851216,36.17806416807613,34.380148974039585,32.999659911224576,32.310714869412706,31.01688074637006,30.556693483646676,34.264942321008796,37.60568150212811,39.56672332084297,41.32572604764508,42.953300972324676,44.227467840434116,45.352695383623946,46.55028973871648,47.270565609578355,47.99486108961675,48.74116286319867,49.502711890068255,50.27459836355936,52.50917638817426,54.056069314831234,52.15677830543964,50.65320364261113,50.13053450749872,49.1185533128941,48.96399033620923,52.908839486491374,56.26995108751379,57.856503351121994,59.361750395010674,60.8173794116328,62.23886443844529,63.63720425724131,64.92058198711281,65.68543588743889,66.39952316269068,67.10330489194513,67.80143869854545,68.49618374506453,70.01501826696727,70.90915879646617,68.35192292139698,66.17977178069063,64.99333653802161,63.32051353212464,62.511855015778686,65.81334836106824,68.54047764340686,69.50448853124638,70.375817090961,71.19238068427774,71.96996728857965,72.71945695392638,73.44842103868072,74.26321028477082,74.96994762336057,75.66977903114545,76.36605630697184,77.05992609983049,78.56900585942876,79.45734213128642,76.89584392483691,74.69824664329698,73.33806844267338,71.83055238899699,71.02380617011842,74.32455734632212,77.05055080252609,78.01278496369763,78.8822747812797,79.69684196251025,80.47241754291004,81.22002914934475,81.9473470233412,82.76222326189136,83.4688713024369,84.16863054143553,84.79213514691591,85.2662596351461,87.19658624512495,88.65505853580994,88.26796130519949,88.48393593886033,89.41101151373205,90.20403628085774,90.83333951740855,92.73168895831368,93.9598746364984,94.63699882447057,95.00748971521908,95.22256273677257,95.33191551113855,95.37814381565182,95.39561962341739,95.51904836701289,95.64954724048003,95.7899454093278,95.93839207090447,96.09128522958056,96.8146316006307,97.20293012780499,95.8046454712991,94.78368490728657,94.15407259808475,93.6791166710955,93.35526894626307,94.68485483205983,95.59241969006602,96.19158643468111,96.5890137171849,96.85147315973148,97.0230799347209,97.13500916750195,97.20903008592659,97.37659637980163,97.53021256044737,97.67513023343776,97.81429022971487,97.94931688728046,98.00787611437501,98.04039469299518,96.52596313206811,95.49724453364152,94.8170110667664,94.36400351658594,94.07720320572459,95.44184920822576,96.40402786464674,97.09391067192955,97.57158298838532,97.9067083902541,98.14358321846264,98.31162294181408,98.4309921710073,98.60939958353819,98.76899537992564,98.91583916272486,99.05400223842051,99.1862251816928,99.21225058313209,99.37086525676932,98.0222944407539,97.19396974534148,96.7222034421117,96.25960267220928,95.95642403050897,97.29310772812256,98.2142775779774,98.8523031230772,99.2871013337905,99.58478104417168,99.7891280849199,99.92964375878066,100.0264202902408,100.20339706779694,100.36182622608095,100.50772643074524,100.6451326310204,100.77675375312865,101.0149047297722,101.30566682519733,100.07889241499107,99.35603576197859,98.9765964432124,98.51150408659899,98.20459064480761
E21,0.0,0.0,0.0,0.0,0.5787771568754062,0.6540158456739334,1.1493853265254368,1.9133265160291408,2.92481232908194,4.056328555512603,5.323498695479511,6.6515281068500105,7.99646350041803,9.349243777385933,10.700889244743447,13.159871457305181,14.785900911595514,16.39729975303905,16.216375890903883,16.146024968824094,16.99073934945896,17.351989002983323,17.7068779383193,19.854094603912003,22.170191418604116,22.989907227709722,24.824994974941013,26.566395057976493,28.256959389766756,29.924898373933686,30.607660536152302,31.286004518599704,31.96239639665114,32.63792576793649,33.313074054116655,35.09667219743039,36.047734034607934,36.98427039225935,36.030635051553915,35.37961357464033,35.39345277762963,34.571932939922924,34.4621779824645,36.19054925143136,37.6116460860476,38.56652374835766,40.12198993525369,41.68609452876103,43.26497036694504,44.86101463305199,45.49673429203271,46.14394157371515,46.79956182835075,47.46116062370142,48.12693327795571,49.90420663613681,50.85099522438594,51.78464151240462,50.82905027929037,50.57737423829181,51.538257981195414,52.086104676990885,53.22642763425426,54.792413338139035,55.980962529746805,57.08186302976386,58.6844232160901,60.29355986988664,61.909374187598544,63.533297636417416,64.18916754948644,64.85058509004847,65.51608009553449,66.18447867502293,66.60865090526121,67.94171248000157,68.2839609120904,68.53215431293272,67.92819995417327,67.91522687826878,68.27172181086823,68.20976339653095,68.75530391262394,69.31931698449252,69.84174916992235,70.62916329346078,71.62229336859016,72.62395016914476,73.63220717148184,74.64578973280699,74.67275680221148,74.69458477655417,74.7123968377277,74.72671223989158,74.73797472572402,75.68902567273041,76.56802260931285,77.46564020624645,78.27888066018653,79.17844792997776,80.08868994115444,80.59010804325413,81.19380030486298,81.88711051503103,82.58572579071537,83.57762367253729,84.57780239911894,85.5876526283076,86.60541023171369,87.62760669548021,87.65653719231041,87.67507458927365,87.68714536850622,87.69502105056799,87.70014889537775,88.64710396341258,89.44161367890872,89.83361142202912,89.94333376411082,90.03051937885034,90.98386040968089,91.539288786527,92.19675696294621,92.89804274921993,93.59626559128243,93.92727444365977,94.16070878176153,94.33146347111213,94.45773549764985,94.55011880290571,94.56504262135242,94.56991058559977,94.56974404581422,94.56730320998189,94.56410709372518,94.62105505983713,94.65990310845297,94.69473080334107,94.71170221697253,94.73115762578901,95.152878785606,95.37631715836761,95.45940737856364,95.52168301825493,95.56617361349612,95.5842847363084,95.60176210696095,95.61821477753165,95.63277851311491,95.64602211690764,95.65589511221374,95.66562482263467,95.67397446600688,95.67944417816861,95.68310661719057,95.70407067538666,95.72446053278624,95.74802569134691,95.75474401381736,95.76756429963429,95.80203998676761,95.81414500541814,95.82247981592656,95.83135139128446,95.83936196778178,95.84700350582828,95.85479091984834,95.86191040725568,95.86854302372126,95.87488255696897,95.88006825829257,95.88528207168764,95.89072873825823,95.89653814393897,95.9027637952347,95.92147303744314,95.94305119057681,95.96959565480778,95.99020873719265,96.0085571048992,96.01686601068613,96.02244183849632,96.02721893508253,96.0328915070614,96.0394765272318,96.0471112348479,96.05849986445197,96.06970235920987,96.0785117722469,96.08450976979304,96.08843301507723,96.09113229060527,96.0930343937516,96.09441786445679,96.09545833169102,96.09708287454804,96.09792450733856,96.09838967839048,96.09702587266698,96.09681173743844
E22,0.0,0.0,0.0,0.0,0.13800525881700682,0.4528364108395042,0.952377037486911,1.716390843871032,2.6136496332466814,3.680158639414809,4.92873358546344,6.251949992708614,7.595790029904345,9.880764691929375,11.41881354922324,12.944020860532774,12.503042529858607,12.146002183787958,13.217633144921265,13.875568892887454,14.527988270474829,17.146633104908624,20.341991377161552,22.620005974468906,25.327266540482114,27.56335116246018,29.564614008817546,31.453364084784774,32.17759507461477,32.876069401638205,33.56222058214165,34.24247581521391,34.919910161918416,36.53244268118879,37.39645408559126,38.24713653050559,37.082464825551504,36.30389069664372,37.10692534721799,37.576315196524526,38.08064391870033,40.590371930363844,42.70498735063545,43.31102119028678,44.99238547986735,46.6774871641404,48.37437844278086,50.08988666300641,50.71251769259498,51.3497018427669,51.9979368989218,52.654229278040134,53.31625365553302,54.918740161910534,55.776133736861205,56.622422526012166,55.45481701496233,54.67427566901498,55.60048757113773,55.812244456992715,55.895654102811825,58.40856142624341,60.55951246581491,62.03152118520327,63.78238459391738,65.50557369245506,67.22811646887646,68.96100356438603,69.59541056532827,70.24057417176927,70.89421614543356,71.55417227663742,72.05499031034228,73.27287072385981,73.60663958130539,73.85260132431227,72.49454430291381,71.67208903196406,72.43468471982563,72.8468010660678,73.67479814715406,74.73029863400838,75.76960447053199,76.9248502449749,78.15776376102819,79.45365724921551,80.7548739381631,82.13815905956001,82.49734265530981,82.79697852242771,83.0526317776121,83.28367243649393,83.50864938138584,84.62896669325538,85.71352430308936,86.76036896385855,87.56981923435188,88.49374015839393,89.59470717901705,90.5018533529841,91.16383244296372,91.66377809531733,92.05165304094963,92.37073462596406,92.71094404777608,93.12685387539854,93.65773890905824,94.32302039603738,94.75589358626127,95.04964813132368,95.24930171759003,95.38528455554881,95.47813793774324,95.58658675108248,95.63698118654,95.66060767160857,95.65700759101448,95.65885292915347,95.68897996417721,95.70851538393507,95.71990943695964,95.73192969422715,95.73956305245626,95.74389962594302,95.74644089970135,95.74791557715474,95.7488291122227,95.74954069631345,95.74913053721713,95.74903181069298,95.74928361888001,95.74985752561491,95.75067704900147,95.75344521294099,95.75509827831252,95.756170558939,95.72009787515087,95.71405697900231,95.71562766004686,95.71362218501844,95.70861559516611,95.71752110345562,95.7207812094994,95.72052964067288,95.71867155229195,95.71625978775972,95.71427802871908,95.71362546242007,95.71188824228888,95.71189539919597,95.71366025928668,95.71688785328051,95.72111610062917,95.73391262133832,95.74143769460154,95.74621776202056,95.72422408070976,95.71989866886545,95.73044720348103,95.73831216010971,95.74348936008073,95.74820473406943,95.75139261770205,95.75317498774393,95.75440500324272,95.75526503799965,95.75589455541443,95.75639685356177,95.75642629670044,95.75651346636324,95.75666461014633,95.75687235290555,95.75711996852182,95.75783440245284,95.75825208386284,95.75851665510328,95.74881924715974,95.74740782355535,95.74819283563785,95.74782259505804,95.74635652060871,95.7485272725785,95.74930682039894,95.7492137291529,95.748710968462,95.74807052013392,95.74755846129959,95.74741468000789,95.74698520126748,95.74702256528774,95.74752153506034,95.74839823818336,95.74952827314179,95.75288537700786,95.75485414421837,95.75610038904817,95.75018499663582,95.74909008606646,95.75186375799441,95.75386381678601
E23,0.0,0.0,0.0,0.0,0.13800525881700682,0.4528364108395042,0.952377037486911,1.716390843871032,2.6920080621154088,3.978631850458233,5.61882918102185,7.165784279090681,8.692150132814472,10.241809482768037,9.55544720470595,8.416830423538311,9.354636357805143,9.378879638361505,9.592800779545502,11.543878915854679,14.281349527654038,16.68948595798487,20.995684000346102,25.332143118199618,28.11488484954721,29.630278954565128,30.30512557853129,30.979972204266815,31.65481883003314,32.3296654558,33.00451208156687,33.32936977417748,33.53837244711626,33.74535816104165,32.12611452187672,31.559439415000284,33.67858260937987,34.554808002700085,35.46345657064546,37.8618253253151,39.98335868773209,40.618053714467166,42.16483837800641,43.730884461407086,44.899047027388534,46.09397133650137,46.4639285871193,46.91503442997974,47.421126895894716,47.964478526682036,48.53307712283302,48.796376797441866,48.693123192385684,48.865244863820934,47.28122041980457,45.92300097700235,46.952103603145304,47.24683733704295,47.519853676884395,49.585936011618266,51.53186136479185,52.134207091319695,53.7353546490125,55.30695109904889,56.85846713244343,58.40280935161054,59.00105893477938,59.60022023221616,60.20096554971272,60.80329207189311,61.40695696487671,61.696661752540834,61.61801665624914,61.80592232921518,60.35772525364982,59.4495979652875,61.164558362309315,61.819251143360376,62.10503824125674,63.51540334683405,64.82859730734408,65.94620137375513,67.0638328902097,68.12685647433717,69.16968817282394,70.20775785499184,70.30019797828932,70.36536603691698,70.4171541526932,70.45871381382304,70.49167848410649,70.61593509460135,70.6485068650752,70.6871446048949,69.91509148295884,69.26294779195935,69.62714451399879,69.95219240163973,70.40909292395912,71.71269838017797,72.90611282211367,74.03141889848686,75.06057934851215,76.0500636533723,77.02944196439796,78.0107074755001,78.05181015815472,78.08393464190205,78.11143040389985,78.1352504078074,78.1558837819504,78.34883391852144,78.37426333894932,78.40063251300893,77.61776820029968,76.95823711627796,77.12456802284449,77.55591059320369,78.0424578260294,79.35280941676626,80.54710723588292,81.67359278872885,82.70267159014821,83.69606886194903,84.68701204641287,85.18029426872934,85.2409380593098,85.27428993046328,85.30554504183785,85.33482867295152,85.3603743177856,85.5418653598436,85.65985168191123,85.80210193074296,85.15306079444554,84.6397860061853,84.96024042636742,85.3902276590221,85.87270686598401,86.93765570194414,87.71764863616869,88.05773554623009,88.13651666388826,88.13614961722386,88.09282243749308,88.01662644454352,87.90313521600866,87.77311154296862,87.67260274687499,87.67365491645751,87.6764981999217,87.880984536336,88.00559307464415,88.14733325637796,87.49618923315364,86.98046187843522,86.98886488940036,86.94684942932622,86.85199517490231,87.51476875178439,88.01683391682407,88.22034646074135,88.2792658815585,88.27653578453283,88.23655429770301,88.16849830242079,88.06882128197206,87.95254831134207,87.89387300872362,87.90589240328663,87.91788315129412,88.12254840538588,88.24833090125858,88.39102917165611,87.74066097231606,87.22557367442509,87.08207389437885,86.94695936211059,86.79452787993121,87.42108742239849,87.89963346375848,88.1005924371741,88.15699023961076,88.14549853090024,88.08998657140874,87.99985444887494,87.8783353777351,87.74168035405857,87.73431412226996,87.7331085840604,87.73272090030095,87.93717704603962,88.06141380582366,88.20286802888705,87.55150981892085,87.03563549990942,86.89793770362851,86.763951431006,86.6083868457216,87.23033325909167
E24,0.0,0.0,0.0,0.0,0.13800525881700682,0.4528364108395042,0.952377037486911,1.716390843871032,2.6920080621154088,3.4131556599820425,4.4778896639791785,5.799196499225727,2.838363946491262,0.9937303072259789,2.1155389470538517,3.225488980110933,4.36788607224289,6.194605794536265,8.760108401773326,11.837358992360048,15.413096225957721,18.72091383953402,22.09558516233233,25.10155787538094,26.709212969343085,28.016134500100957,29.119277715139344,30.084339894365783,30.95583778838834,31.198459942429356,31.388135161470466,31.548526772359196,27.91188969064007,24.62221283727211,23.483566805437672,22.468700397021358,21.84966951229911,25.80055723151409,28.966975284608697,30.52923396717004,32.12006724745303,33.582842604806444,34.956278892335675,36.269133973058594,37.030260389036016,37.763570560388615,38.47803232824666,39.17972233935768,39.87275815488118,39.99445366093924,40.102188479446085,40.207056933514444,36.59538552808152,33.27556094228416,32.13166010541195,31.123514594580772,30.443719872860274,34.44768092887551,37.60896981280686,39.16876085030124,40.757922044005,42.21956438852531,43.433177393706615,44.40819679661677,44.940404349659616,45.51859814565915,46.12795241125972,46.75842114089315,47.4031971193321,47.49219155869902,47.55630654320657,47.59815947226456,43.91306409155908,40.51544536790569,39.04815953915299,38.41841147756266,39.44056083583894,42.4669528863408,44.03713824830974,44.660699973000874,45.404336473765866,46.0851957670685,46.724258487899064,47.33710130264144,47.42198541305196,47.48451881151802,47.532713950250276,47.56994378895001,47.598470556023265,47.7027686374949,47.72100565064622,47.736180770687646,46.12156187980692,44.994011123106404,45.035493178272446,45.136566930200935,45.382333970182316,47.2847285215981,48.75715713452847,49.63970686409473,50.558483593684244,51.357775177291224,52.076919396264955,52.44175517346867,52.56896155993578,52.66666589303249,52.7448065511847,52.80796458903143,52.85898735141623,52.96810533735635,52.99089956862848,53.009292049224186,51.49314530353607,50.469779165203704,50.49362344928797,50.602423637049256,50.85639894062629,52.747091245328775,54.217124161036374,54.71805479992351,55.14728455835154,55.453641679627076,55.68381761575618,55.86748830042562,56.00879978288881,56.1180540773272,56.20537273042071,56.27559471389416,56.33195570076842,56.44086005526571,56.46399860126843,56.48267668700003,54.96739248420862,53.944939517877856,53.96982552844517,54.0695842901343,54.29492701678759,56.20160031411828,57.69796039367818,58.100905594825335,58.52589188380457,58.833260101402175,59.06622487256618,59.25575032346673,59.4211647969305,59.5470232070809,59.64652145139816,59.72571407981655,59.7886937572011,59.89705614152738,59.920460572049265,59.9393800056052,58.405115806116996,57.3720076479922,57.40027390473843,57.50308951122222,57.732440415624026,59.643067219693975,61.141485859836635,61.52985367712244,61.95479038219618,62.26415429671006,62.49951085458451,62.69156557250024,62.8595364237615,62.98700530936132,63.08758759933039,63.167510822343566,63.230982634825,63.33928092781091,63.362687160558096,63.38160834569992,61.84752815737848,60.81449576478953,60.84281157478611,60.944613348188426,61.16666183807318,63.07806267393065,64.58079191924347,64.96888913187742,65.3936744084464,65.7029623382387,65.93831242791642,66.13041721038594,66.298511286649,66.426058587788,66.5266959754995,66.60665808474319,66.67015738854674,66.77844277504397,66.80184399141514,66.82076210024171,65.28162782726,64.24578644986397,64.27610104139195,64.39022991536312,64.64600596104725,66.5508346502429,68.03679097176567,68.42836121962137
E25,0.0,0.0,0.0,0.0,0.3520542316760377,0.7428513929008912,1.13949696190918,0.731853904337479,0.7997173409074362,1.1484759910842235,1.9227638415382717,2.850414841810547,3.6438341713779456,4.627941127256252,5.894116305797189,7.282728336311894,8.6585021549799,10.470797410817191,11.76584662921386,13.050141164212944,12.431505904609324,11.821968161636995,12.716557031924399,12.906738191280779,13.085302486070281,15.166126531897808,17.652699168574724,19.26856238811887,22.053508844066105,24.144738705535524,25.929771995470034,27.583352906090532,28.30051919316073,28.993512963943367,29.67614128852074,30.354324793792276,31.03060231082069,32.15962154654578,32.777655929245405,33.386650220201226,32.18119811226063,31.29530672091964,32.04158476562189,32.13932311191542,32.24994520123896,34.18538502530422,35.43167681120402,36.17325992513384,37.50538658848095,38.727852136911814,40.045028158533476,41.43342319122524,41.99312681176693,42.58895501372083,43.20983088237449,43.84792336263162,44.49778660989742,45.60922971049709,46.21549262984011,46.8165697894714,45.60577841226293,44.71628000672852,45.74973119271612,45.58547595513379,46.23639539728184,48.19227114398794,49.820745023295466,51.02853549733307,52.53206702957425,54.02706582385304,55.52880505781152,57.042259045349596,57.68670310536093,58.33995178284717,58.99973600548875,59.462375356894,59.76163247344782,60.49304046090576,60.672001545383665,60.81501354286508,59.14769529951688,58.66350817337465,59.790522322301065,59.08641300447758,59.24161512759819,60.572492227656994,61.56075503201423,62.1475688835842,63.07291906418105,64.05821725821755,65.12949913455661,66.28222379121031,66.61166364928785,66.87937301278838,67.10919819282671,67.30142828098727,67.45724916534674,68.1381286023406,68.27982200399823,68.39755580950107,66.92583121459477,66.63189714535855,67.95252269961274,67.48113737122694,67.91949596604745,68.7322661895976,69.4715552723418,70.03228494712663,71.01376149405753,72.06773434702278,73.18576875530657,74.35231188275591,74.66600222191965,74.82199781711314,74.9280048161871,74.9994601964858,75.04443514399014,75.63619443836518,76.19621350104022,76.76585216636745,76.75635239377361,76.94552956923548,78.86651107928883,79.68471962406879,80.46947306130559,81.41076847279373,82.41393058297666,83.30755434680239,84.19995407572664,85.0955825027593,85.99681777196379,86.90445739649826,86.93811866204977,86.96360858198692,86.98504517197475,87.0038361374794,87.0203213039924,87.23837901406615,87.38731163378003,87.51085042775782,87.46441293182403,87.50843306025433,89.4507035772137,90.27107012502923,91.05419847522246,91.98158922133018,92.84676856004597,93.1367387601917,93.33719651872732,93.48230829366565,93.59463327913373,93.68840354429987,93.72308672269405,93.75097743790154,93.77524075610086,93.7967779803973,93.81568499250706,93.87608422682568,93.92883245072083,93.98489707990682,93.96013186722693,93.98625068525435,94.55126457221421,94.93452472374153,95.19146599980094,95.37549775247808,95.49931948792471,95.5182688764439,95.5392706148482,95.5669629851285,95.60402979650429,95.64754241089248,95.67459983700428,95.69328084555781,95.70659417142222,95.71645671528363,95.72403995841225,95.73659831824756,95.74310881478561,95.74670513603954,95.7227349464863,95.71855370876703,95.7251405232167,95.72789371283079,95.72728213888112,95.73507958506217,95.73888484015824,95.73979633022827,95.73954005963094,95.73883118617266,95.73820032701757,95.73807669373862,95.7369252967657,95.73654213462342,95.7369883204753,95.73816784108178,95.73988458131296,95.74571854418045,95.74912981810854,95.75128889014685
E26,0.0,0.0,0.0,0.0,0.0,0.0,0.0,0.0,0.0680194695041037,0.3271107985348538,0.8493911370590989,1.6132800259479878,2.4157898978958867,3.3857933262439444,4.69808810852042,5.9986069580488355,7.639652788228444,9.416496338571536,8.719865658350512,7.770954926065322,7.853747913652522,7.983775295210902,8.301212817491034,10.641558534347649,13.790577265558838,17.6246868759119,21.78527981135529,24.403250608875776,25.580576190271124,26.75790177166647,27.52179066055536,28.28567954944425,29.04956843833314,29.813457327222025,30.577346216110914,30.87932569884462,31.18130518157833,31.46920097748378,29.378773076798364,28.12559980682526,28.65847527579343,29.375565689069887,30.104866673172513,32.91212527887205,34.95578008740305,36.114486313814304,37.21281054012185,37.84160662794132,38.64124353648386,39.55664289698513,40.137046684770695,40.7706025021645,41.44017435628763,42.13415082696535,42.8446639675064,43.11573179601563,43.18919730723627,43.37181598204736,41.413154826846444,40.4124982694156,41.13869472726892,41.9811529007731,42.91325768870513,45.58498538270864,47.572581108510434,48.56026080306279,49.600925876091765,50.67749406234892,51.77839034772579,52.895771454433245,53.610886052254614,54.33356961303958,55.06138193466602,55.79266952600848,56.52631197459081,56.814937337070965,56.901287411254,57.09293673187854,55.468847044766825,54.38027891013475,55.35005365780578,56.63444591179051,57.95389102903692,60.481571916595776,62.596359699909954,63.63927726537196,64.71736620547857,65.81928741559175,66.9373574711625,68.06637005170217,68.78936064024816,69.51737546075621,70.24879472177605,70.98252084587185,71.71781010999983,72.007556216167,72.09466825412788,72.24453449525448,70.96489268706138,70.44908780815653,71.47271214844496,72.51016693356475,73.51122209213898,75.54112982410284,77.11731318912906,77.65567307276707,78.24093656742978,78.84783065434497,79.46180081530956,80.08179035124915,80.29983958224796,80.53524196932682,80.79129600520935,81.06832002530152,81.36445299081234,81.45747479756226,81.46356934669389,81.48795830132772,80.09776615330543,79.46566248749285,80.27729649242757,81.0199358439475,81.7286419833936,83.5814927872349,84.91707800334439,85.2702651170859,85.63654447321666,85.93174465193718,86.1306925855818,86.27350937496847,86.21659865257315,86.17218685490751,86.14511917836441,86.1367668814605,86.14598688317324,86.12651994077768,86.1106546933585,86.13571910531145,84.77151087933353,84.1361723745312,84.33660304401185,84.3664589477743,84.27784301160803,85.28340869746279,85.83586997718872,85.83269173314308,85.8318621948317,85.82926799567535,85.82567697823538,85.83033464415041,85.77251485906304,85.72689987843798,85.69837315620495,85.68835530925516,85.69575092930013,85.6757074724265,85.64845663575241,85.63130239470635,84.23198517947617,83.57265841806695,83.63353203869964,83.53985288775372,83.35153586725183,84.26300732404317,84.73849317510461,84.66348220295048,84.59511675916954,84.59763811238342,84.62649882635895,84.70527365950721,84.70183797457457,84.70335143904973,84.70821846778506,84.71535788563628,84.72403708382072,84.7265545785264,84.72656378832956,84.734830592939,83.36295651946456,82.71658528524199,82.99706358639081,83.0577428049313,82.96998322957766,83.94872901727223,84.47084008664159,84.45115611469109,84.45271251664782,84.48297208243316,84.54880959626477,84.6547137035471,84.65227155334853,84.65476659949084,84.66060711044541,84.66871452229617,84.67835799563963,84.68125889263999,84.68228011370725,84.68697041683046,83.31404445977903,82.6657893806983
E27,0.0,0.0,0.0,0.0,0.0,0.0,0.0,0.0,0.0680194695041037,0.3271107985348538,0.8493911370590989,1.6132800259479878,2.4157898978958867,2.904535475381777,3.7355724067960847,5.0167428116175135,4.921743602031883,4.302724283642923,4.812439047201997,5.609391570675035,6.649430100353871,8.756912371759421,11.573711168685596,14.938489687386468,18.803377527813836,22.009751946538984,23.72050202474039,24.718201768509317,25.482090657398206,26.245979546287096,27.00986843517598,27.77375732406487,28.53764621295376,28.82027725098048,29.102908289007203,29.385539327033925,27.850751748269094,27.1120219772125,27.921419668409705,28.69902751487356,29.480086260130683,32.00078490819535,33.757635817188536,34.75533556095746,35.75303530472638,36.75073504849531,37.74843479226424,38.74613453603316,39.25234314196439,39.77440354372333,40.37442844211427,41.02728240827513,41.715933570877986,41.94758321208276,42.19566904320046,42.45489210508726,40.95788037371679,40.42424527442829,41.42176695959399,42.32151289642863,43.18591210908941,45.763019732186415,47.38241028169411,48.21638113991292,49.103137508629395,50.02566155919872,50.97242194002354,51.9356049592142,52.67610517170916,53.36791309628176,53.803295378441064,54.097011452229985,54.30424924243095,54.33565351430335,54.35870615892223,54.3756687035462,52.651910587910145,52.05401509915007,52.325198475400434,52.453219441014255,52.53004663680776,53.907749250613044,54.98269147452908,55.19428203334009,55.483535370508136,55.85448276364017,56.30489253316923,56.820824005927086,57.050755334231255,57.247721228300485,57.41597575509174,57.55625730975968,57.669865834560994,57.68869939099958,57.703356313608076,57.71453782419013,56.39789013581287,55.38049762270309,55.5371586595416,55.640366352703566,55.7209196810627,57.09418466095192,58.189496465764314,58.4061542941563,58.69145417762501,59.05155155693166,59.48631505921967,59.983830944452,60.20076815535849,60.38784011121152,60.548328432032,60.68249915277503,60.79134793071858,60.80964212541151,60.82386688126762,60.8347104062891,59.52181416707199,58.83049922560637,59.370064519693585,59.899245948802744,60.42895513607704,61.799412461623525,62.88300317164448,63.06616836679903,63.28170166104447,63.52276429617437,63.78284691230269,64.05549001063815,64.08473766004664,64.1084703072595,64.12802993355602,64.14394901064996,64.15663162007381,64.15767277312312,64.15857613303889,64.15932093409516,63.18841692242151,62.68622883454578,63.30908152999495,63.87983705852654,64.42855858042194,65.78897021953705,66.87843405136731,67.08528207797646,67.34422177448157,67.64782877350423,67.98566706414391,68.34510236123516,68.43789736395456,68.51057844750461,68.56838722261604,68.61404628137345,68.64956729184699,68.65453952363316,68.65838521416,68.66131128427709,67.72809612666651,67.2360708283372,67.86389688242758,68.44862602956997,69.00604801741882,70.36202042942479,71.43687697967695,71.61035571938008,71.8136761671327,72.03891111813287,72.27949744732116,72.52986008277605,72.5422198916993,72.55238361040657,72.56090506383117,72.56794202803748,72.57361234906227,72.57343479509242,72.57340978008233,72.5734572782906,71.64246348464111,71.15111056809454,71.77302603072692,72.35247236096025,72.90564209642665,74.25551392496543,75.32748497106824,75.49837515431318,75.69906165986633,75.92107480046117,76.15760329743642,76.40315284936996,76.4117296883935,76.4187601802663,76.42467962485489,76.42959649246782,76.43358147363314,76.43310873071351,76.43285867240019,76.43273717083405,75.50330142110083,75.01222363321287,75.63365463464531,76.21314445200956
E28,0.0,0.0,0.0,0.0,0.0,0.0,0.0,0.0,0.0,0.0,0.0,0.0,0.0,0.0085284366029971,0.059746156248732,0.1721342064239277,1.9301874796588514,3.2922476898258037,4.370165090920882,5.787081429873702,8.08814910881985,10.93583893701695,14.311026055765877,17.484415877725837,20.378078556478663,23.31922486277243,25.161185752945187,26.5865324965703,27.763256845226657,28.77707698569739,29.68143160820199,29.887557415338833,30.062417088767837,30.20363913419517,26.555723448763352,22.866519279583578,22.667201234651923,22.078578676887183,21.613863117632896,25.321771214486205,28.483385992217258,29.624379185047435,31.095134492997616,32.42337481540169,33.65872044437742,34.83284364945891,35.59405439795435,36.32741169652412,37.04190374315605,37.74361399791667,38.436663485460876,38.499638089546565,38.57750287332786,38.65300159709386,35.080648016303435,31.361267272487698,31.0291982882593,30.505008543034805,30.043837456992115,33.747520337994445,36.90517733527294,38.043307868786485,39.51209355080033,40.83899431102056,42.07343143175742,43.167237004981516,43.61001538524728,44.12759597372538,44.695875895677446,45.2985120524244,45.92442849305188,45.941913460647285,45.988954276512345,46.043566551071066,43.59120711915679,41.81922486740494,43.50673781242827,44.49239812692943,45.476130883237985,47.984169639213434,49.88675616949234,50.45107071223812,51.43457951567267,52.29060919186352,53.07859329614847,53.84739856716139,54.27874384935993,54.62613264415313,54.92106892877998,55.17109222430372,55.38071885067915,55.44429778369303,55.466401965980026,55.484016131185555,53.93796834957409,52.89667047696264,53.46440114135841,53.653913167102665,53.972407423317904,55.936453084826624,57.479210490588294,57.80578018361416,58.61244971021736,59.32555981953554,59.9823810265252,60.61095669384221,60.889422040903355,61.1349092113424,61.35794922520173,61.557304952649325,61.73127974288604,61.799708608522195,61.821980886121196,61.83980120632607,61.78099490733744,61.762132210016134,63.02794314761755,63.3726559231664,63.92258038864705,64.50267400702685,65.09059944367044,65.21892611294436,65.62916751808231,66.06908900087542,66.53885496340601,67.03550680398206,67.21612030313705,67.38563827869618,67.54619094914936,67.69260647669472,67.8214005261035,67.87989289614583,67.89293139643108,67.90426922068771,67.89015610205983,67.88665849868417,68.80060400994458,69.23826590114902,69.84103323684054,70.44376694741044,71.04306191252708,71.19340729386464,71.57937216852838,71.97209927768728,72.3671127648738,72.76315475578468,72.78712996472434,72.80376790554413,72.8164025022788,72.82605484293323,72.83338359244517,72.90258122448934,72.91200970223773,72.9203370010714,72.91208631908495,72.9099989047872,73.78099325118137,74.18577572687373,74.71375437347196,75.3316950552636,75.93675222595732,76.09258168855676,76.4755325456832,76.86488719327123,77.25375859449765,77.64375806962244,77.6622910252541,77.67526909379255,77.68541733785625,77.69385049327832,77.70091594846467,77.76997098104998,77.77927910095795,77.78752025095145,77.74372363936322,77.73152368679489,78.59484312984415,79.00939963382271,79.55140460468753,80.18367923579261,80.79729770834676,80.9593483821093,81.34389612517684,81.72924913946332,82.11287481910871,82.49533391069374,82.50684191624966,82.51629213965663,82.52432887200864,82.53109250891647,82.53669605883051,82.6064701752505,82.61608030933971,82.62452291931469,82.58084125988381,82.56868505275338,83.43089711779163,83.84720334472667,84.39412748834278,85.02386047096496
E29,0.0,0.0,0.0,0.0,0.4658614541126874,1.3852808111321795,2.6569235661014137,4.20688823742615,6.252283547222325,6.95654858047612,8.125498963815005,9.726354305517498,11.641737213351647,12.688973389221417,12.998333242779974,13.232160646870529,13.492751947342933,13.777024930614989,13.90189226916272,14.872710082875725,15.814822222544063,16.749330584856196,16.006482909976654,15.792608830601568,17.504395454766044,19.308323732327054,21.136568313406457,24.64602418697637,27.81421751959803,28.52240673132765,29.090427847363543,29.60387581719106,30.096076239405548,30.58000412629937,30.582057648021895,30.582857167631907,30.5831684531663,30.583289649297974,30.583336835886197,31.51564132753186,32.4479346003528,33.38022350522853,32.63691425755946,32.06421149024873,33.20429033227164,34.75511684777614,36.820820257163405,38.65882909294479,40.122466866243954,40.43076967419325,40.760670647039476,41.12555513624395,41.52206710520804,41.94309453931991,41.90328116647969,41.87600534490239,41.85740706653728,41.844759605620595,41.836172039097484,42.76263233804521,43.6909681903672,44.620576554131794,44.60911331249495,45.29444746422623,46.931973237613185,48.18964517619026,49.42318116930577,51.22145390825538,52.864018600857264,53.34732638393842,53.79581145807533,54.24104902878622,54.69200858072816,55.14992992398706,55.1351160177314,55.124779938884785,55.11766010077956,55.112790478811114,55.10947320836749,56.03950468189845,56.970260376998,57.90150843631138,57.92488486936347,58.617943460910304,60.23553725787902,61.48781729080507,62.719984489296316,64.51795684508703,66.16050246323074,66.64388312016968,67.09241757393623,67.53768860448994,67.98867082896076,68.44660753521971,68.4318040389969,68.42147501403193,68.41435995566628,68.4094935724693,68.40617849663072,69.33621145723518,70.26696815998194,71.19821690208127,71.74086229091152,72.4788235087363,74.19309905958347,75.61689201866871,77.06354219725532,78.86151388647932,80.50405934733733,80.98744003462167,81.43597450895042,81.88124555343714,82.33222778734904,82.7901645000053,82.77536100811734,82.76503198608967,82.75791692971437,82.75305054786604,82.74973547294131,83.679768434165,84.61052513733136,85.54177387971501,86.12186383261496,86.88850022254339,88.6234917911111,89.6450089407721,90.34461673997174,91.13771912407371,91.60859152572404,91.80305332784258,91.90463924303779,91.9666989658165,92.01382071594914,92.05814438653093,92.04334089464476,92.03301187261832,92.02589681624386,92.02103043439608,92.01771535947172,92.9477483206957,93.87850502386222,94.80975376624599,95.62478680067349,96.35019319126812,96.60657158161527,96.75270680801711,96.86893163974865,96.9884360934338,97.07075565871436,97.09669765630372,97.11271785582946,97.12404703120738,97.13331936905621,97.14186246186651,97.14032275751366,97.13925620926402,97.13852446416251,97.13802510804794,97.13768537077836,97.6375305983592,97.97799493516584,98.2100384918696,98.31769243134698,98.41106542983205,98.49630165618443,98.53539488459373,98.5820345152605,98.641730016063,98.68047757840156,98.68309218910687,98.6836199103418,98.68403997088234,98.6851099834594,98.68705543907794,98.68613361218122,98.68549448354285,98.68505576386279,98.68475628835411,98.68455250703227,98.72173087867444,98.74796584007049,98.76653732036202,98.73125022005063,98.72715907350012,98.751201422471,98.77162825436818,98.78432972028533,98.80425654578752,98.81304458202368,98.813850910831,98.81314932194947,98.81271813292511,98.81318538513463,98.81469226053939,98.81378574419803,98.81315718960919,98.81272571264341,98.81243117507763,98.81223075150388,98.83048467769389
E3,0.0,0.0,0.0,0.0,0.0404177251255973,0.1321141951490219,0.2727930327806042,0.45715630954544406,0.7027837710285276,0.7899092163698066,0.9654360272845253,1.233741919212307,1.5889220812360174,1.8763738329761115,1.9933958391364093,2.028313556497033,2.0370522308384205,2.03900504964144,2.0915072332854447,4.134052769233382,5.885504280627278,6.658096742734596,8.374514609337165,11.361866340351312,13.466603991208098,15.827294721626451,20.38986723790292,22.96772445907679,23.86629186717566,24.541138492101222,25.215985117853446,25.890831743620062,26.56567836938693,27.240524995153798,29.18413904425799,30.216610632439465,31.23321983499241,32.24955288393754,33.2658811252316,34.97944005323002,37.08722159886071,37.52832280038152,38.746129938623504,39.935831723081904,39.433273662775306,39.52058647124996,41.256841011883324,42.07307612443095,42.739319773120215,43.25674285065456,43.82491862476306,44.42748463699401,45.053353617859884,45.69501278736832,47.61613887783072,48.63337253153669,49.639656446197655,50.64899303704513,51.66058044918032,53.37092697158723,55.4765317778041,55.989860334744435,57.46332412263541,59.124347262997766,58.970228308644806,59.29346244436301,61.18958720818946,62.114150610178626,62.85379798007576,63.42095972494939,64.02283862729143,64.64824201964312,65.28958570443457,65.94173059780091,67.86996185843994,68.89201000506247,69.90155624018408,70.91310339296871,71.92618869108317,73.63755018727083,75.74384274395058,76.25763732449595,77.73141689253454,79.39265400578495,79.23868004040429,79.41658690461453,81.04657561328746,81.66922399026701,82.17410465240762,82.50636433375038,82.83133068668917,83.11818767021977,83.37521076101828,83.63521530607841,85.20168813182778,86.82949194199374,88.52827342408257,90.2965139619333,92.04670275619559,94.43637125223715,96.34385235802253,96.41249358618327,97.31737262285039,97.92147919807547,97.64173175890443,97.32889412169392,98.58050531470025,98.84306123585651,98.88615638743393,98.72162606673812,98.57343371924775,98.45639096902946,98.40414217086865,98.44725997446572,99.13126614985562,99.62138462258216,100.00868576963873,100.32570974699996,100.58449884902896,101.39872505083962,101.98257458185392,100.80051957420343,100.45850090095067,100.21798501329913,99.8034418910493,99.32896312421585,100.40024497879983,100.47122369294016,100.31964461741987,100.15342448066185,100.00405417611096,99.88619092332621,99.83337102917642,99.87609161035336,100.5596247675934,101.04952133221278,101.43671739037762,101.75369094786876,102.01245543030709,102.54867678395082,102.94415099639447,101.6344529527105,101.2059432104999,100.90682078174032,100.45256606772907,99.95117845237885,101.00422668558505,101.06285017210067,100.90289910911319,100.7366788346749,100.58730842311854,100.46944508853463,100.41662513266118,100.45934566774761,101.14287876365174,101.63277529814215,102.01997134114069,102.33694489076521,102.59570936897973,103.12625793607346,103.51788824491112,102.20558555620993,101.77531089571544,101.47499255098415,101.32409357502276,101.30548071378733,102.35815687338314,102.4165282412493,102.25640634160041,102.09018606710961,101.94081565551194,101.82295232089616,101.77013236499853,101.81285290006679,102.49638599594651,102.9862825304249,103.37347857341737,103.69045212303872,103.94921660125154,104.47964940875146,104.8712012784061,104.03646119741579,103.33979708870757,102.03852448618875,100.57691906033764,99.10206407201666,99.15375491830616,99.18463159676529,99.19589347858499,99.18682495879945,99.18741398790667,99.20317117774923,99.23424355724255,99.27722941604893,99.40855647032778,99.4895500955758,99.5433884346431,99.58106510677901,99.60820786468898,99.6856901316929
E30,0.0,0.0,0.0,0.0,0.0,0.0,0.0,0.0,0.0,0.0,0.0,0.0,0.0,0.0,0.0,0.0,0.0,0.0090830394519618,0.0616795630345061,0.188474011033693,0.7662760361354584,1.4823282280013568,3.5243828601135205,5.6015803376637745,7.898266664414942,10.872806286599559,14.892186720901428,19.968751347758996,24.856006123764907,27.91150489502039,29.73996836590417,31.56843183678795,32.33232072567684,33.09620961456573,33.860098503454616,34.62398739234351,35.387876281232394,36.09877118628974,36.80966609134708,37.52056099640443,35.86074311946421,35.03629120055822,36.08261449655483,37.03202445884917,37.99475184582475,41.1502545450796,43.387460805185356,45.00519086966871,46.69086050631971,48.42256628015304,50.185466332358374,51.96950375756472,52.70328937279406,53.446780158020935,54.19684720687634,54.951370359367544,55.70891298624946,56.41550763772812,57.123488673042814,57.83240912782142,56.30669359959622,55.72201017718146,56.969608049744146,58.05389432916387,59.10952246239874,62.31121519704824,64.59995474010384,66.25261680056629,67.9619565032427,69.70970121244014,71.48346931407708,73.27487097486184,73.97031948405204,74.71719153894693,75.46954975021802,76.22101668643518,76.97900319993191,77.68623044359717,78.3946839068645,79.10393025743235,77.57843833101967,76.99390750421905,78.3624122556533,79.64810917614348,80.9480762808478,84.13093740340338,86.38018066818881,87.95380913023514,89.5327426847927,90.82054276080812,91.75540984989776,92.50041855499931,92.73707186453863,92.98304457806744,93.23913360698862,93.49578151840444,93.74102762187756,93.96506974567804,94.16196803482187,94.32955877529963,92.41776438576588,91.79676568763453,92.39525035169679,92.60705495412962,92.63068399090476,93.8062891167983,94.42913086052995,94.42493651289082,94.41833391875211,94.42717857022558,94.46843520177768,94.56158976987932,94.58711857051375,94.65724233681686,94.76197563070525,94.88749741674823,95.02024114508643,95.1493898520386,95.26774124120145,95.37146505699381,94.5436876889701,94.17571484779593,94.76279777789864,95.36120432859205,95.91959023590455,96.56769454123892,96.83299892778638,96.80432716116846,96.77545239771322,96.76055132162483,96.77700669781784,96.83979797446436,96.86109535075772,96.91638339662043,96.99678750537166,97.09130531498904,97.18976471426808,97.28441605177811,97.37032893861567,97.44505327300185,96.98166876543665,96.86092510449694,97.30654019922314,97.57991529165159,97.75647198456289,97.962566063701,98.0673540331983,98.09272834063033,98.1090095240511,98.12490953922568,98.14736345388224,98.18059910459144,98.19286306011493,98.21350922778426,98.23975532022581,98.26857405230203,98.29737128231145,98.3242947978735,98.34825773745813,98.36880415896809,97.73605760090913,97.48958931634567,97.6299121403892,97.67204597789848,97.69220545114301,97.80796555181708,97.85348124038437,97.84245329445224,97.83337973014322,97.83137383825384,97.84059751786342,97.86324513316625,97.87314166143973,97.8910352017767,97.91424082497262,97.93991895905397,97.96566734769627,97.98978172573226,98.01126405580574,98.02969331812096,97.98734714044126,97.97341806217784,98.05498956429228,98.11245913971933,98.15100342947107,98.18674594431856,98.2084858766918,98.21977247720415,98.22754369136392,98.23329797208089,98.23817730835113,98.24295181193774,98.2442805749191,98.24618077827603,98.2484639840008,98.25090934326877,98.25332214641432,98.25556197787898,98.25754688987173,98.25924397034592
E31,0.0,0.0,0.0,0.0,0.0,0.0,0.0,0.0,0.0,0.0,0.0,0.0,0.0,0.0502877383580857,0.3071466218552237,1.3217950732626955,2.0378756578052544,2.829538870474393,3.6268683536255146,4.323139637170492,4.321175665389566,4.591900885392754,4.76100287812972,6.778428796367592,8.964617150041722,11.672552130527235,14.425146772791305,17.196317591607542,20.02901400085026,22.534937066323558,23.579058459261173,24.253905085026553,24.9287517107934,25.603598336560268,26.278444962327143,27.390774664183912,28.00036802431083,28.60120907833413,26.977561251612645,26.33812563574613,27.62660959576598,28.31835291330496,29.07580255001931,31.885094549943197,33.943552325863344,34.41119529151675,35.79147915234194,37.1876514855416,38.482379057772086,39.438566865657386,39.8150874487039,40.28778710587893,40.825658103466004,41.40768947284676,42.01964409415617,43.089357911742546,43.67007457112166,44.25134865239866,42.59223240058641,41.987183394675476,43.5766099048412,44.36402780594213,45.22850895629794,48.093872497277935,50.086320022976665,50.37161568124177,51.628340246800214,52.94078828669672,54.280505297663716,55.63851726203511,56.28731556778393,56.94451174435254,57.60739835221621,58.27414082001876,58.943496034581685,60.052104733325784,60.65917672623937,61.258309291333234,59.61121602377474,59.01429395880038,60.60931306877047,61.400487106829885,62.14672083415421,64.89214448297139,66.8222650820999,67.33921515254002,68.60049712812571,69.91337988608096,71.25334526984841,72.61152472845797,73.26043651499975,73.91770958638278,74.58064829848885,75.24742607234307,75.91680521043371,77.02543011985988,77.63251309719918,78.23165310538567,76.84113267218561,76.45110467906815,78.29836495382652,79.37796603500483,80.61656423795061,83.70199552853516,86.25744996494255,87.53550433113661,88.75770034735271,89.78473603871343,90.6829493175579,91.5066860204854,91.59000553645406,91.69498788855854,91.83902411631708,92.019877785007,92.2241286448495,92.74916342301822,93.05110769016966,93.23715346565493,91.41058855904572,90.40450784464772,90.92194674221321,91.36816043098925,91.78138360606391,93.50746263317579,94.4940256495498,94.62657208366704,94.6978008558089,94.72748563032395,94.74204114704351,94.76852693518529,94.70000207538533,94.69411277360905,94.71519251516811,94.71706177131009,94.70568830178779,95.09798395333159,95.38809967378667,95.60646628452133,93.95003556706062,93.17344601692356,93.3847350824666,93.36182166849791,93.30887344712515,94.48381592822564,95.04506013751478,94.9525412204665,94.85340904394674,94.72781049880754,94.56768525663409,94.37641067642681,94.06871815917498,93.7613639895237,93.47912308192798,93.23665891142092,93.03882336932043,93.48424189390826,93.96648519812237,94.47859907971733,94.04726466757043,93.90995589518414,94.33644740707565,94.71994505670519,94.9644754920483,95.23238587037658,95.39580994249116,95.43525184720858,95.46043474095403,95.47359871535667,95.47715196558863,95.4740233941608,95.45151774006825,95.42943766420899,95.40954171537346,95.39273182860325,95.37920218065415,95.501719691733,95.58776199260795,95.64841199326048,95.6139201998955,95.6061242773828,95.6450544038995,95.67579451352202,95.69704844262095,95.71881844308629,95.7312935344513,95.7356948441066,95.73870055728536,95.74072161060234,95.74202894458551,95.74286999042678,95.74230619610253,95.7416914125448,95.74112303239555,95.74064386848596,95.74027675142189,95.74695570754051,95.75159676035524,95.75483009438871,95.74782866574634,95.7483634231508
E32,0.0,0.0,0.0,0.0,0.0,0.0,0.0,0.0,0.0,0.0,0.0,0.0,0.0,0.0047262836191964,0.0231994888513025,0.0798587591818585,0.193771424213168,0.3863357424352946,1.114476887323932,2.4287629136970543,3.95671006198295,6.003747609990289,8.652189022040607,10.848611002493596,14.054425124609004,17.517191471408445,20.898556903079967,24.16750039949466,25.788243874267962,27.104034146660766,28.21318685798864,29.182321096940488,30.056578235599893,30.706522101190508,31.10371956364186,31.46775709241995,28.18383585510378,25.241111706313692,25.139424815002076,24.794937598671527,24.984143422628772,29.215271394157302,32.944505867689784,33.73592100348452,35.109793379633956,36.365242441509494,37.531514663147064,38.63720477373212,39.39833663894346,40.13165050331483,40.84611477358814,41.54780648034635,42.24084344484746,42.74607725977579,42.847738288282635,43.069841932119964,39.71334020574142,36.678149633355694,36.80659775148285,36.63263638618561,36.81260161508355,41.41335624597163,44.9932701829194,45.35768148425689,46.44221428299545,47.501605641635805,48.53502834665412,49.55069907123832,50.250833425414704,50.942815122152496,51.62927254341993,52.31198669259654,52.992164385007214,53.51059920915532,53.8186855971709,54.122341090615166,50.860779453039285,47.88989274588508,48.061922437000305,48.101308979784605,48.610252011934676,53.12503509026979,56.76533583892395,57.17067197535194,58.28293561286796,59.36111750340909,60.407272751137235,61.43157109971389,62.137551567855986,62.833494615775756,63.52263626510972,64.20716925840851,64.88857940717489,65.40784934888485,65.71650161603999,66.02054055154706,62.759238946375675,59.990080765926265,61.191950113914174,63.379203534051165,65.73209095738856,68.764997917792,71.35979980930992,71.96194125161341,73.20756098441278,74.37610552076829,75.4834908738113,76.54927899687473,77.28337310908314,77.99836607936243,78.70041603546188,79.39369575120958,80.081032715552,80.60431869219136,80.86482877450348,81.0482986056479,80.91610172058006,80.87234594826322,82.75774207027926,83.78018416990697,84.9945534180097,86.27714907760783,87.53779655470136,87.53058820392924,87.82495593481374,88.13782765856784,88.42771076693818,88.69993141896101,88.72848075898794,88.74845176202575,88.76351269943703,88.7750265035545,88.78386935209717,89.08658060760447,89.37607528527097,89.6690053719331,89.88776005122152,90.15351052986537,91.967016424467,93.39341701057339,94.89247978968014,96.43905944430473,97.86842514601523,98.16083461257972,98.39992185506935,98.63935216945889,98.89304091139479,99.16045542306406,99.1690227472003,99.17510412703709,99.17952381126082,99.18273258165871,99.18502969537518,99.48652758150449,99.7880153460398,100.08953165097417,100.38890684215559,100.68899705794253,101.63695843932891,102.14346293165164,102.41932264164082,102.62036426814976,102.75363912778163,102.7917179577545,102.8237570791153,102.85523284383581,102.88978797433315,102.92898270911225,102.96869132708764,103.00154931500057,103.02857509232977,103.05057526763282,103.06827277201316,103.3735532504288,103.67811901463693,103.98210349551009,104.2841971345281,104.58641732396067,104.65841166965843,104.67622146718902,104.64575485279225,104.68842392815353,104.71971229037652,104.74310500386122,104.76841489096523,104.79908862518106,104.83732248131923,104.88396223673405,104.93863223948948,104.98341939866923,105.0201153784236,105.04997903468771,105.07403636366475,105.38066571872153,105.68626487076422,105.91755187949654,106.04463662634168,106.13901379537793,106.141943834589,106.1305115998426
E33,0.0,0.0,0.0,0.0,0.0,0.0,1.5797180529915957,3.4837179276632284,5.4440919425952305,7.395089912309221,10.237898992746949,12.299532296507847,14.646505070777636,17.078309873269987,19.527931789598313,21.163638785484217,21.861447903138185,22.21120771144469,22.374291240882982,22.4503326754401,22.485788737676565,22.84108725958448,23.06967429622324,23.245373573140874,22.81817067709502,22.76039948735943,24.090025532524507,25.423388355587505,26.757445374927723,29.141114859847924,31.411308636074157,31.923281988443307,32.431339068399964,32.93866860666065,33.44586298657083,33.95303225756999,33.95303332184267,33.9530335195569,33.95303355628706,33.953033563110566,33.9530335643782,34.830054097597525,35.707074630625115,36.58409516361708,36.41163219466023,36.35266889249041,37.68207347412823,39.01539515501999,40.12786662156103,42.3452979807471,44.50289239235463,44.90198435288932,45.32675624997666,45.77638882873649,46.244252955295046,46.72472830885651,46.70663336855165,46.694370134342485,46.68606013913272,46.68042918178873,46.676613608632465,47.55104869093276,48.42631731131215,49.30215074093224,49.12888338577285,49.069375028158454,50.4785639991144,51.89416564580336,53.31674295230497,55.068274214334316,56.67039957055639,57.152926775208314,57.634234741356345,58.12217639607865,58.615998912130536,59.114063778572635,59.10788756548532,59.10370051050013,59.10086296798329,59.0989401673859,59.09763725669178,59.97377492954586,60.85019723237862,61.726812402036124,62.1814312545183,62.89583731279156,64.3880321646511,65.81485099986156,67.22695557587576,68.90730299105888,70.47024031236523,70.9528022603037,71.43413376864744,71.92209137565968,72.41592470104966,72.91399689194431,72.90782564193657,72.90364194995476,72.90080668622302,72.8988854297399,72.89758356534408,73.77372194717422,74.65014473041212,75.52676022559415,76.03876024284152,76.78087597850126,78.26484472668693,79.68622728914069,81.09490059247874,82.77164029892043,84.33259102643956,84.81515298884548,85.29648450699244,85.78444212064737,86.27827545053847,86.76283759951322,86.75666635157214,86.75248266099074,86.7496473982079,86.74772614236778,86.74642427840763,87.622562660533,88.49898544397095,89.37560093928852,90.01259451116634,90.78508864581735,91.2725051234928,91.59373115085242,91.83288614966074,92.18436993573991,92.37916995249671,92.41461611120218,92.43154886963254,92.44537917039419,92.46087896043342,92.48021359611458,92.4740423481744,92.46985865759356,92.46702339481112,92.46510213897126,92.4638002750113,93.3399386571368,94.21636144057481,94.8666364744687,95.11864685022802,95.35533113642313,95.55472735319198,95.68346217630418,95.794111333353,96.04698049809836,96.17495767142147,96.16512625845323,96.151377671675,96.144417437347,96.14582898106437,96.15561702819812,96.14944578025792,96.14526208967709,96.14242682689466,96.14050557105479,96.13920370709482,96.33485438504295,96.47397553207621,96.57319286163259,96.49826119166076,96.51811066487973,96.66650138100155,96.77840189307054,96.85751690950077,97.05367938278279,97.11905495957105,97.10829937491921,97.0939245651102,97.08653999914428,97.08766401377041,97.09725722985473,97.09108598191453,97.0869022913337,97.08406702855127,97.08214577271141,97.08084390875145,97.19113837485381,97.27242179707737,97.33244804330397,97.23147657487388,97.2337345758329,97.37011181880504,97.47389990717681,97.54753810885468,97.73986597713703,97.80264320959903,97.79186876608195,97.77748117742708,97.77008795246184,97.77120609971385,97.780795340041,97.7746240921008,97.77044040151996,97.76760513873752,97.76568388289768
E34,0.0,0.0,0.0,0.0,0.0,0.0,0.0,0.0,0.0,0.5594703070336778,1.1372458648412562,1.7367793661270994,2.3438980389795683,3.271324966617114,4.084700944091996,5.149268779068035,6.31420951912744,7.516153365060954,8.384582075230451,8.727750306315553,8.828844964861624,8.853969550400898,6.453160919104533,4.128343318898785,3.6748050405788537,4.542085269478395,6.269534989389875,8.486046187357005,11.670952865872678,15.751493717394833,20.890593682922933,25.01888591322907,27.11287558645657,28.486528042661398,29.250416931550284,30.014305820439173,30.778194709328062,31.54208359821695,32.30597248710584,33.067133201391556,33.82829391567727,34.58945462996299,32.931277238636085,32.34788439826905,33.77584547633208,34.95928018858394,36.25569500440025,39.62847379492903,41.88637692509423,42.807716427017574,43.87487974076396,45.040853877000856,46.27378263826908,47.55208013243613,48.25135610173589,48.97146300709068,49.705685041511934,50.44947154620166,51.19973897579726,51.951669732509764,52.706576189085716,53.46349899228788,51.86808016161335,51.381255918141754,53.15767101999959,54.41796215048642,55.840037962547434,59.26396724438605,61.8603930733708,63.04718836098776,64.2942256211859,65.5820830930133,66.89760051032486,68.2318604219463,68.96905675848987,69.7148586626906,70.46649173539237,71.22207603216695,71.98033769483673,72.73768537718958,73.49626236514997,74.25567233571212,72.66169192817637,72.17579724545729,73.95310996081913,75.06068404322505,76.14583350301706,79.34009883950795,81.76268437643263,82.79306727846884,83.87475900663249,84.97461362977582,86.07888943705602,87.19234034962493,87.7168699652376,88.27215559669632,88.86291029678343,89.48880185647792,90.14613349344087,90.82693586699676,91.52849687963693,92.24593926076585,90.62129413974654,90.11309657248061,91.9402759574902,92.90637780381849,93.7720096378204,95.53055258298238,96.51592926138983,96.60382638232325,96.66380929642358,96.73135830539158,96.83562837862866,97.00350838697842,97.09453094810863,97.241271263436,97.42819933781895,97.63580529688723,97.84590984371363,98.0446552262964,98.2233304450034,98.37780794290113,97.30956978070489,96.81435555458079,97.75362569101567,98.56851546317316,99.07135018050998,99.66770122759978,99.92082811776892,99.90730737330236,99.89537002577079,99.90417387115694,99.95142388444359,100.04810229674271,100.10764097424101,100.19923801961166,100.31151266587607,100.43242897745928,100.55184427876556,100.66263207694642,100.76071232041046,100.84448596196512,100.67202178686745,100.63575127110822,100.97537061185288,101.22281987600867,101.38031613600526,101.52940685748713,101.61264179787108,101.64954499263355,101.67541660253474,101.69600147512939,101.7157742782823,101.7376173308254,101.74742143066166,101.76045250618157,101.77545880170105,101.79109891541833,101.80624700636012,101.82012529045939,101.83230665312182,101.84264750970021,101.53919974005169,101.4425716969503,101.51344671975002,101.50480171094273,101.51269632415952,101.56046587637955,101.58277432889815,101.57731851426553,101.57393159838948,101.57483010258869,101.58151925986756,101.59452801121341,101.6028838419573,101.61467596060739,101.62849373971011,101.64296231825108,101.65698142617126,101.66981324090595,101.68106225531592,101.6906008514241,100.88245181583711,100.44256951332763,100.27354219630571,100.10264226872061,100.000403784393,100.0457978256226,100.06645351559514,100.06007562291403,100.05604827529643,100.05647299167575,100.0627784806627,100.07544635339782,100.08369999712326,100.09536724331542,100.10904820378929,100.1233786655067,100.13726685194408,100.1499805087063
E35,0.0,0.0,0.0,0.0,0.0,0.0,0.0,0.0,0.0,0.0533217951891466,0.21014228513947972,0.4371529000809957,0.4371529000809956,0.4674286455945912,0.6027248434156437,0.8889053256395884,1.1549857567048691,1.26675778221043,1.3029234508417344,1.362216308211747,0.873026253986863,1.1536344755759012,3.30296123849308,5.298892184535874,7.12739777272314,8.914320145097472,11.347884452030472,15.250120218743287,19.67054772895952,22.35817656164949,23.332436237291716,24.30669658646843,24.981543212027546,25.6563898377908,26.331236463557605,27.006083089324477,27.68092971509135,29.09083923393998,29.851812836135696,30.601488894643538,29.230404322394303,28.72892850019739,30.06297097713045,31.1699564656021,32.293742198352874,35.21597709772206,37.37500183510797,37.561626078579835,38.12519827109072,38.61315404930206,39.2580500009353,40.00913440958133,40.532756127825486,41.105132126982774,41.71054422921252,42.338341732520384,42.98130767687102,44.36961471315584,45.11595038315597,45.8557077178167,44.74992749668685,44.615988863299755,46.121263126583365,47.35874261277887,48.56826205336523,51.54909050267791,53.58207553269982,53.6026785939462,54.45073008807722,55.34852353322559,56.2711271956323,57.21038750621389,57.86151799967585,58.520294476207276,59.18425190190774,59.851719960338194,60.521566838133886,61.928088506924965,62.68676648780563,63.43488702374531,62.3347849758033,62.2046990508552,63.712571733950696,64.95181418682142,66.16252779957972,69.14416550327525,71.17769887240974,71.1986734930186,72.04697675732181,72.9449408029879,73.86766006501625,74.80699870638313,75.45818227711156,76.11699471901993,76.78097651500966,77.44846108684965,78.11831915420046,79.5248484050807,80.54636863401981,81.7117954810765,81.1296800254439,81.5878113364957,83.73285822848503,85.7683553657906,87.53066585267462,90.42655701362204,92.01093672476166,92.1858696022923,92.35900625860931,92.53039849269412,92.71577074493949,92.9492137635933,92.96600236625648,93.0798751155178,93.28121619250618,93.54453250720796,93.83919979499852,94.54282155832229,94.94960224298596,95.20037913726185,93.90455220779712,92.91409353187893,93.4653361770059,93.92743314460289,94.0991256968124,95.41907692880606,96.19379765855234,96.37175312253007,96.48222467874679,96.54666319952824,96.58800889020519,96.62777823270815,96.602962615524,96.62099277343626,96.68358319089755,96.78263789670692,96.9048998557132,97.23115715129984,97.42401389141226,97.54599782231814,96.17133237752338,95.11099356083444,94.8480135235875,94.59825856106028,94.34582027465567,95.12408107358395,95.53450575749959,95.46959107537386,95.41373759575991,95.36396188940765,95.30703821926703,95.22588177539494,95.08321116376027,94.92139717281701,94.76279468430093,94.62140835821648,94.50345759837357,95.01874973964331,95.39798418512281,95.67871906753913,94.69624159444481,94.22814099574147,94.31429342635855,94.27284051543045,94.14371536478951,94.94246324474413,95.36989704355537,95.2919904289323,95.21460180984718,95.12212307389883,95.00728021142842,94.86921636594175,94.67028530350156,94.4700347227696,94.28513569785667,94.12573424555806,93.9954265945563,94.19954966252132,94.29735139480643,94.34070130973673,93.219257505895,92.6284230651969,93.23455892931416,93.54362288547478,93.65093412811545,94.6064623783846,95.14030760669392,95.06246740544427,94.98557791316807,94.89398438656549,94.78026202054636,94.64337741749242,94.4457346819961,94.246417016251,94.06218453332112,93.90324667903432,93.77325168466291,93.69106572019064,93.62477338182136,93.57397265081556
E36,0.0,0.0,0.0,0.0,0.0,0.0,0.0,0.0,0.0,0.0086178513398864,0.0086178513398864,0.008617851339886299,0.008617851339886358,0.017227184197793607,0.04360875846760616,0.1831529577074423,0.38120724796157174,0.8919902132200773,1.5037186656430694,2.1804605675912785,2.6313567170849526,3.2472253277017336,3.6908048489784973,5.4208147606015356,7.5154907447061206,9.67064408861488,11.843231608007617,13.968988001155065,16.118268826840236,17.9572649516672,20.061698127975124,22.096123335353727,23.78493997785857,25.145852179494156,26.285548581276196,28.107384757877053,29.13110784534757,30.07389402282862,27.257432856232477,24.7563696421785,23.576832088364746,23.32719127820978,23.024025566941788,26.73257815367506,30.07497954168216,30.741270596122465,31.86514276652156,32.867222293988576,33.779524155150995,34.630874363128655,35.39253052933238,36.12619966156008,36.8409046627934,37.54275948985257,38.23590698534925,39.755160726125425,40.57385272416684,41.37770898207885,38.65485242434671,36.089999898032104,34.908252408497944,34.45927055573179,34.30088567776676,38.001088971753305,41.33453595741409,41.95473549232439,42.631188741729666,43.32978547812592,44.03643653892461,44.748436610487786,45.41566853442684,46.08535540637658,46.756705761443975,47.429183299616476,48.10242462175818,49.608189856526636,50.417741986695106,51.21540503205363,48.488430106248586,45.923189395891214,45.55975341592753,46.373148873201764,47.32369742233312,50.4701610261528,53.2843784264772,53.269708562027624,53.922153492677715,54.60448209219001,55.30010979565034,56.004640394350346,56.66681097235448,57.3330682552098,58.00209470641687,58.672997557650675,59.34517186536152,60.850214086705726,61.652431576121565,61.994424866785614,60.19403670410572,59.028981151068535,59.4806615120018,59.9784312775576,60.46635937061412,63.18069259296681,65.54929150179862,66.09226724417661,67.03953189928147,67.814580149229,68.46875395172356,69.04338088101075,69.51740362521561,69.95719214467029,70.37455966388728,70.77726061273114,71.17037984730666,72.0199537900511,72.07568638969671,72.12578159631204,70.1565211831226,69.27870858054038,70.875081594552,72.15713370091923,73.43471753222977,74.77371936143659,75.93255721998604,75.56575453373591,75.80005662676854,75.9911325935025,76.14577531922173,76.27608104635581,76.34183250962468,76.39685543103657,76.44476022171037,76.48794444493808,76.52799958710192,76.60781603627969,76.61519141579575,76.64744204804515,76.62562656362974,76.61548356074923,78.05631698610598,78.83504932538072,79.43783738562423,80.06168352766029,80.73005454428821,80.4173511555899,80.47162344230526,80.53241772187523,80.59341905027657,80.65448744363297,80.66720885734841,80.67996017994143,80.69273176853376,80.7055170894451,80.7183117154329,80.74691102449378,80.80211539177833,80.84153736547971,80.86447918249807,80.88231256647711,82.0660360041225,82.57765540084442,83.30460290060034,84.03103997309523,84.75366569441938,84.53394539543412,84.59533990387423,84.66144758137625,84.7275232238049,84.79352673349347,84.81109322029845,84.82863130833913,84.84615198320866,84.8636620990186,84.88116590031883,84.92023650863347,84.95911635932937,84.99511047145852,85.02994997561102,85.06427222066534,86.19913747289331,87.125084503562,88.09110717711285,89.08140661685796,90.08538950420895,90.16019593060895,90.23700574002575,90.31517271029176,90.39425813044315,90.47396526840119,90.50570328778296,90.5377293994682,90.56995387009302,90.60231692363996,90.6347748806861,90.70291398909481,90.77361910205549,90.84542977594533,90.91721067482244,90.98945402532657
E37,0.0,0.0,0.0,0.0,0.27601051763401363,0.9056728216790088,1.5932721247591248,2.4250576239130495,5.653795769224742,7.234881233552541,8.486570818625765,11.791300014035015,15.863060134480214,19.001770555237623,22.464137721825253,24.46454536477352,25.3990406972378,26.347595978876743,26.345298738904273,27.274235477337534,28.27379960752492,29.328517572750172,30.44407113326943,31.74345413587367,32.609094868592386,33.58810843373096,32.40577157959182,31.738312150917757,34.29703702175367,35.87790933890905,37.40094235829772,41.21143066481501,43.62054637130719,44.14402044521464,45.37311930672764,46.71344662112797,48.122755211396324,49.578694597959306,50.07788907836076,51.456426816901526,52.86440749061153,54.282478106951956,55.70721404199161,57.30532308524272,58.90649041514824,60.50973005192784,59.83355351833749,60.1583854505418,63.47291918924962,65.09204246421997,66.82988975864309,70.60993120790792,73.92919990553975,74.69584516387192,76.08971783316437,77.5416965662736,78.900030116202,80.07953258306826,80.15386282813768,80.79971913684807,81.61448054885423,82.44513771063299,83.34144236679006,84.56312469410278,85.90852834071347,87.34864365876328,86.57868353397157,86.50484879899543,89.67463668786623,92.2958692769389,93.48703070129405,96.398645818797,97.92267160760079,98.22566958618688,98.36503758485404,98.4185930583077,98.45337444263703,98.5370712346155,98.42927060712066,98.50091536794687,98.73826780498209,99.10004010167047,99.53407493611292,99.99147070877373,100.43447312654058,100.83866251684061,98.91070772006717,97.82196151044539,97.76447291862425,97.35259480156432,96.90769434127661,98.53494564942812,99.504755404711,99.28605580347019,99.09349794255674,98.93614936903825,98.8396005199864,98.84088566519192,98.66989173577251,98.7035988309943,98.92245984203042,99.28047545919294,99.7211404877798,100.19163617268124,100.65097403084867,101.07233137308693,100.56747645636288,100.26094453332654,100.72234223003728,101.29171518173793,101.32837887873187,101.61801019178498,101.65916224655787,101.67282994188955,101.66881358984394,101.65927929419496,101.65886015186102,101.67979850436848,101.66553090648516,101.69053647534989,101.74576023514032,101.81990743175646,101.90229769090615,101.9845317540242,102.06099731121286,102.12861226745044,101.59434255694993,101.71338594011131,102.10114575332845,102.00788959082345,102.06555159959586,102.1636612764769,102.2262659886722,102.18351522712302,102.14680386668707,102.1274652117157,102.13370053663452,102.16772846335466,102.16043523821091,102.19382329712674,102.25625185363648,102.33573248236512,102.42177782949867,102.50644589407266,102.58455108143635,102.65331558311614,102.51740093586308,102.54604423789269,102.67036128229492,102.70407182957318,102.76339232868398,102.78533676482752,102.81234100893967,102.80477419580453,102.79678053984753,102.79136649870166,102.7923216619063,102.80163670219457,102.79824141334805,102.80800938227702,102.82746817609407,102.85278819670198,102.88051068221004,102.9079697483532,102.93340246895124,102.95584974982353,102.83936629800212,102.87076191842675,102.963560833961,102.94947667664916,102.9684404284773,102.98758839343391,102.99945800221843,102.9896153380909,102.98086031167512,102.97581711299091,102.97691655105629,102.98513995135339,102.98306180113815,102.99147872487154,103.00739413785296,103.02769290938788,103.04965558899605,103.07123579162835,103.0911093469327,103.10857650930211,103.01123084750932,103.03950645838268,103.10764801625626,103.10114276555797,103.12074806817071,103.13291053047568,103.15004044168973,103.14055526773512,103.13235629087627,103.12761483718491,103.12851720296493,103.13586793693776,103.13372884293072,103.14119339650625
E38,0.0,0.0,0.0,0.0,0.0,0.0,0.0,0.0,0.2676717585343678,1.054899873610487,2.194477607102327,2.9867564892688496,3.9310175395866174,5.402474065065984,7.631359360489363,10.209194230959806,11.907404123757207,13.52986447320221,15.124625763889483,16.691992725786868,17.467744873468895,17.475347899597814,17.47961953437549,17.48500696855672,15.182030107762408,13.37431492000655,13.213335055361,12.870697044964736,12.807601012226108,15.135440966506389,18.411247575319546,22.51392739019782,26.2848615698275,28.471589166996985,30.027756938052395,31.583924709107805,32.3478135979967,33.111702486885584,33.875591375774476,34.63948026466336,35.40336915355225,36.235327349371836,37.06728554519142,37.899243741011,36.40872692821286,35.74963388986388,37.388861778616025,38.75890271339115,40.32559519793521,43.925157449478874,46.89142862461184,48.21345053221043,49.61096009057973,51.059620395643144,52.54294065979461,54.049746656640615,54.78018780165117,55.52141235992249,56.269943803950206,57.02342642421181,57.7802639821194,58.607444166685504,59.43616476217135,60.26592914651479,58.773925797919546,58.2234582461334,60.04088122490911,61.58539075861673,63.22946374472315,66.91250604777433,69.89679065577745,71.25068608840704,72.66979328014371,74.13308823156699,75.62632499306959,77.13985044983949,77.68105587969146,78.42536566056114,79.15203997809749,79.90377940616554,80.66115992580711,81.4889355163157,82.31808957776136,83.14815164094412,81.65635052333654,81.12097135291344,82.94689278099926,84.46190678345067,86.09567913781697,89.76338730824992,92.72904948821159,93.98267262390112,95.0540857099033,95.79084638378029,96.3333306790035,96.7944179470401,96.9175321741874,97.08330798575543,97.28641852011381,97.51140595257513,97.7406318949038,97.95926379178619,98.1573069062197,98.3296100985101,96.2244832951202,95.42025350057602,96.4286581398596,97.19591647731866,98.12538927487438,99.20697621034489,99.63772958999765,99.58985944374191,99.54156618123402,99.51989908184898,99.55732857089856,99.67994446386018,99.72618398794098,99.83329385416118,99.9844201154498,100.15941747736852,100.34002651667974,100.5125540896632,100.66844218100917,100.80357204359247,100.19551849370656,100.21741398244578,101.06916995038455,101.4693532086721,101.85903009589737,102.13429499843055,102.2867429388882,102.33373706635565,102.3646604781049,102.39598434207402,102.4409856429252,102.50668167870256,102.53339559618965,102.57479895410064,102.62538608487738,102.67955699895867,102.73273591239752,102.7818009405166,102.82503006986465,102.86180521416291,102.55266672966735,102.63810448522769,102.95068920566096,103.06291781239733,103.19719575438191,103.29870014161739,103.29646149205378,103.2908391200618,103.28759407799217,103.2943908582232,103.31823640825516,103.36157038717634,103.3825938543354,103.41393873354215,103.45121572000534,103.49030805960986,103.5280489021419,103.56240353016415,103.59234347554128,103.61759030870984,103.44958309645372,103.53861620735717,103.72031844479972,103.81599187983079,103.89016764767977,104.00720794924084,103.99666152241528,103.98670928312151,103.98145296016258,103.98584748808015,104.00499488631016,104.04079975274266,104.0582814260474,104.08464154609223,104.11623904625738,104.1495835757761,104.18194032038872,104.21151746546344,104.2373818448042,104.259252043886,104.15545432066978,104.2155507387829,104.35133304207565,104.43268753328053,104.49501064765954,104.60716344653687,104.60028719042249,104.59354317661584,104.58982988201909,104.59271554627868,104.60645504358658,104.6330528504171,104.64571654442952,104.66563822356372,104.69001496534798,104.71606957546655
E39,0.0,0.0,0.0,0.0,0.0,0.0,0.0,0.0,0.0,0.3145424836601307,0.6290849673202614,0.9436274509803921,1.258169934640523,1.7513074591226625,2.2027560345338517,2.779555315197911,3.3956516964897285,4.021847498617865,4.473328608390053,4.811126943694946,5.351238540723004,6.3011724520002765,4.910927263719577,4.289992736893381,6.145999729122341,8.314713279331407,10.234779089216762,13.8542305255906,18.293388677874994,22.083979913061246,25.04538933401363,26.059683113356844,27.049068518338085,28.038457563273145,28.713304187917252,29.388150813664577,30.062997439431108,30.737844065197976,31.412690690964844,32.828911585737565,33.59309581432869,34.345928517240246,33.02534201178337,32.59758740208481,33.953188825373836,35.15563083026265,36.39486605806985,39.68699764937708,41.808775322475526,41.665456426795146,42.35081677102394,43.14226393062341,43.99766722965035,44.896269441331995,45.50959852948512,46.14276061618308,46.78936162460418,47.44506890236772,48.106946626180246,49.51437973895162,50.272609329842865,51.02140714543799,49.579477236334014,49.14975800910623,50.80458300560334,52.112201223775315,53.4543845270761,56.80598877347584,59.261563591136614,59.370352082349214,60.22654144238415,61.13374305488143,62.06758205350212,63.019332622043926,63.66867525825698,64.3262402751768,64.98937681079511,65.65628863068551,66.32575859892879,67.73833624816079,68.50005179839333,69.25121171456293,67.8107434711874,67.38197020772165,69.0375895334518,70.34569620856756,71.68822665528788,75.0400608800056,77.49579339827324,77.44937884652956,78.01378138365618,78.63520086812944,79.26732548913421,79.9102713069133,80.23769767585982,80.5455687006149,80.84345516661264,81.22411754140883,81.68460488865014,82.95673729112094,84.28680940610991,85.66246535370662,85.21670149690755,86.09370871474236,89.14285468167918,91.32329659042195,93.15140751439193,95.71562357554429,96.9136241709621,97.0351529212697,97.17295186000258,97.31891161854486,97.48407319913251,97.65737544342693,97.63764966896682,97.7180446475534,97.89229265559366,98.13648755863515,98.41978322586068,99.12559873950141,99.53639330760852,99.79166444962446,98.7910059621556,98.94336539732703,100.15326481073599,100.72803151687557,101.16493722160058,101.74800206174415,101.7496321278831,101.71307096144396,101.66552904119499,101.62402679354946,101.61329456668463,101.66226916008839,101.68768484376865,101.78060802183637,101.92723874529088,102.10702934249639,102.29940483926684,102.73100773361676,102.97660948379398,103.12517476066489,102.9951092656668,103.22997810498569,103.56351255944195,103.8156885368481,103.98053208271376,104.3809712713061,104.36401058203414,104.32848970294032,104.29525261331703,104.27190953241686,104.26832582359755,104.29935466125535,104.3156590478528,104.37132419113746,104.45891481392033,104.56665715617943,104.68241983778755,104.94429585217645,105.09361414735656,105.18417140670537,104.95950834293657,105.0572928478337,105.06048788896067,104.72719885271096,104.26284610433325,104.31177546566839,104.33570797237212,104.33012008859254,104.3200608628355,104.31900309749537,104.33678651660787,104.3765969022947,104.40590140240229,104.44968626759446,104.50175035530563,104.55635914897282,104.60912829730377,104.71324163539715,104.77073607669827,104.80434134846409,104.25840311322774,103.7054095321923,103.2106258832909,102.69346522435049,102.16103581574359,102.18427271079759,102.2002726688173,102.21008982121845,102.21720531882931,102.22236066291913,102.22609455625484,102.2288000181281,102.2293101592375,102.22973530303993,102.23008510632687,102.23037045916257,102.23060151047964,102.23096761826359
E4,0.0,0.0,0.0,0.0,0.0,0.0,0.0523153381185528,0.12287504629594681,0.1971993706202711,0.2715236949445954,0.3755523054377657,0.4609971667120413,0.5852544231133361,0.7663084540082509,1.0398446588323371,1.3685029428366953,1.629212266960221,1.9009606316930443,2.3245417422972663,2.827912370593229,3.3692728860814665,4.534804763308282,5.478059496855046,3.4251674149999345,4.664726710317344,5.74907621727036,5.291927771829963,5.30143297791863,7.739353210982673,10.548052684248802,13.300100788746509,15.676962957487108,17.62719594987955,19.741010440312223,21.834574631243875,23.56744229861618,24.683441733198123,25.414918845875704,25.988213645674463,26.45611392331972,26.852630033264752,28.530447254423486,29.7652966673027,27.439694495183687,25.286380866458295,23.966907701053938,22.55303361031234,21.61537725948243,24.56084852935474,27.20346194686164,28.609010752554966,29.696059195748468,30.648523385135057,31.511396898934365,32.31364675822807,33.074822108439726,33.53724516563506,33.82610804286036,34.09949867934487,34.36418332638251,34.6229997136349,36.20751103078462,37.37913597442816,35.0990807238054,32.9167377439951,31.482179948895155,30.126986465853243,29.184583698780305,32.12415778638456,34.76263593165575,36.16537542008399,37.25051988199101,38.201693906175386,39.06369319764212,39.86535068018788,40.62612463344415,41.088275702389886,41.37695427924397,41.650220033029015,41.91482005902917,42.17357910671396,43.75805157033376,44.92965018666354,43.59157616573876,42.779300687412814,42.7181177235056,42.069080599282685,42.18490213377849,44.504992535919655,46.283991276452596,47.548088485108785,48.44792338606026,49.26229709041766,49.934110427970836,50.56245715956169,51.20348571562187,51.58437680181153,51.817987039860405,52.05393793377246,52.29325323840506,52.534879252663146,54.107742301399924,55.27147432983001,54.00083393293271,53.238963504169604,53.213390734697256,52.5886180008305,52.71943988400264,55.05604411268635,56.84691134945818,58.112239523772345,59.00829325037222,59.84292920591888,60.48695160050566,61.11614888231354,61.75877653458878,62.14080432247347,62.37518755611925,62.61166237858434,62.85133270684528,63.09319928698075,64.66622534417851,65.83006782782205,64.99469728432013,64.76115794396094,64.99725635843153,64.54757707521982,64.7543709144453,67.09343992185856,68.98148156519727,70.473180368027,71.63139608004182,72.62037875857413,73.49900751802645,74.30578663556808,75.06586323541524,75.5247175112299,75.80924842684927,76.07840694918053,76.33934520876649,76.5950276247616,78.17701190202988,79.34665113494279,78.51515700489061,78.28179282397967,78.51906288430762,78.07055309673576,78.25609628192333,80.57116147349815,82.25389587869607,83.47866072072718,84.47801673710765,85.37604647578908,86.20439630721741,86.98418067406034,87.73103193129656,88.1864033101225,88.63097380665602,89.07202369677879,89.51452164561668,89.96145928119894,91.74396987790571,93.53277853077692,93.3926782052894,93.29975096911022,93.20474098482039,92.7780712916468,92.37590679834604,94.05308452871051,95.34318352645529,96.23359919089648,96.78054982072992,97.14611091446665,97.38972032432096,97.55193166979443,97.66067665268359,97.757380177539,97.82233789010886,97.86844042685803,97.9027407126836,97.92915050450351,98.35790155878087,98.78236168823867,97.27468853626604,96.3751440834414,95.90386929433117,95.37891413533534,94.90255803317916,96.52328318454569,97.78041440627031,98.64911365348527,99.18185872521384,99.53829009121938,99.77615468402558,99.93476119572796,100.04106570710529,100.12841430999855,100.18816441134089,100.23072103055003,100.26213109838379
E40,0.0,0.0,0.0,0.0,0.0,0.0,0.0,0.6687862561356538,1.3375725122713074,1.8982417650686783,2.3416485637766735,3.1493214877429416,4.109200099604024,5.284806717261729,6.39186043174719,7.380843667436366,8.089042180267814,8.570097674120301,8.777994655137771,9.341529683462294,6.614754824747175,4.405463804379018,4.495485423619094,5.3229262309569565,6.059963331010126,8.613309963534661,12.226483339995497,15.790311093085508,19.375030983545624,22.895853100105565,25.99835204299945,28.321956394493743,29.639374977903007,30.74745696620783,31.715645435719022,32.58923940549103,33.39875579941092,35.09612279849615,36.01873985241174,36.908446462342056,34.328974672156505,31.780065513758988,31.407376975009807,31.478166130509177,31.61706409722354,35.52590570604706,39.125758670964885,40.364627504962925,42.112837603051574,43.320858388310214,44.42379866950434,45.60425048841301,46.168515921926804,46.76843135279306,47.39250419558535,48.03294628501889,48.68448025265852,50.274797930313284,51.124877941175015,51.96543315084321,49.408404446527605,46.83972955786059,46.7562140115572,47.20364496621001,47.533675113656365,51.5655369141748,55.15611213154336,56.095453799888645,57.61099651088378,59.071650781897354,60.49385497010114,61.89064133865972,62.60149596400441,63.300740842002455,63.9921197320398,64.67816867952803,65.36060604421402,66.97186399247158,67.83613321794488,68.6863030985556,67.38609888745911,66.67042089470395,67.51617170817329,68.62917688167461,69.90736723685565,73.19769265530722,75.95587948201918,77.10525912528294,78.79754684033992,80.35164087169717,81.81429381945962,83.22248454303094,83.84179941782673,84.30377146648964,84.64731285071589,84.9851159498211,85.41934927441281,86.86136121574816,88.35993963745669,89.90464756733806,89.59056641813103,89.90330162122555,91.27531049070774,92.3002245792684,93.09681921969018,95.76429451757922,97.9262692638698,99.36153935075963,100.54842785142017,101.5666560501501,102.47077123245226,103.29834931146613,103.40659592256873,103.48209670778468,103.53673263507842,103.57814172500248,103.6110199103379,103.66207933707805,103.6938406247911,103.71503149627094,101.85867347501087,100.59869629529393,100.5939106444371,100.59229024553107,100.49301627124309,102.29150787584274,103.60552420000654,104.49276381962282,105.09306788721801,105.49916191145903,105.77398416374331,105.96028929178098,106.06848493484368,106.14220473521152,106.19291491215903,106.22826872300713,106.25332832837337,106.27674975183746,106.29206526357096,106.30241177656316,104.44503949395721,103.1861986773832,102.3568333444455,101.795196789036,101.3122469143859,102.8486848730021,103.99180440282109,104.76580033630398,105.29016290018187,105.64539736694692,105.8860743677107,106.04919062458798,106.15911568624894,106.23367550437413,106.28432654144812,106.31881342671652,106.34236429307376,106.35938625347913,106.3708248149195,106.37856809680854,104.51981166436059,103.2600532847369,102.4082521886504,101.83115568024515,101.33726553376265,102.86603845272612,104.00441854906192,104.77554824336347,105.29793908052636,105.65181523444716,105.8915451978265,106.05397809255442,106.16393835392162,106.2384804230778,106.28905985097467,106.32342692476206,106.3468206126384,106.36329410876571,106.37440671800806,106.38193585290875,104.52381356754333,103.26475730015602,102.41219806747097,101.83452831726572,101.3398419910201,102.86788683506218,104.00657762319693,104.7781303292716,105.30095030479146,105.65522484427903,105.89529016602808,106.0579655172084,106.1681807600912,106.24286633584525,106.2934767265952,106.32777352673544,106.35101596188657,106.36678108549026,106.37746097430762,106.38469688246651
E5,0.0,0.0,0.0,0.0,0.27601051763401363,0.9056728216790088,1.5932721247591248,2.4250576239130495,3.6968545369119035,5.554594626450323,7.887505293812445,10.45279432827333,13.13917438248262,18.375464490953554,22.499179728503726,23.509326596020216,24.387560638984827,25.488587640627163,24.108972703740513,24.27487071149389,27.057697732900824,29.079875164248584,30.492766837941492,31.36348149329792,32.70483604531295,34.05438412562147,35.40407484982051,36.462628073070455,38.23655708946354,39.45644053134139,40.739539059624086,42.07310880213191,43.44101099449622,47.01603878491219,49.27861559554549,48.77517557914921,49.248195983934565,50.7929182801051,49.88850876394412,50.59473200044997,53.43843808898124,55.458101555865944,56.67146445972419,57.406977589270774,58.65671902405737,59.94418967441058,61.25181647341594,62.573006989972875,64.66994186630617,66.10869542473726,67.54010125595525,68.97416464487914,70.41016175077849,74.0313309383346,76.3251733519259,75.80057992123929,77.49364370870644,80.16227421651078,80.58257116363004,81.32853073600192,84.16855589622932,85.86904725390197,86.56041084851806,86.9951721647216,87.37395775205198,87.6703620308237,87.90171362177657,88.1401100448246,89.22667511290044,90.43858347018939,91.78337728885465,93.24277629042861,94.62158248472915,95.82373895433044,96.50557028984323,94.20382549941405,93.54726009529314,93.38792535362751,92.81384900622074,92.23852212657782,93.72892334449025,94.38484575931999,94.18410563252102,93.92875120773068,93.63896938337791,93.33853383419311,93.07744624983405,92.93776556377425,93.46758831402747,93.94931380184887,94.44219201236433,94.90713145634399,95.31834419219486,96.05581915653744,96.52867555032049,94.31877374207689,93.58032428746262,93.58182079059267,93.52104382774877,93.38400600792362,93.9707180538416,94.184004502519,94.06255637355557,93.8510923556614,93.51452493472556,93.04995282039786,92.48915318047088,91.89079129426312,92.07861028502579,92.22686805990195,92.35472415175232,92.47661225317675,92.59448258541444,93.855803271942,94.72661592550857,94.31389550798355,94.54653484506203,94.86835990439808,94.8584008878018,94.85347529624426,95.01280889958903,95.09485803806265,95.10627985977769,95.07299090296914,95.01484840322004,94.92578555304783,94.81469502825317,94.69496608483468,94.81178211284309,94.893734476449,94.95572097268524,95.00550732790768,95.04682387234944,95.42820454022487,95.6294882782127,95.2379844511186,95.23831964624135,95.29008222204388,95.21421139966198,95.16117936014076,95.2747307697448,95.30013947706745,95.26954051981787,95.21362782049209,95.13483421779392,95.01928914498521,94.88161157355641,94.73851128203742,94.794250738732,94.83677452913564,94.87382079455843,94.90813395220745,94.94003362824476,95.36995264524997,95.59396196677963,95.53308023836766,95.55914862954094,95.60339183766555,95.59982277320789,95.60088419548195,95.63027285175845,95.64736028997153,95.65406109282745,95.65294466962716,95.6475910048243,95.63921958745706,95.62888580164534,95.61476032714138,95.63156544008147,95.64326006576563,95.65213614665193,95.6593480388966,95.66541840615862,95.71697289637405,95.74474850914376,95.66290547015448,95.66296843483164,95.68061859257205,95.67099665754374,95.6642629769949,95.68475804840489,95.6918697479999,95.68634739895072,95.67732821868636,95.6672375250154,95.65826601512468,95.647876135063,95.63549953564285,95.64451642924627,95.65083071364762,95.65611071214889,95.66099488066183,95.66560764075327,95.71778412270022,95.74599161255401,95.69597257150971,95.69726430396523,95.7067220481112,95.70150938775838,95.69781552996122
E6,0.0,0.0,0.0,0.0,0.0,0.0,0.0,0.0,0.0,0.0,0.0,0.0,0.0,0.07920970186973089,0.4133388674506136,3.0699410694887987,5.110011464055288,7.344112521753817,9.601680857934623,12.698917957088854,14.117186363726747,16.885632213964627,22.228766132552884,25.526046146046788,26.760411763365845,27.435258387400893,28.110105013137613,28.784951638903962,29.459798264670823,30.13464489043769,31.850438551322583,32.767016844503516,33.66968132847626,34.57210358226361,35.47452161898417,37.85484830296738,39.970329333372895,39.67937027637513,39.36695538005903,40.176117646352736,39.88066229195617,40.16021355309186,42.535802232101275,44.009332889041175,45.011665543166764,45.52928564188233,46.09759491855764,46.70025139268749,47.326181670913044,47.96788237576781,49.66121622253465,50.562575652086636,51.45492777065247,52.350362322671906,53.24804546355911,55.5952856296916,56.87172033678592,57.120699833735216,58.04855932650352,59.787891547300426,59.54537192295214,60.099948286446796,62.54051001123826,64.1254215164311,65.17915623648756,65.73160658728042,66.32351698785502,66.94216568187643,67.57893235493475,68.22797584607984,69.92628519543194,70.83101604626698,71.72565265394178,72.62263518530017,73.52136724343735,75.85860257861809,77.14156818058315,77.38169749440225,78.3007965604393,79.85004128476913,79.71882527543605,79.93171683329223,82.15935807097225,83.62297066296783,84.5782925493012,85.00256461312124,85.40071281702647,85.73292451329704,85.71507322957306,85.51910321883872,86.24231093908236,86.93169879942084,87.63022236695967,87.92096142069093,88.12355573317171,90.49105269572311,92.07130177973684,91.80485330757523,91.94824053953072,92.53351619041229,92.14728719528135,91.73701212351781,93.08733740768743,93.89435409202096,93.98816726628675,93.96564507743443,93.89118401379964,93.75076013929099,93.54484555593615,93.29953331739058,93.3833725730743,93.35632232739016,93.32893921475501,93.26853588238241,93.22719564814457,94.10843128649472,94.49807263578455,92.98055071984842,91.92115108208102,91.50040496026872,90.87018555447698,90.35539158157427,91.45842390237296,91.99964447876764,91.90222185239166,91.78732552158911,91.64373042169848,91.45319619033982,91.21199855664969,90.94090931794878,90.73164554822658,90.88734338888449,90.92451776804333,91.06665113443577,91.12772997500873,91.51726522508831,91.79910075661624,90.92592615972637,90.50721419503864,90.49382084640455,90.45095227967252,90.37832671187397,90.52721915196356,90.59424496434943,90.6151788660537,90.6103812565275,90.59430706873711,90.56627004063385,90.52864667212769,90.48629266573866,90.58319914868312,90.61455284769428,90.61710135322066,90.60878690400003,90.59773691706597,90.76363269366757,90.83570700347194,90.5103039265683,90.4912108230603,90.49774669200839,90.41443230733552,90.35071538905403,90.43247072598092,90.42398070985936,90.4056531353383,90.37253236308379,90.32752108688236,90.27228683733091,90.21239789250829,90.15431216578062,90.11820431774325,90.09103096638933,90.07191851915033,90.05570294250818,90.04534587437905,90.12403522867201,90.17220939189005,89.94992265335475,89.9480463834824,90.01328960761889,89.97850531385046,89.96671748073159,90.0242867225674,90.05594192404067,90.05142366494029,90.0391685005621,90.02109286702735,89.99789537127617,89.97163150988473,89.94525549182032,89.93349010199974,89.9533877170277,89.96413271237753,89.9844775761802,89.9962170832283,90.04862452391686,90.08164688490326,89.87424421432416,89.86269217697536,89.92090299718677
E7,0.0,0.0,0.0,0.0,0.0,0.0,0.0,0.0,0.0,0.0,0.0,0.0,0.0,0.0,0.0,0.0,0.0,0.0369680238424433,0.2560454461008164,0.8279630154794556,2.8138543071498323,4.834482439772721,5.261504326272956,6.633869533130917,9.405244289716341,13.31764298409038,17.213076360867568,19.722430335825923,20.951361395450746,21.62620802121727,22.301054646984134,22.975901272751006,24.403953026723006,25.17415566861774,25.932905594006883,26.691456135201463,27.450003205249523,29.310459739549795,31.119665668972125,30.996889173697955,31.739614721245623,32.85714091517602,32.30384690604493,32.48377640457283,34.46044894300523,35.675107034681005,36.62933547844595,37.30418210305872,37.80525199748437,38.22754833628456,38.73126583531018,39.29015465175917,40.63963291097981,41.35659382544148,42.07926693448144,42.81337167459775,43.55535416797767,45.404586476108534,47.206186823110855,47.15275636597269,48.088735075810774,49.417230298079566,48.98658864460965,49.25477831251544,51.28994964136716,52.38211070393922,53.1694503115736,53.731212365454134,54.32943241488704,54.952356553265886,55.59202028523516,56.243026835569395,57.65492445509459,58.414180988179275,59.16551378462995,59.91903844835111,60.674179962882036,62.53232887857407,64.3399711560124,64.29065460112277,65.22942867728257,66.55979621539929,66.13042879077273,66.39948047599239,68.43523626793447,69.52779326937352,70.31540118771248,70.87734505004441,71.47568829364153,72.09869590889934,72.73841620514963,73.38946108367635,74.80138467454448,75.56065880591936,76.30717548442745,76.69095403731406,76.9390202426723,78.27035216165154,79.52192929295246,79.2348245832324,79.3476289749799,80.14881053761204,79.43893563983202,78.84647148585562,79.83388221800985,80.53786284517332,80.81965297680715,80.81561996023336,80.78678117392529,80.82370518234274,80.89064502015124,80.94839673473396,81.75318445256264,82.34772058923028,82.96053929354476,83.59761615843374,84.25880770965276,86.04645346343032,87.85522822786167,88.16871990546053,88.88205921155082,89.95150733828724,89.53783824137476,89.2721274376066,90.35085205378269,91.08203720321092,91.34395571933561,91.31789115676213,91.26402157631384,91.16885839335924,91.0271764023784,90.85251482471946,91.31772291417275,91.51066319066148,91.61585085467196,91.68298860757825,91.72606193594443,92.86155810887135,93.56108591219584,92.61644415700445,92.22880011966747,92.21802254918545,91.98664268774742,91.7315489536963,92.5649058660271,93.05446560396305,93.07456314061062,93.08199538267412,93.07055472475132,93.02632066913871,92.93465464363204,92.80715504669179,92.78298209680007,92.81912768358083,92.8519261868937,92.9112722998054,92.97393341085878,93.24539813108153,93.46793428152544,92.44520226924334,91.97292599858046,91.9261297285122,91.7004808051821,91.44144981292321,92.24478203764627,92.68039960352411,92.62735391609057,92.55865420968313,92.46444544120077,92.33255032072742,92.15940256655234,91.95920428344333,91.8852423823512,91.77302394862679,91.66833499040577,91.57082562224305,91.49118644542848,91.69187010031499,91.81767654063061,90.70851014478104,90.16585236634688,90.05724821065539,89.80865142265458,89.5239948594184,90.29454184923331,90.68764774525141,90.58177174981829,90.46878895195708,90.33653215249656,90.17207568807328,89.97132433745887,89.74813136194659,89.54653847100514,89.35220360248118,89.18394336914612,89.04569028881527,88.93805449657133,89.09687918394464,89.19769188786097,88.08351019329267
E8,0.0,0.0,0.0,0.0,0.0,0.0,0.0,0.0,0.0,0.0,0.0,0.0,0.0,0.0,0.0014556774566427,0.0075977596745453995,0.021106174023807902,0.0294355543738492,0.0362736049691937,0.051018294164345404,0.1261821748242326,0.3147331960945174,0.7984841508270931,1.7771376869703066,2.584298638565454,3.4760493718536885,5.194398603548861,7.3408433900308445,9.714788850042101,12.005645378566527,14.307060507919719,16.578477493552892,18.53282923500392,20.730948985444286,23.03701467980178,24.471402815286396,25.616481103514673,26.570768006720503,27.39586520486058,29.28073735064335,30.897272084602807,28.826961981353463,27.134515008024245,26.154223426849384,24.16693177802215,23.547319301631426,26.569651088641702,29.318107437741013,30.739159965689094,31.82518369790271,32.778645644950885,33.6422831733276,34.44505530133186,35.20658478043773,36.283427697906944,36.8848893580105,37.465573195993585,38.037424068069726,38.60338101803287,40.312658651899916,41.810209812941466,39.789865535406044,38.03472478890646,36.93132021178252,34.993377080994904,34.48066251189963,37.618480828784925,40.21252822298071,41.61731673435037,42.488561795002646,43.23883346234134,43.96478841056072,44.67426624857299,45.37257912805405,46.406586214215004,46.979022136541445,47.54003801366619,48.09856179351489,48.655488250255154,50.35864678428732,51.85205161778452,49.829131544295294,48.074381162196545,47.36295563726657,46.0258348155224,46.8907192823193,49.57832962247646,51.083441254392646,51.79393433254697,52.16111096283555,52.418025105155486,52.6033069054012,52.738836131033,52.84116601020009,53.45075389033681,53.56465398216935,53.658122581056695,53.74295527797331,53.82180517153825,54.843496243526886,55.67676331034788,55.680234920162725,55.951491878744896,56.73628698258088,56.18673158811055,56.303586583147414,56.818992955807325,57.30438184761307,57.655000056385255,57.81050842100173,57.932387988359345,58.02870665909196,58.10428123882633,58.1663243648516,58.75221920769386,58.84985003530436,58.93188945366106,59.00877887709337,59.082117425225505,60.0981096577714,60.92693835726189,61.133333514506944,61.533951857792566,62.18909744747461,61.7807379445643,61.9320723159708,62.34969958846844,62.71589940213592,63.00144052637076,63.11140124596598,63.20161944431394,63.27661676836278,63.339052340833604,63.390624267463224,63.97012681613158,64.06416028567551,64.10784500498187,64.0219270232859,63.96192615462862,65.12859169456388,65.65493853405994,66.23271217889314,66.86174391552815,67.63937916123548,67.45243120167076,67.55635547070672,67.77506135247042,68.00776294236847,68.18807210108207,68.21923155834128,68.2459737677056,68.26899915504545,68.28869456915189,68.30529566769964,68.50696951581074,68.48066622969317,68.46138518806475,68.44803794469459,68.43860703943002,69.64544560036337,70.21280003153288,70.79760754556114,71.43557705051252,72.16160873493118,72.00802705842058,72.14037624214001,72.35575431226327,72.59007263158072,72.78383072640061,72.83370922132175,72.88154526360273,72.92525382871825,72.96424066957394,72.99804146398243,73.04897615866146,73.06380816270202,73.07455130455111,73.08237408150987,73.0876558201169,74.31591150637604,74.8913049771283,75.54016245654842,76.20818295797898,76.95128662307897,76.79565703278799,76.89984613294828,77.09241553811266,77.29117922966034,77.44233539717611,77.4506022196844,77.45676802345764,77.46142456392131,77.4649728391835,77.46768627737288,77.48908192408231,77.48677788125971,77.48505125097819,77.48382241539096,77.48295631942152,78.71756006661164
E9,0.0,0.0,0.0,0.0,0.27601051763401363,0.9056728216790088,1.5932721247591248,2.4250576239130495,3.6968545369119035,5.536715956271043,7.82483605841974,13.014667677608534,16.441853411315705,15.69253830125363,15.006714815385163,14.933565497601316,13.901962410467844,13.998864445160086,18.18032110486385,22.97652177514144,26.27167935213746,28.213046475519064,30.389177007173657,32.30619927353873,34.04044242101041,35.65071040107421,37.74273996076235,39.21208221234373,40.63300274769669,42.027615153749366,43.404514268198554,46.81877497878399,48.589327944493746,46.49559779208454,44.64542674460712,43.799863570483026,41.939040726512374,41.631521071338994,46.34662103020703,49.54149091267395,51.16544851892546,51.95880632831682,53.36249786954596,54.75627304338947,56.13596651827568,57.50599030249424,59.43522939817311,60.794264153169394,62.14043986922529,63.48440487428563,64.82698509879158,68.47561471421884,69.66562989002495,68.09782967970172,66.41069704570572,65.9472275929554,64.25745275151773,63.98409720318405,68.74648318116442,71.96152624118041,73.59880383871705,74.40117703797641,75.81097714177754,77.20889149414077,78.5913896933754,79.96331397049104,81.89384084807546,83.22644673975023,84.28175545834526,85.24967194825715,86.30372000139627,89.76583108100667,92.62125074869527,95.37921981830047,98.41750324146801,100.88088010984555,102.15752385612859,103.20276651738736,104.09818807652462,104.62410995802145,104.93178041207426,105.1008264649707,105.20382798563593,105.25803500605103,105.28952753562626,105.32472611975595,105.49413670505449,105.62370985868094,105.73938208202362,105.8472475413571,105.94633829730583,106.10175818379726,106.19688016263665,105.81217683387594,105.63050227312351,105.61749753223351,105.65254820367964,105.69709738883425,105.8515607245763,105.92614886712605,105.93098760853884,105.92054405090425,105.8988740370264,105.86870782850312,105.83962297814269,105.82395976768368,105.88462324416051,105.94141369381188,106.00039779045257,106.05912562385795,106.10935981463189,106.20882243791003,106.26965307190605,105.88391458999568,105.69707637690534,105.67514166507587,105.70424411983247,105.7429636415319,105.88795823904883,105.95637506630565,105.95898549475844,105.94789545525315,105.92210119550585,105.86681411188087,105.78623820406354,105.69124384368001,105.6891595954732,105.68544962621725,105.68522474015367,105.6896901072225,105.69799630251167,105.88261467541116,106.0186256347987,106.06046759550668,106.10828248311132,106.16261965707103,106.19453866258357,106.22336704439606,106.2620556042181,106.29082140860312,106.30739982810607,106.31382729564265,106.31663629710107,106.31602879154642,106.31293577272726,106.30637008279447,106.31129324214534,106.31423741628286,106.31645294218295,106.31849490189222,106.32052095821582,106.34244327057087,106.35832905049249,106.22159070565776,106.16155020838477,106.16034750236992,106.17449189980896,106.18976448942063,106.2336516408245,106.25858680122457,106.2585005088008,106.25423622106607,106.24659747161513,106.23534388306885,106.21600359903235,106.18989412945466,106.18869580948017,106.18691742824255,106.1863120734835,106.18731849760908,106.18967399568913,106.24497716504753,106.28575880887769,106.28456183927901,106.29294852515112,106.3092212368174,106.32015855652008,106.33094387151935,106.34745819788463,106.35873782664703,106.36240004235009,106.36334486563247,106.36318778880707,106.36220155029255,106.36008495279687,106.35640823633366,106.3573250705796,106.35771126270716,106.35807418993295,106.35859794387535,106.35928870239704,106.3703094241358,106.37835249204167,106.35948883354989,106.35343877529723,106.35654195153573,106.36031662408674,106.36374960947717,106.37121201829471,106.37587859474307
