Combined Vehicle Paths:
Vehicle 0:
  Scenario 0: 30, 0, 5, 31, 10, 11, 37, 16, 38, 21, 39, 26, 27, 28, 29
  Scenario 1: 30, 0, 5, 31, 10, 32, 15, 33, 20, 34, 25, 26, 27, 28, 29
  Scenario 2: 0, 1, 2, 3, 45, 8, 9, 56, 57, 58, 59
  Scenario 3: 0, 1, 60, 30, 5, 31, 10, 91, 36, 11, 37, 16, 38, 21, 39, 26, 27, 28, 29
  Scenario 4: 30, 0, 5, 90, 31, 10, 32, 15, 16, 38, 21, 39, 26, 27, 28, 29
  Scenario 5: 30, 0, 5, 90, 1, 60, 2, 40, 7, 41, 12, 71, 11, 37, 38, 21, 39, 26, 27, 28, 29
  Scenario 6: 30, 31, 32, 33, 20, 21, 22, 23, 24, 59
Vehicle 1:
  Scenario 0: 0, 1, 35, 6, 7, 8, 9, 51, 14, 52, 19, 53, 24, 54, 29
  Scenario 1: 0, 1, 35, 6, 7, 8, 46, 47, 48, 23, 24, 54, 29
  Scenario 2: 0, 30, 5, 31, 10, 32, 15, 33, 20, 21, 39, 26, 22, 104, 23, 49, 28, 29
  Scenario 3: 0, 30, 5, 31, 10, 91, 6, 36, 11, 12, 13, 47, 18, 19, 53, 24, 54, 29
  Scenario 4: 0, 1, 60, 30, 5, 90, 31, 10, 32, 15, 16, 38, 21, 22, 23, 49, 28, 29
  Scenario 5: 0, 1, 60, 2, 40, 7, 66, 6, 8, 9, 56, 57, 58, 84, 83, 24, 23, 49, 28, 109, 114, 54, 29
  Scenario 6: 0, 1, 2, 3, 4, 55, 56, 57, 58, 59
Vehicle 2:
  Scenario 0: 0, 30, 5, 31, 10, 11, 37, 16, 38, 21, 39, 26, 27, 28, 29
  Scenario 1: 0, 30, 5, 31, 10, 11, 37, 16, 38, 21, 22, 44, 27, 28, 29
  Scenario 2: 0, 30, 5, 31, 10, 11, 37, 38, 21, 44, 27, 28, 29
  Scenario 3: 0, 30, 5, 90, 1, 60, 6, 7, 8, 9, 56, 57, 58, 59
  Scenario 4: 0, 30, 5, 90, 1, 60, 31, 10, 32, 15, 33, 20, 21, 93, 34, 25, 26, 94, 27, 28, 29
  Scenario 5: 0, 30, 5, 90, 1, 60, 6, 36, 11, 12, 37, 16, 17, 48, 23, 24, 54, 29
  Scenario 6: 0, 35, 36, 37, 38, 21, 22, 23, 24, 59
Vehicle 3:
  Scenario 0: 0, 1, 35, 6, 36, 11, 37, 16, 38, 21, 22, 44, 27, 28, 29
  Scenario 1: 0, 30, 5, 31, 10, 32, 15, 33, 20, 21, 22, 44, 27, 28, 29
  Scenario 2: 0, 30, 5, 31, 10, 32, 15, 16, 38, 21, 22, 44, 27, 28, 29
  Scenario 3: 0, 30, 5, 90, 31, 10, 11, 12, 42, 17, 43, 22, 44, 27, 28, 29
  Scenario 4: 0, 1, 60, 35, 6, 36, 11, 37, 16, 38, 21, 39, 26, 27, 28, 29
  Scenario 5: 0, 1, 60, 35, 6, 36, 11, 37, 16, 38, 21, 22, 39, 26, 104, 44, 27, 23, 109, 49, 28, 29
  Scenario 6: 0, 1, 40, 7, 8, 51, 52, 19, 58, 59
Vehicle 4:
  Scenario 0: 0, 1, 35, 36, 11, 12, 13, 14, 52, 19, 53, 24, 59
  Scenario 1: 0, 30, 5, 31, 10, 32, 15, 33, 20, 21, 39, 26, 27, 28, 29
  Scenario 2: 0, 1, 60, 30, 5, 31, 10, 11, 37, 16, 17, 43, 44, 27, 28, 29
  Scenario 3: 0, 30, 5, 90, 31, 10, 6, 91, 32, 15, 33, 20, 21, 34, 25, 26, 27, 28, 29
  Scenario 4: 0, 1, 60, 30, 5, 90, 31, 10, 32, 15, 33, 20, 34, 25, 26, 27, 28, 29
  Scenario 5: 0, 1, 60, 30, 5, 90, 35, 6, 36, 11, 37, 16, 38, 21, 39, 26, 27, 28, 29
  Scenario 6: 30, 5, 6, 7, 8, 9, 56, 57, 58, 59
Vehicle 5:
  Scenario 0: 0, 1, 35, 6, 36, 11, 37, 38, 21, 22, 23, 24, 54, 29
  Scenario 1: 0, 30, 5, 31, 10, 11, 37, 38, 21, 22, 23, 24, 54, 29
  Scenario 2: 0, 30, 5, 31, 10, 11, 37, 16, 38, 21, 39, 26, 27, 28, 29
  Scenario 3: 0, 1, 35, 6, 36, 11, 12, 37, 16, 17, 18, 53, 24, 54, 29
  Scenario 4: 0, 30, 5, 31, 10, 32, 15, 16, 33, 20, 21, 39, 26, 27, 28, 29
  Scenario 5: 0, 1, 60, 30, 5, 90, 35, 6, 36, 11, 37, 16, 38, 21, 39, 26, 27, 28, 29
  Scenario 6: 0, 35, 36, 11, 12, 13, 52, 53, 24, 59
Vehicle 6:
  Scenario 0: 30, 0, 5, 6, 7, 41, 42, 17, 43, 22, 23, 24, 54, 29
  Scenario 1: 30, 0, 5, 31, 10, 11, 37, 16, 38, 21, 39, 26, 27, 28, 29
  Scenario 2: 30, 0, 5, 31, 10, 32, 15, 16, 17, 43, 22, 23, 54, 29
  Scenario 3: 30, 0, 5, 31, 10, 32, 15, 33, 20, 21, 22, 44, 27, 28, 29
  Scenario 4: 30, 0, 5, 31, 10, 91, 90, 60, 32, 15, 16, 38, 21, 39, 26, 27, 28, 29
  Scenario 5: 30, 0, 5, 90, 1, 60, 35, 6, 36, 11, 37, 16, 38, 21, 22, 44, 27, 28, 29
  Scenario 6: 0, 35, 6, 41, 12, 47, 48, 23, 54, 29
Vehicle 7:
  Scenario 0: 0, 1, 40, 7, 41, 12, 42, 17, 43, 22, 44, 27, 28, 29
  Scenario 1: 0, 1, 35, 6, 7, 8, 46, 13, 14, 52, 19, 53, 24, 54, 29
  Scenario 2: 0, 1, 2, 3, 4, 50, 9, 56, 57, 58, 84, 54, 24, 29
  Scenario 3: 0, 1, 35, 36, 11, 37, 16, 38, 21, 22, 44, 27, 28, 29
  Scenario 4: 0, 1, 60, 30, 5, 90, 31, 10, 32, 15, 33, 20, 21, 22, 23, 49, 28, 29
  Scenario 5: 0, 1, 60, 30, 5, 90, 6, 31, 10, 32, 15, 16, 38, 21, 39, 26, 27, 28, 29
  Scenario 6: 0, 1, 2, 3, 4, 55, 56, 57, 58, 59
Vehicle 8:
  Scenario 0: 0, 1, 35, 6, 7, 8, 46, 13, 47, 18, 19, 53, 54, 29
  Scenario 1: 0, 30, 5, 6, 7, 41, 42, 17, 18, 48, 23, 49, 28, 29
  Scenario 2: 0, 30, 5, 6, 7, 41, 42, 17, 43, 22, 44, 27, 28, 29
  Scenario 3: 0, 30, 5, 1, 90, 31, 10, 32, 15, 33, 20, 21, 22, 23, 108, 18, 48, 49, 28, 29
  Scenario 4: 0, 30, 5, 31, 10, 6, 91, 11, 37, 16, 38, 21, 39, 26, 27, 28, 29
  Scenario 5: 0, 1, 60, 30, 5, 6, 31, 10, 91, 90, 35, 95, 7, 8, 46, 13, 47, 18, 19, 53, 83, 23, 24, 54, 29
  Scenario 6: 30, 31, 32, 33, 34, 25, 26, 27, 28, 29
Vehicle 9:
  Scenario 0: 0, 1, 35, 6, 7, 41, 12, 13, 47, 18, 48, 23, 54, 29
  Scenario 1: 0, 1, 35, 36, 11, 12, 37, 16, 38, 21, 39, 26, 27, 28, 29
  Scenario 2: 0, 30, 5, 31, 10, 6, 91, 32, 15, 16, 38, 21, 39, 26, 27, 28, 29
  Scenario 3: 0, 30, 5, 90, 31, 10, 11, 91, 32, 15, 16, 33, 20, 34, 25, 26, 27, 28, 29
  Scenario 4: 0, 1, 60, 30, 5, 90, 35, 6, 36, 11, 37, 38, 21, 22, 17, 103, 18, 19, 53, 24, 54, 29
  Scenario 5: 0, 1, 35, 6, 7, 41, 71, 11, 12, 42, 17, 43, 22, 103, 18, 19, 58, 84, 24, 54, 83, 23, 49, 28, 29
  Scenario 6: 0, 35, 36, 11, 12, 13, 52, 19, 58, 59
Vehicle 10:
  Scenario 0: 0, 1, 35, 6, 7, 41, 42, 17, 18, 19, 53, 54, 29
  Scenario 1: 0, 1, 35, 6, 7, 8, 9, 51, 14, 52, 19, 58, 59
  Scenario 2: 0, 1, 35, 6, 36, 11, 37, 16, 38, 21, 39, 26, 27, 28, 29
  Scenario 3: 0, 30, 5, 90, 31, 10, 32, 15, 16, 33, 20, 21, 39, 26, 27, 28, 29
  Scenario 4: 0, 30, 5, 90, 60, 1, 35, 6, 7, 8, 9, 56, 57, 58, 84, 24, 54, 29
  Scenario 5: 0, 1, 60, 30, 5, 90, 31, 10, 11, 32, 15, 16, 33, 20, 21, 22, 44, 27, 28, 29
  Scenario 6: 30, 31, 32, 33, 20, 39, 26, 27, 28, 29
Vehicle 11:
  Scenario 0: 0, 1, 35, 36, 11, 37, 16, 38, 21, 39, 26, 27, 28, 29
  Scenario 1: 0, 30, 5, 6, 7, 41, 12, 13, 47, 18, 19, 53, 54, 29
  Scenario 2: 0, 1, 35, 6, 7, 41, 42, 17, 43, 22, 44, 27, 28, 29
  Scenario 3: 0, 30, 5, 6, 36, 11, 37, 16, 38, 21, 22, 39, 26, 27, 28, 29
  Scenario 4: 0, 30, 5, 31, 10, 37, 16, 38, 21, 39, 26, 27, 28, 29
  Scenario 5: 0, 1, 35, 6, 7, 41, 42, 17, 43, 22, 23, 24, 54, 29
  Scenario 6: 30, 31, 32, 33, 34, 25, 26, 27, 28, 29
Vehicle 12:
  Scenario 0: 0, 1, 35, 6, 7, 41, 12, 13, 14, 52, 19, 53, 24, 54, 29
  Scenario 1: 0, 1, 35, 6, 7, 41, 12, 42, 17, 43, 22, 23, 49, 28, 29
  Scenario 2: 0, 1, 35, 6, 7, 41, 12, 42, 17, 43, 22, 23, 49, 28, 29
  Scenario 3: 0, 30, 5, 90, 6, 7, 8, 9, 51, 14, 52, 19, 53, 24, 54, 29
  Scenario 4: 0, 30, 5, 90, 1, 60, 31, 10, 32, 15, 33, 20, 34, 25, 26, 27, 28, 29
  Scenario 5: 0, 30, 5, 90, 1, 60, 35, 6, 36, 11, 37, 16, 38, 21, 39, 26, 27, 28, 29, 114, 24, 83, 23, 54
  Scenario 6: 30, 31, 32, 33, 20, 21, 44, 27, 28, 29
Vehicle 13:
  Scenario 0: 1, 35, 6, 36, 11, 37, 16, 38, 21, 22, 23, 54
  Scenario 1: 1, 35, 6, 36, 11, 37, 16, 38, 21, 39, 26, 27, 28
  Scenario 2: 1, 35, 6, 36, 11, 37, 16, 38, 21, 39, 26, 27, 28
  Scenario 3: 1, 35, 6, 36, 11, 37, 16, 38, 21, 22, 23, 54
  Scenario 4: 1, 35, 6, 7, 8, 51, 52, 53, 54
  Scenario 5: 1, 60, 30, 0, 5, 90, 35, 6, 7, 8, 46, 13, 47, 18, 48, 23, 54
  Scenario 6: 35, 6, 7, 8, 51, 52, 53, 54
Vehicle 14:
  Scenario 0: 1, 35, 6, 7, 46, 13, 47, 18, 48, 23, 49, 28
  Scenario 1: 1, 35, 6, 7, 8, 51, 52, 53, 54
  Scenario 2: 1, 35, 6, 7, 41, 12, 13, 52, 53, 54
  Scenario 3: 1, 35, 6, 7, 41, 12, 42, 17, 43, 22, 44, 27, 28
  Scenario 4: 1, 60, 0, 30, 5, 6, 36, 11, 70, 10, 12, 42, 17, 18, 48, 23, 54
  Scenario 5: 1, 60, 0, 35, 6, 36, 11, 96, 37, 16, 38, 21, 39, 26, 27, 28
  Scenario 6: 1, 40, 7, 8, 51, 52, 53, 54
Vehicle 15:
  Scenario 0: 1, 35, 6, 36, 11, 42, 17, 43, 22, 44, 27, 28
  Scenario 1: 1, 60, 30, 0, 5, 31, 10, 11, 37, 16, 38, 21, 39, 26, 27, 28
  Scenario 2: 1, 60, 0, 30, 5, 6, 36, 11, 37, 16, 38, 21, 39, 26, 27, 28
  Scenario 3: 1, 60, 0, 30, 5, 6, 31, 10, 91, 90, 32, 15, 16, 38, 39, 26, 27, 28
  Scenario 4: 1, 60, 0, 30, 5, 90, 31, 10, 11, 32, 15, 16, 33, 20, 21, 22, 82, 44, 27, 28
  Scenario 5: 1, 60, 0, 30, 5, 6, 31, 10, 11, 12, 42, 17, 76, 38, 16, 21, 98, 22, 23, 54
  Scenario 6: 1, 2, 3, 50, 51, 52, 53, 54
Vehicle 16:
  Scenario 0: 1, 35, 6, 36, 11, 37, 16, 38, 21, 22, 23, 54
  Scenario 1: 1, 35, 6, 36, 11, 37, 16, 38, 21, 22, 44, 27, 28
  Scenario 2: 1, 35, 6, 36, 11, 37, 16, 38, 21, 39, 26, 27, 28
  Scenario 3: 1, 60, 30, 5, 31, 10, 32, 15, 33, 20, 21, 39, 26, 27, 28
  Scenario 4: 1, 60, 0, 30, 5, 90, 31, 10, 11, 37, 16, 38, 21, 22, 98, 44, 27, 28
  Scenario 5: 1, 35, 6, 95, 2, 3, 45, 8, 105, 50, 51, 52, 53, 54
  Scenario 6: 35, 36, 11, 12, 13, 52, 53, 54
Vehicle 17:
  Scenario 0: 1, 35, 6, 7, 46, 13, 47, 18, 48, 23, 49, 28
  Scenario 1: 1, 35, 6, 7, 8, 51, 52, 53, 54
  Scenario 2: 1, 35, 6, 7, 41, 12, 42, 17, 43, 22, 44, 27, 28
  Scenario 3: 1, 35, 6, 36, 11, 37, 16, 17, 38, 21, 39, 26, 27, 28
  Scenario 4: 1, 2, 3, 50, 63, 51, 52, 53, 54
  Scenario 5: 1, 35, 6, 36, 11, 70, 10, 32, 15, 16, 38, 21, 39, 26, 99, 22, 23, 54
  Scenario 6: 1, 40, 7, 8, 51, 52, 53, 54
Vehicle 18:
  Scenario 0: 35, 1, 6, 7, 8, 46, 13, 47, 18, 48, 23, 49, 28
  Scenario 1: 35, 1, 6, 36, 11, 37, 38, 21, 22, 39, 26, 27, 28
  Scenario 2: 35, 1, 6, 36, 11, 37, 16, 38, 21, 39, 26, 27, 28
  Scenario 3: 60, 1, 0, 2, 61, 30, 5, 31, 10, 11, 37, 16, 38, 21, 22, 44, 27, 28
  Scenario 4: 60, 1, 0, 2, 3, 50, 63, 51, 52, 53, 54, 83, 49, 23, 28
  Scenario 5: 60, 1, 0, 35, 6, 7, 66, 36, 11, 37, 16, 38, 21, 22, 23, 82, 103, 43, 17, 18, 48, 78, 53, 54
  Scenario 6: 1, 40, 41, 12, 13, 52, 53, 54
Vehicle 19:
  Scenario 0: 35, 6, 7, 41, 42, 17, 18, 48, 23, 54
  Scenario 1: 1, 35, 6, 7, 41, 42, 17, 18, 48, 23, 54
  Scenario 2: 35, 6, 7, 41, 42, 17, 18, 48, 23, 49, 28
  Scenario 3: 1, 60, 0, 30, 5, 6, 65, 90, 31, 10, 11, 37, 38, 21, 22, 44, 27, 28
  Scenario 4: 1, 60, 0, 30, 5, 6, 36, 11, 12, 47, 18, 53, 54
  Scenario 5: 35, 6, 36, 11, 37, 16, 38, 21, 44, 27, 28
  Scenario 6: 35, 36, 37, 38, 39, 26, 27, 28
Vehicle 20:
  Scenario 0: 2, 40, 7, 41, 12, 42, 17, 43, 22, 44, 27
  Scenario 1: 2, 40, 7, 41, 12, 42, 17, 43, 22, 49
  Scenario 2: 2, 40, 7, 41, 12, 47, 48, 49
  Scenario 3: 2, 40, 7, 100, 45, 46, 47, 48, 49
  Scenario 4: 2, 40, 7, 41, 12, 42, 17, 48, 49
  Scenario 5: 2, 61, 1, 35, 6, 36, 11, 37, 16, 38, 21, 98, 22, 49
  Scenario 6: 2, 45, 46, 47, 48, 49
Vehicle 21:
  Scenario 0: 2, 40, 7, 41, 12, 42, 17, 43, 22, 44, 27
  Scenario 1: 2, 40, 7, 41, 12, 42, 17, 48, 49
  Scenario 2: 2, 45, 46, 47, 48, 49
  Scenario 3: 2, 45, 62, 46, 47, 48, 49
  Scenario 4: 2, 45, 46, 47, 48, 49
  Scenario 5: 2, 40, 7, 41, 12, 42, 17, 43, 22, 44, 27
  Scenario 6: 40, 41, 71, 37, 38, 21, 22, 49
Vehicle 22:
  Scenario 0: 2, 40, 7, 41, 12, 42, 17, 43, 22, 44, 27
  Scenario 1: 2, 45, 46, 47, 48, 49
  Scenario 2: 2, 45, 46, 47, 48, 49
  Scenario 3: 2, 40, 7, 41, 12, 42, 17, 43, 22, 44, 27, 104
  Scenario 4: 2, 40, 7, 41, 12, 42, 17, 48, 49
  Scenario 5: 2, 40, 7, 41, 12, 47, 48, 49
  Scenario 6: 2, 45, 46, 47, 48, 49
Vehicle 23:
  Scenario 0: 2, 40, 7, 41, 12, 42, 17, 43, 22, 44, 27
  Scenario 1: 2, 40, 7, 41, 12, 42, 17, 43, 22, 49
  Scenario 2: 2, 40, 7, 41, 12, 42, 17, 43, 22, 49
  Scenario 3: 2, 45, 46, 47, 48, 49
  Scenario 4: 2, 45, 46, 47, 48, 49
  Scenario 5: 2, 40, 7, 41, 12, 71, 11, 47, 48, 49
  Scenario 6: 40, 41, 12, 47, 48, 49
Vehicle 24:
  Scenario 0: 2, 40, 7, 41, 12, 42, 17, 43, 22, 44, 27
  Scenario 1: 2, 45, 46, 47, 48, 49
  Scenario 2: 2, 45, 46, 47, 48, 49
  Scenario 3: 2, 45, 46, 47, 48, 49
  Scenario 4: 2, 45, 46, 47, 48, 49
  Scenario 5: 2, 45, 46, 47, 48, 49
  Scenario 6: 40, 41, 42, 43, 22, 49
Vehicle 25:
  Scenario 0: 2, 40, 7, 41, 12, 42, 17, 43, 22, 49
  Scenario 1: 2, 40, 7, 41, 12, 42, 17, 43, 22, 44, 27
  Scenario 2: 2, 40, 7, 66, 36, 6, 11, 37, 16, 38, 21, 22, 49
  Scenario 3: 2, 40, 7, 41, 12, 42, 17, 43, 22, 49
  Scenario 4: 2, 40, 7, 41, 12, 42, 17, 43, 22, 49
  Scenario 5: 2, 45, 46, 47, 48, 49
  Scenario 6: 40, 41, 12, 47, 48, 49
Vehicle 26:
  Scenario 0: 40, 2, 7, 41, 12, 42, 17, 48, 49
  Scenario 1: 40, 2, 7, 41, 12, 42, 17, 43, 22, 49
  Scenario 2: 2, 45, 46, 47, 48, 49
  Scenario 3: 2, 45, 46, 47, 48, 49
  Scenario 4: 40, 2, 7, 41, 12, 42, 17, 43, 22, 49
  Scenario 5: 40, 2, 7, 41, 12, 42, 17, 43, 22, 49
  Scenario 6: 40, 41, 42, 43, 44, 27
Vehicle 27:
  Scenario 0: 45, 46, 47, 48, 82, 44
  Scenario 1: 62, 40, 41, 42, 43, 44
  Scenario 2: 45, 67, 41, 42, 43, 44
  Scenario 3: 45, 67, 41, 42, 71, 11, 43, 44
  Scenario 4: 62, 40, 41, 42, 43, 44, 81, 21
  Scenario 5: 45, 46, 47, 48, 82, 44
  Scenario 6: 45, 46, 47, 48, 82, 44
Vehicle 28:
  Scenario 0: 45, 46, 47, 48, 49, 87
  Scenario 1: 62, 40, 41, 42, 43, 44
  Scenario 2: 62, 40, 41, 42, 43, 44
  Scenario 3: 45, 46, 72, 42, 43, 44
  Scenario 4: 62, 40, 41, 42, 43, 44, 81, 39, 26, 99
  Scenario 5: 45, 46, 47, 72, 42, 44, 76, 16, 75, 15, 33, 20, 34, 25, 26
  Scenario 6: 45, 46, 47, 48, 82, 44
Vehicle 29:
  Scenario 0: 45, 46, 47, 48, 49, 87
  Scenario 1: 45, 46, 47, 77, 43, 44
  Scenario 2: 45, 67, 41, 42, 43, 44
  Scenario 3: 62, 40, 41, 42, 43, 44
  Scenario 4: 45, 67, 105, 62, 40, 41, 42, 43, 44
  Scenario 5: 62, 40, 41, 42, 43, 44
  Scenario 6: 3, 50, 51, 52, 53, 83, 82, 44
Vehicle 30:
  Scenario 0: 45, 62, 40, 41, 42, 43, 44
  Scenario 1: 62, 40, 41, 42, 43, 44
  Scenario 2: 62, 40, 41, 42, 43, 44
  Scenario 3: 62, 40, 41, 42, 43, 44
  Scenario 4: 45, 62, 40, 41, 42, 43, 44
  Scenario 5: 45, 62, 40, 41, 42, 43, 44, 81, 39, 21, 99
  Scenario 6: 45, 46, 47, 48, 49, 87
Vehicle 31:
  Scenario 0: 45, 46, 47, 48, 82, 44
  Scenario 1: 45, 67, 41, 42, 43, 44
  Scenario 2: 45, 46, 72, 42, 43, 44
  Scenario 3: 45, 46, 47, 48, 82, 44
  Scenario 4: 45, 46, 67, 41, 42, 43, 44
  Scenario 5: 45, 46, 47, 48, 82, 44
  Scenario 6: 45, 46, 47, 48, 82, 44
Vehicle 32:
  Scenario 0: 45, 62, 46, 47, 48, 82, 44
  Scenario 1: 45, 62, 40, 41, 42, 43, 44
  Scenario 2: 45, 62, 40, 41, 42, 43, 44
  Scenario 3: 45, 62, 46, 47, 48, 82, 81, 44, 21, 39, 26
  Scenario 4: 62, 45, 40, 41, 42, 43, 44
  Scenario 5: 45, 62, 46, 67, 41, 42, 71, 37, 16, 38, 21, 39, 26
  Scenario 6: 45, 46, 72, 42, 43, 44
Vehicle 33:
  Scenario 0: 45, 46, 47, 48, 82, 44
  Scenario 1: 45, 67, 41, 42, 43, 44
  Scenario 2: 45, 67, 41, 42, 43, 44
  Scenario 3: 45, 62, 40, 41, 42, 43, 44
  Scenario 4: 62, 40, 41, 42, 43, 44
  Scenario 5: 45, 62, 40, 41, 42, 43, 44
  Scenario 6: 45, 46, 47, 77, 43, 44
Vehicle 34:
  Scenario 0: 50, 63, 62, 40, 41, 71, 37, 38, 39
  Scenario 1: 50, 63, 51, 52, 53, 83, 82, 44, 86
  Scenario 2: 50, 63, 68, 46, 72, 42, 76, 38, 39
  Scenario 3: 50, 51, 52, 78, 77, 76, 38, 39
  Scenario 4: 50, 63, 62, 40, 41, 42, 43, 81, 103, 44, 86
  Scenario 5: 50, 51, 52, 78, 77, 43, 44, 86
  Scenario 6: 63, 62, 40, 41, 42, 43, 44, 86
Vehicle 35:
  Scenario 0: 63, 45, 46, 47, 77, 43, 44, 86
  Scenario 1: 50, 63, 62, 40, 61, 41, 71, 37, 38, 39
  Scenario 2: 50, 63, 62, 40, 61, 41, 42, 76, 38, 39
  Scenario 3: 63, 50, 62, 40, 41, 66, 36, 37, 38, 39
  Scenario 4: 63, 50, 68, 46, 47, 77, 43, 44, 86
  Scenario 5: 50, 63, 51, 52, 53, 54, 88, 87, 86
  Scenario 6: 63, 62, 61, 35, 36, 37, 38, 39
Vehicle 36:
  Scenario 0: 50, 63, 62, 40, 41, 71, 37, 38, 39
  Scenario 1: 50, 68, 46, 72, 71, 37, 38, 39
  Scenario 2: 50, 51, 52, 53, 83, 82, 81, 39
  Scenario 3: 50, 110, 68, 46, 72, 71, 37, 38, 39
  Scenario 4: 50, 51, 52, 111, 110, 68, 67, 66, 36, 37, 38, 39
  Scenario 5: 50, 63, 62, 40, 41, 42, 43, 81, 39
  Scenario 6: 50, 68, 46, 47, 48, 82, 44, 86
Vehicle 37:
  Scenario 0: 50, 63, 62, 40, 66, 36, 37, 38, 39
  Scenario 1: 50, 63, 45, 46, 47, 48, 82, 81, 39
  Scenario 2: 50, 63, 45, 46, 47, 77, 76, 38, 39
  Scenario 3: 63, 50, 51, 52, 53, 83, 82, 44, 86
  Scenario 4: 63, 50, 45, 46, 47, 48, 49, 109, 82, 44, 86
  Scenario 5: 50, 51, 110, 52, 111, 53, 54, 88, 87, 86
  Scenario 6: 50, 51, 73, 72, 71, 37, 38, 39
Vehicle 38:
  Scenario 0: 50, 68, 67, 66, 36, 37, 38, 39
  Scenario 1: 50, 68, 67, 66, 36, 37, 38, 39
  Scenario 2: 50, 68, 46, 47, 48, 49, 87, 86
  Scenario 3: 50, 51, 52, 53, 83, 82, 81, 39
  Scenario 4: 50, 51, 110, 63, 45, 67, 41, 71, 37, 70, 10, 38, 39
  Scenario 5: 63, 45, 46, 105, 62, 61, 35, 60, 0, 31, 30, 5, 36, 37, 38, 39
  Scenario 6: 63, 62, 40, 41, 71, 37, 38, 39
Vehicle 39:
  Scenario 0: 50, 63, 45, 46, 47, 77, 43, 44, 86
  Scenario 1: 50, 63, 45, 46, 47, 77, 43, 81, 39
  Scenario 2: 50, 68, 46, 47, 48, 49, 87, 86
  Scenario 3: 50, 63, 51, 52, 78, 48, 82, 81, 39
  Scenario 4: 50, 63, 68, 105, 45, 46, 47, 48, 82, 81, 103, 76, 38, 39
  Scenario 5: 50, 63, 45, 46, 47, 48, 82, 81, 39
  Scenario 6: 50, 68, 46, 47, 48, 82, 81, 39
Vehicle 40:
  Scenario 0: 50, 63, 45, 46, 72, 71, 37, 38, 39
  Scenario 1: 50, 63, 62, 40, 61, 66, 36, 37, 38, 39
  Scenario 2: 50, 63, 62, 61, 35, 36, 37, 38, 39
  Scenario 3: 63, 62, 40, 66, 36, 37, 38, 39
  Scenario 4: 63, 45, 67, 66, 36, 37, 38, 39
  Scenario 5: 63, 62, 61, 35, 60, 0, 31, 30, 5, 36, 37, 38, 39
  Scenario 6: 63, 62, 61, 35, 36, 37, 38, 39
Vehicle 41:
  Scenario 0: 64, 55, 50, 63, 51, 52, 78, 48, 49, 87, 86, 85
  Scenario 1: 64, 55, 50, 63, 51, 73, 47, 77, 43, 81, 80, 34
  Scenario 2: 55, 64, 50, 63, 51, 52, 78, 112, 73, 47, 48, 82, 81, 39, 80, 85
  Scenario 3: 55, 64, 50, 63, 51, 52, 53, 83, 49, 87, 86, 85
  Scenario 4: 55, 64, 57, 115, 56, 50, 45, 51, 73, 47, 48, 49, 108, 77, 76, 38, 39, 80, 34
  Scenario 5: 55, 64, 50, 51, 52, 53, 54, 88, 87, 86, 85
  Scenario 6: 55, 56, 74, 52, 78, 48, 82, 44, 86, 85
Vehicle 42:
  Scenario 0: 64, 55, 50, 51, 52, 78, 77, 76, 38, 75, 34, 39, 85
  Scenario 1: 55, 64, 50, 51, 68, 46, 47, 77, 76, 38, 39, 85
  Scenario 2: 55, 64, 50, 51, 52, 53, 54, 88, 87, 86, 85
  Scenario 3: 55, 64, 50, 51, 52, 53, 83, 49, 87, 86, 85
  Scenario 4: 55, 56, 115, 64, 63, 45, 46, 72, 42, 43, 44, 81, 104, 80, 34
  Scenario 5: 55, 56, 115, 64, 69, 51, 110, 63, 62, 45, 67, 66, 65, 31, 32, 33, 34
  Scenario 6: 64, 63, 62, 61, 35, 36, 70, 32, 33, 34
Vehicle 43:
  Scenario 0: 64, 63, 45, 62, 67, 66, 36, 37, 38, 80, 34
  Scenario 1: 55, 64, 50, 51, 52, 53, 83, 82, 44, 86, 85
  Scenario 2: 55, 64, 50, 51, 73, 47, 48, 82, 81, 39, 80, 85
  Scenario 3: 55, 64, 50, 51, 73, 72, 71, 37, 70, 33, 38, 80, 34
  Scenario 4: 55, 56, 57, 58, 84, 83, 49, 87, 86, 85
  Scenario 5: 55, 64, 63, 62, 61, 60, 0, 31, 35, 36, 37, 38, 39, 85
  Scenario 6: 64, 63, 62, 61, 60, 30, 31, 32, 33, 34
Vehicle 44:
  Scenario 0: 64, 50, 63, 68, 67, 41, 71, 37, 75, 33, 34
  Scenario 1: 55, 56, 57, 79, 78, 77, 76, 38, 75, 39, 85
  Scenario 2: 55, 56, 57, 79, 53, 83, 82, 81, 39, 85
  Scenario 3: 55, 56, 57, 116, 115, 64, 58, 84, 83, 49, 82, 87, 86, 85
  Scenario 4: 55, 57, 115, 56, 79, 53, 83, 49, 87, 86, 104, 81, 80, 20, 34
  Scenario 5: 64, 55, 50, 51, 110, 63, 45, 67, 105, 66, 100, 40, 41, 71, 37, 38, 80, 34
  Scenario 6: 64, 50, 68, 67, 66, 65, 31, 32, 33, 34
Vehicle 45:
  Scenario 0: 55, 64, 50, 63, 68, 46, 72, 71, 70, 32, 33, 34
  Scenario 1: 64, 55, 56, 74, 73, 47, 48, 49, 87, 86, 85
  Scenario 2: 64, 55, 56, 74, 73, 47, 48, 82, 44, 86, 85
  Scenario 3: 55, 56, 57, 79, 78, 77, 43, 81, 80, 34
  Scenario 4: 55, 64, 50, 63, 51, 52, 53, 54, 88, 87, 86, 85
  Scenario 5: 64, 55, 56, 57, 115, 63, 62, 61, 35, 36, 95, 60, 30, 5, 65, 31, 10, 70, 32, 33, 34
  Scenario 6: 64, 63, 62, 61, 60, 30, 31, 32, 33, 34
Vehicle 46:
  Scenario 0: 64, 50, 51, 73, 47, 48, 82, 81, 39, 80, 85
  Scenario 1: 55, 56, 74, 52, 78, 77, 76, 75, 33, 34
  Scenario 2: 55, 56, 57, 58, 84, 83, 49, 82, 87, 86, 85
  Scenario 3: 55, 56, 115, 64, 50, 45, 51, 110, 63, 62, 61, 35, 30, 65, 31, 32, 33, 34
  Scenario 4: 55, 56, 115, 64, 50, 51, 52, 78, 48, 82, 44, 86, 85
  Scenario 5: 55, 56, 115, 64, 50, 45, 51, 52, 53, 54, 88, 87, 109, 49, 86, 85
  Scenario 6: 55, 56, 57, 79, 78, 77, 76, 38, 39, 85
Vehicle 47:
  Scenario 0: 64, 50, 51, 68, 46, 72, 71, 37, 38, 80, 34
  Scenario 1: 55, 69, 68, 67, 66, 41, 42, 43, 81, 39, 85
  Scenario 2: 55, 56, 57, 79, 78, 77, 76, 38, 39, 85, 99, 80, 34
  Scenario 3: 55, 56, 57, 58, 84, 54, 88, 87, 86, 85
  Scenario 4: 55, 64, 63, 62, 61, 35, 60, 36, 70, 32, 33, 34
  Scenario 5: 55, 56, 115, 64, 50, 45, 63, 46, 47, 77, 76, 75, 33, 34
  Scenario 6: 64, 50, 68, 67, 66, 65, 31, 32, 33, 34
Vehicle 48:
  Scenario 0: 55, 64, 63, 62, 40, 41, 71, 37, 38, 39, 85
  Scenario 1: 55, 64, 50, 51, 52, 53, 83, 49, 87, 86, 85
  Scenario 2: 55, 64, 63, 45, 46, 72, 71, 37, 75, 33, 34
  Scenario 3: 55, 56, 74, 73, 47, 48, 82, 81, 80, 34
  Scenario 4: 55, 64, 50, 51, 110, 52, 53, 54, 88, 87, 86, 85
  Scenario 5: 55, 69, 51, 52, 53, 83, 82, 81, 80, 34
  Scenario 6: 55, 69, 68, 67, 41, 71, 70, 32, 33, 34
Vehicle 49:
  Scenario 0: 64, 55, 115, 63, 62, 40, 41, 42, 76, 38, 39, 85
  Scenario 1: 55, 64, 56, 115, 69, 51, 73, 47, 48, 82, 81, 39, 85
  Scenario 2: 55, 56, 115, 69, 51, 110, 50, 68, 46, 47, 77, 43, 44, 86, 85
  Scenario 3: 55, 56, 115, 69, 51, 52, 53, 83, 82, 81, 39, 80, 34
  Scenario 4: 55, 64, 56, 115, 57, 58, 117, 116, 74, 52, 78, 48, 49, 87, 86, 85
  Scenario 5: 55, 64, 56, 115, 69, 51, 52, 53, 78, 113, 54, 88, 87, 86, 85
  Scenario 6: 64, 63, 62, 61, 60, 30, 31, 32, 33, 34
Vehicle 50:
  Scenario 0: 64, 55, 69, 51, 68, 52, 78, 77, 76, 43, 81, 39, 85
  Scenario 1: 64, 55, 69, 51, 52, 78, 48, 82, 81, 39, 80, 85
  Scenario 2: 55, 56, 115, 69, 51, 52, 53, 78, 113, 83, 82, 44, 86, 85
  Scenario 3: 55, 56, 115, 64, 50, 51, 73, 47, 48, 77, 108, 82, 81, 39, 80, 85
  Scenario 4: 55, 56, 115, 69, 51, 52, 111, 68, 46, 47, 48, 107, 106, 67, 77, 43, 44, 86, 85
  Scenario 5: 55, 64, 50, 63, 62, 61, 35, 60, 65, 31, 32, 33, 34
  Scenario 6: 55, 56, 74, 52, 78, 48, 82, 44, 86, 85
Vehicle 51:
  Scenario 0: 64, 63, 62, 61, 35, 36, 37, 38, 80, 34
  Scenario 1: 55, 69, 68, 67, 66, 36, 70, 32, 33, 34
  Scenario 2: 55, 56, 115, 74, 52, 53, 54, 88, 87, 86, 85
  Scenario 3: 55, 56, 74, 52, 78, 77, 76, 75, 33, 34
  Scenario 4: 55, 56, 115, 64, 50, 45, 51, 52, 53, 83, 82, 81, 80, 34
  Scenario 5: 55, 56, 115, 64, 50, 45, 51, 110, 63, 46, 47, 48, 77, 108, 107, 49, 87, 86, 85, 99, 21, 81, 80, 34
  Scenario 6: 64, 63, 62, 61, 35, 36, 37, 38, 39, 85
Vehicle 52:
  Scenario 0: 64, 50, 51, 52, 78, 77, 76, 38, 39, 85
  Scenario 1: 55, 69, 68, 67, 46, 47, 48, 82, 81, 39, 80, 85
  Scenario 2: 55, 69, 68, 67, 41, 66, 65, 31, 32, 33, 34
  Scenario 3: 55, 56, 115, 69, 51, 52, 53, 54, 88, 87, 86, 85
  Scenario 4: 55, 56, 57, 116, 115, 69, 51, 110, 50, 68, 111, 52, 78, 48, 49, 87, 86, 85
  Scenario 5: 55, 56, 57, 79, 53, 83, 113, 82, 108, 77, 43, 81, 80, 34
  Scenario 6: 64, 63, 62, 61, 35, 36, 37, 38, 39, 85
Vehicle 53:
  Scenario 0: 55, 69, 68, 46, 67, 47, 77, 43, 44, 86, 85
  Scenario 1: 64, 50, 51, 73, 47, 77, 43, 76, 75, 33, 34
  Scenario 2: 64, 50, 51, 52, 53, 54, 88, 87, 104, 81, 80, 34
  Scenario 3: 55, 56, 57, 79, 53, 83, 82, 81, 39, 85
  Scenario 4: 55, 56, 115, 64, 63, 45, 46, 47, 77, 43, 76, 38, 39, 85
  Scenario 5: 64, 63, 45, 67, 41, 71, 101, 66, 65, 31, 32, 33, 34
  Scenario 6: 55, 69, 51, 73, 72, 71, 37, 38, 39, 85
Vehicle 54:
  Scenario 0: 64, 55, 115, 63, 45, 62, 46, 72, 42, 43, 81, 80, 34
  Scenario 1: 64, 55, 115, 69, 68, 46, 47, 48, 49, 87, 86, 85
  Scenario 2: 55, 64, 115, 50, 68, 46, 47, 77, 76, 38, 39, 85
  Scenario 3: 55, 56, 115, 64, 57, 58, 84, 118, 83, 82, 81, 39, 85
  Scenario 4: 55, 64, 56, 57, 116, 115, 58, 84, 54, 88, 87, 86, 85
  Scenario 5: 64, 55, 50, 51, 73, 72, 42, 101, 66, 36, 37, 75, 33, 34
  Scenario 6: 64, 63, 62, 61, 60, 30, 31, 32, 33, 34
Vehicle 55:
  Scenario 0: 5, 31, 10, 11, 37, 16, 38, 21, 22, 23, 24
  Scenario 1: 5, 31, 32, 15, 16, 38, 21, 22, 23, 24
  Scenario 2: 5, 31, 32, 15, 33, 20, 21, 22, 23, 24
  Scenario 3: 5, 6, 7, 8, 46, 13, 14, 52, 19, 58
  Scenario 4: 5, 6, 36, 11, 37, 38, 21, 22, 23, 24
  Scenario 5: 5, 6, 36, 11, 37, 38, 21, 22, 23, 108, 18, 48, 24
  Scenario 6: 31, 10, 11, 42, 17, 18, 19, 58
Vehicle 56:
  Scenario 0: 5, 6, 7, 8, 46, 13, 47, 18, 19, 53, 24
  Scenario 1: 31, 5, 10, 11, 12, 13, 14, 57, 58
  Scenario 2: 31, 5, 10, 32, 15, 16, 38, 21, 22, 23, 24
  Scenario 3: 90, 5, 0, 30, 31, 10, 6, 96, 36, 11, 37, 16, 17, 18, 19, 58
  Scenario 4: 90, 5, 0, 30, 60, 1, 35, 6, 36, 11, 37, 16, 17, 43, 22, 23, 24
  Scenario 5: 31, 5, 10, 11, 37, 16, 17, 18, 19, 58
  Scenario 6: 5, 36, 11, 12, 13, 52, 19, 58
Vehicle 57:
  Scenario 0: 5, 31, 10, 11, 12, 13, 14, 52, 19, 58
  Scenario 1: 5, 31, 10, 11, 12, 42, 17, 43, 22, 23, 24
  Scenario 2: 5, 6, 36, 11, 37, 16, 17, 18, 19, 58
  Scenario 3: 5, 31, 10, 32, 15, 16, 38, 21, 22, 23, 24
  Scenario 4: 5, 6, 36, 11, 37, 16, 17, 43, 22, 103, 18, 19, 53, 24
  Scenario 5: 5, 90, 0, 1, 60, 30, 6, 7, 41, 12, 42, 17, 18, 48, 23, 24
  Scenario 6: 5, 36, 37, 16, 43, 22, 23, 24
Vehicle 58:
  Scenario 0: 5, 31, 10, 11, 37, 16, 17, 18, 19, 58
  Scenario 1: 5, 31, 32, 15, 33, 20, 21, 22, 23, 24
  Scenario 2: 5, 6, 36, 11, 37, 38, 21, 22, 23, 24
  Scenario 3: 5, 31, 10, 11, 37, 16, 38, 21, 22, 23, 24
  Scenario 4: 5, 6, 7, 8, 9, 56, 57, 58
  Scenario 5: 5, 31, 10, 11, 12, 13, 14, 111, 110, 4, 55, 56, 57, 58
  Scenario 6: 31, 10, 11, 42, 17, 18, 53, 24
Vehicle 59:
  Scenario 0: 5, 31, 10, 32, 15, 33, 20, 21, 22, 23, 24
  Scenario 1: 5, 31, 10, 32, 15, 33, 20, 21, 22, 23, 24
  Scenario 2: 5, 31, 10, 37, 16, 38, 21, 22, 23, 24
  Scenario 3: 5, 90, 0, 30, 31, 10, 11, 12, 13, 14, 52, 19, 53, 24
  Scenario 4: 5, 31, 10, 32, 15, 16, 38, 21, 22, 23, 24
  Scenario 5: 5, 90, 0, 60, 1, 2, 3, 4, 55, 56, 69, 9, 51, 14, 52, 19, 112, 111, 57, 58
  Scenario 6: 5, 6, 7, 8, 9, 56, 57, 58
Vehicle 60:
  Scenario 0: 5, 6, 36, 11, 37, 16, 17, 18, 19, 58
  Scenario 1: 5, 31, 10, 11, 12, 42, 17, 18, 48, 23, 24
  Scenario 2: 5, 31, 10, 32, 15, 16, 38, 21, 22, 23, 24
  Scenario 3: 5, 31, 10, 11, 12, 101, 7, 105, 3, 45, 8, 9, 56, 57, 58
  Scenario 4: 5, 31, 10, 32, 15, 11, 92, 16, 38, 21, 22, 103, 17, 43, 23, 24, 113, 19, 58
  Scenario 5: 5, 90, 0, 1, 61, 60, 30, 2, 6, 31, 10, 11, 12, 13, 14, 57
  Scenario 6: 5, 6, 7, 8, 51, 52, 53, 24
Vehicle 61:
  Scenario 0: 5, 31, 10, 11, 37, 16, 38, 21, 22, 23, 24
  Scenario 1: 5, 31, 10, 11, 37, 16, 38, 21, 22, 23, 24
  Scenario 2: 5, 31, 10, 11, 37, 16, 38, 21, 22, 23, 24
  Scenario 3: 5, 31, 10, 11, 12, 42, 17, 18, 48, 23, 24
  Scenario 4: 5, 31, 10, 32, 15, 11, 92, 16, 17, 18, 19, 58
  Scenario 5: 5, 90, 0, 60, 1, 2, 40, 7, 3, 105, 45, 8, 9, 51, 14, 57, 58
  Scenario 6: 5, 6, 7, 8, 9, 56, 57, 58
Vehicle 62:
  Scenario 0: 56, 69, 51, 52, 78, 77, 76, 38, 75, 80
  Scenario 1: 56, 69, 51, 52, 78, 77, 76, 38, 75, 80
  Scenario 2: 56, 57, 79, 78, 48, 77, 82, 81, 80
  Scenario 3: 56, 69, 51, 52, 78, 77, 76, 75, 33
  Scenario 4: 56, 69, 68, 46, 47, 77, 43, 81, 80
  Scenario 5: 69, 56, 115, 55, 57, 79, 78, 48, 82, 108, 107, 47, 106, 46, 41, 72, 67, 36, 100, 40, 66, 95, 35, 65, 31, 32, 33
  Scenario 6: 69, 68, 67, 41, 71, 70, 32, 33
Vehicle 63:
  Scenario 0: 69, 51, 52, 78, 77, 43, 76, 81, 80
  Scenario 1: 69, 51, 52, 78, 77, 43, 81, 80
  Scenario 2: 56, 74, 116, 69, 51, 52, 53, 83, 82, 81, 80
  Scenario 3: 56, 115, 55, 57, 79, 78, 77, 43, 81, 80
  Scenario 4: 56, 74, 116, 115, 55, 69, 57, 58, 84, 83, 82, 81, 80
  Scenario 5: 69, 68, 110, 63, 45, 62, 61, 35, 60, 0, 36, 70, 32, 33
  Scenario 6: 69, 68, 67, 41, 42, 76, 38, 80
Vehicle 64:
  Scenario 0: 69, 51, 68, 73, 72, 42, 76, 75, 33
  Scenario 1: 69, 51, 52, 73, 47, 77, 76, 75, 33
  Scenario 2: 56, 116, 115, 55, 64, 69, 68, 46, 47, 77, 43, 81, 103, 76, 75, 33
  Scenario 3: 69, 56, 57, 58, 84, 83, 82, 81, 80
  Scenario 4: 56, 57, 79, 53, 83, 82, 81, 80
  Scenario 5: 69, 56, 115, 55, 64, 63, 45, 46, 47, 48, 82, 81, 80
  Scenario 6: 69, 68, 67, 66, 65, 31, 32, 33
Vehicle 65:
  Scenario 0: 69, 51, 68, 52, 78, 48, 77, 82, 81, 80
  Scenario 1: 69, 51, 68, 73, 47, 77, 43, 81, 80
  Scenario 2: 56, 57, 79, 78, 77, 76, 38, 33, 80
  Scenario 3: 56, 57, 58, 84, 83, 82, 81, 80
  Scenario 4: 115, 56, 55, 69, 64, 74, 73, 47, 106, 46, 77, 43, 81, 80
  Scenario 5: 115, 56, 55, 57, 58, 84, 83, 113, 78, 77, 76, 38, 80
  Scenario 6: 69, 51, 52, 78, 48, 82, 81, 80
Vehicle 66:
  Scenario 0: 69, 51, 52, 78, 77, 76, 38, 75, 80
  Scenario 1: 56, 69, 51, 52, 78, 77, 76, 38, 75, 80
  Scenario 2: 69, 56, 74, 73, 47, 72, 48, 82, 81, 80
  Scenario 3: 56, 69, 51, 73, 72, 71, 70, 32, 33
  Scenario 4: 56, 57, 116, 115, 55, 69, 79, 78, 77, 76, 75, 33
  Scenario 5: 56, 57, 79, 53, 83, 82, 81, 80
  Scenario 6: 69, 51, 73, 72, 71, 70, 32, 33
Vehicle 67:
  Scenario 0: 69, 51, 73, 47, 77, 76, 38, 80
  Scenario 1: 56, 57, 58, 84, 83, 82, 81, 80
  Scenario 2: 56, 57, 58, 84, 83, 82, 81, 80
  Scenario 3: 56, 57, 116, 69, 68, 46, 67, 105, 62, 40, 66, 36, 70, 32, 33
  Scenario 4: 115, 56, 64, 50, 63, 62, 61, 60, 30, 31, 32, 33
  Scenario 5: 56, 57, 116, 115, 55, 69, 51, 73, 47, 48, 82, 81, 80
  Scenario 6: 69, 68, 67, 66, 65, 31, 32, 33
Vehicle 68:
  Scenario 0: 69, 51, 68, 52, 78, 48, 77, 82, 81, 80
  Scenario 1: 69, 51, 68, 52, 53, 83, 82, 81, 80
  Scenario 2: 69, 56, 57, 58, 84, 83, 82, 81, 80
  Scenario 3: 69, 56, 74, 73, 72, 71, 70, 32, 33
  Scenario 4: 56, 57, 79, 78, 77, 76, 75, 33
  Scenario 5: 56, 74, 116, 57, 115, 55, 50, 64, 63, 45, 67, 105, 46, 47, 77, 76, 75, 33
  Scenario 6: 56, 57, 58, 84, 83, 82, 81, 80
Vehicle 69:
  Scenario 0: 10, 11, 37, 16, 17, 18, 19
  Scenario 1: 10, 11, 12, 42, 17, 18, 19
  Scenario 2: 10, 11, 37, 16, 17, 18, 19
  Scenario 3: 10, 11, 37, 16, 17, 102, 12, 101, 7, 41, 13, 14, 52, 19
  Scenario 4: 10, 11, 37, 16, 17, 18, 19
  Scenario 5: 10, 11, 12, 13, 14, 57
  Scenario 6: 10, 11, 12, 13, 52, 19
Vehicle 70:
  Scenario 0: 10, 11, 12, 13, 14, 52, 19
  Scenario 1: 10, 11, 12, 42, 17, 18, 19
  Scenario 2: 10, 11, 12, 13, 14, 57
  Scenario 3: 91, 5, 6, 95, 1, 60, 0, 35, 2, 7, 8, 9, 56, 57
  Scenario 4: 10, 11, 12, 13, 14, 52, 74, 19
  Scenario 5: 32, 15, 16, 17, 18, 19
  Scenario 6: 10, 11, 12, 13, 14, 57
Vehicle 71:
  Scenario 0: 10, 11, 12, 13, 14, 52, 19
  Scenario 1: 10, 11, 12, 13, 47, 18, 19
  Scenario 2: 10, 32, 15, 16, 17, 18, 19
  Scenario 3: 10, 32, 15, 16, 17, 18, 19
  Scenario 4: 10, 11, 12, 101, 7, 8, 9, 56, 57
  Scenario 5: 10, 32, 15, 16, 97, 11, 37, 17, 18, 107, 13, 52, 19
  Scenario 6: 32, 15, 16, 17, 18, 19
Vehicle 72:
  Scenario 0: 10, 11, 12, 13, 14, 52, 19
  Scenario 1: 10, 11, 37, 16, 17, 18, 19
  Scenario 2: 10, 11, 12, 13, 14, 57
  Scenario 3: 10, 11, 96, 6, 7, 100, 2, 40, 41, 12, 13, 14, 57
  Scenario 4: 10, 11, 12, 42, 17, 18, 19
  Scenario 5: 32, 10, 15, 16, 17, 18, 19
  Scenario 6: 10, 11, 12, 13, 52, 19
Vehicle 73:
  Scenario 0: 10, 11, 12, 13, 14, 52, 19
  Scenario 1: 10, 11, 12, 13, 14, 57
  Scenario 2: 10, 11, 37, 16, 17, 18, 19
  Scenario 3: 10, 11, 37, 16, 17, 18, 19
  Scenario 4: 10, 32, 15, 16, 17, 18, 19
  Scenario 5: 10, 11, 12, 13, 14, 52, 74, 73, 57, 19
  Scenario 6: 10, 37, 16, 17, 18, 19
Vehicle 74:
  Scenario 0: 10, 11, 12, 42, 17, 18, 19
  Scenario 1: 10, 11, 12, 42, 17, 18, 19
  Scenario 2: 10, 11, 12, 42, 17, 18, 19
  Scenario 3: 10, 11, 37, 16, 17, 18, 19
  Scenario 4: 10, 11, 12, 13, 14, 57
  Scenario 5: 10, 32, 15, 16, 17, 18, 19
  Scenario 6: 10, 11, 12, 13, 14, 57
Vehicle 75:
  Scenario 0: 10, 11, 12, 13, 14, 52, 19
  Scenario 1: 10, 11, 12, 42, 17, 18, 19
  Scenario 2: 10, 32, 15, 16, 17, 18, 19
  Scenario 3: 10, 11, 37, 16, 17, 18, 19
  Scenario 4: 10, 32, 15, 16, 17, 18, 19, 112, 14, 52
  Scenario 5: 10, 91, 5, 90, 0, 1, 2, 40, 7, 8, 9, 56, 57
  Scenario 6: 10, 37, 16, 17, 18, 19
Vehicle 76:
  Scenario 0: 74, 73, 47, 72, 77, 76, 75
  Scenario 1: 74, 73, 47, 77, 76, 75
  Scenario 2: 74, 73, 72, 106, 67, 66, 36, 70, 32
  Scenario 3: 74, 73, 72, 71, 70, 32
  Scenario 4: 57, 74, 73, 111, 110, 50, 63, 62, 61, 60, 30, 31, 5, 65, 32
  Scenario 5: 74, 57, 52, 78, 77, 76, 102, 42, 75
  Scenario 6: 74, 73, 47, 77, 76, 75
Vehicle 77:
  Scenario 0: 74, 73, 72, 71, 37, 70, 75
  Scenario 1: 74, 73, 47, 72, 77, 76, 75
  Scenario 2: 74, 52, 78, 77, 76, 75
  Scenario 3: 74, 73, 47, 72, 77, 76, 75
  Scenario 4: 57, 74, 73, 72, 71, 37, 75
  Scenario 5: 74, 57, 79, 78, 77, 76, 75
  Scenario 6: 57, 79, 78, 77, 76, 75
Vehicle 78:
  Scenario 0: 74, 73, 47, 77, 76, 75
  Scenario 1: 74, 73, 47, 77, 76, 75
  Scenario 2: 74, 57, 79, 78, 77, 76, 75
  Scenario 3: 74, 57, 116, 115, 56, 64, 63, 45, 46, 72, 71, 37, 75
  Scenario 4: 74, 52, 78, 77, 76, 75
  Scenario 5: 74, 57, 116, 115, 55, 56, 64, 63, 45, 67, 41, 71, 70, 96, 36, 37, 75
  Scenario 6: 74, 73, 47, 77, 76, 75
Vehicle 79:
  Scenario 0: 74, 73, 72, 71, 70, 32
  Scenario 1: 74, 57, 52, 78, 77, 76, 75
  Scenario 2: 74, 73, 111, 68, 67, 66, 65, 31, 32
  Scenario 3: 57, 74, 116, 115, 56, 55, 64, 69, 68, 67, 66, 65, 31, 32
  Scenario 4: 74, 116, 69, 68, 67, 110, 50, 51, 63, 62, 45, 46, 47, 77, 76, 75
  Scenario 5: 57, 74, 52, 73, 78, 77, 76, 75
  Scenario 6: 74, 73, 72, 42, 76, 75
Vehicle 80:
  Scenario 0: 74, 73, 47, 72, 77, 76, 75
  Scenario 1: 74, 52, 78, 77, 76, 75
  Scenario 2: 57, 79, 78, 77, 76, 75
  Scenario 3: 74, 73, 72, 42, 76, 102, 71, 70, 32
  Scenario 4: 74, 116, 115, 56, 64, 63, 45, 67, 66, 65, 31, 32
  Scenario 5: 74, 116, 115, 56, 64, 50, 51, 73, 106, 67, 41, 71, 70, 32
  Scenario 6: 57, 79, 78, 77, 76, 75
Vehicle 81:
  Scenario 0: 74, 73, 72, 47, 77, 76, 75
  Scenario 1: 74, 73, 72, 47, 77, 76, 75
  Scenario 2: 74, 73, 72, 42, 76, 75
  Scenario 3: 74, 73, 72, 71, 42, 76, 75
  Scenario 4: 116, 74, 69, 68, 110, 63, 50, 62, 40, 66, 65, 31, 32
  Scenario 5: 116, 74, 69, 68, 110, 63, 45, 46, 72, 42, 76, 75
  Scenario 6: 74, 73, 72, 71, 37, 75
Vehicle 82:
  Scenario 0: 74, 52, 78, 77, 76, 75
  Scenario 1: 74, 52, 78, 77, 76, 75
  Scenario 2: 74, 116, 56, 115, 55, 57, 79, 78, 77, 76, 75
  Scenario 3: 57, 74, 52, 78, 77, 76, 75
  Scenario 4: 74, 57, 52, 73, 111, 68, 67, 66, 36, 70, 96, 65, 31, 32
  Scenario 5: 74, 73, 72, 42, 71, 76, 75, 97, 70, 32
  Scenario 6: 74, 52, 78, 77, 76, 75
Vehicle 83:
  Scenario 0: 92, 10, 11, 12, 13, 14
  Scenario 1: 92, 15, 16, 102, 12, 13, 14
  Scenario 2: 92, 10, 11, 12, 13, 14
  Scenario 3: 15, 92, 10, 11, 12, 13, 14
  Scenario 4: 92, 10, 11, 12, 13, 14
  Scenario 5: 92, 10, 11, 12, 13, 14
  Scenario 6: 92, 10, 11, 12, 13, 14
Vehicle 84:
  Scenario 0: 15, 16, 17, 18, 19, 117
  Scenario 1: 15, 16, 17, 107, 13, 14
  Scenario 2: 15, 16, 17, 18, 19, 117
  Scenario 3: 15, 16, 17, 18, 19, 117
  Scenario 4: 15, 16, 17, 18, 19, 117
  Scenario 5: 15, 16, 97, 11, 12, 13, 14
  Scenario 6: 92, 10, 11, 12, 13, 14
Vehicle 85:
  Scenario 0: 15, 92, 10, 11, 12, 13, 14
  Scenario 1: 15, 92, 10, 11, 12, 13, 14
  Scenario 2: 92, 10, 11, 12, 13, 14
  Scenario 3: 92, 10, 11, 12, 13, 14
  Scenario 4: 15, 16, 102, 12, 13, 14
  Scenario 5: 92, 10, 11, 12, 13, 14
  Scenario 6: 15, 97, 11, 12, 13, 14
Vehicle 86:
  Scenario 0: 15, 92, 10, 11, 12, 13, 14
  Scenario 1: 15, 92, 16, 17, 18, 112, 14
  Scenario 2: 15, 92, 10, 11, 12, 13, 14
  Scenario 3: 92, 10, 11, 12, 13, 14
  Scenario 4: 92, 10, 11, 12, 13, 14
  Scenario 5: 15, 92, 16, 17, 18, 19, 117
  Scenario 6: 92, 10, 11, 12, 13, 14
Vehicle 87:
  Scenario 0: 15, 92, 10, 11, 12, 13, 14
  Scenario 1: 15, 16, 17, 107, 13, 14
  Scenario 2: 92, 15, 10, 11, 12, 13, 14
  Scenario 3: 15, 92, 10, 11, 12, 13, 14
  Scenario 4: 15, 92, 10, 11, 12, 13, 14
  Scenario 5: 92, 15, 16, 97, 11, 12, 13, 106, 8, 9, 56, 69
  Scenario 6: 15, 16, 17, 18, 112, 14
Vehicle 88:
  Scenario 0: 92, 10, 11, 12, 13, 14
  Scenario 1: 92, 10, 11, 12, 13, 14
  Scenario 2: 92, 10, 11, 12, 13, 14
  Scenario 3: 92, 10, 11, 12, 13, 14
  Scenario 4: 15, 92, 10, 11, 12, 13, 14
  Scenario 5: 15, 92, 10, 11, 12, 101, 7, 8, 9, 56
  Scenario 6: 15, 97, 11, 12, 13, 14
Vehicle 89:
  Scenario 0: 92, 10, 11, 12, 13, 14
  Scenario 1: 92, 10, 11, 12, 13, 14
  Scenario 2: 15, 92, 10, 11, 12, 13, 14
  Scenario 3: 15, 92, 10, 91, 5, 6, 95, 1, 2, 40, 7, 8, 9, 56
  Scenario 4: 15, 92, 10, 11, 12, 13, 106, 8, 9, 56
  Scenario 5: 15, 16, 17, 18, 112, 14
  Scenario 6: 92, 10, 11, 12, 13, 14
Vehicle 90:
  Scenario 0: 79, 78, 77, 102, 71, 70
  Scenario 1: 117, 79, 112, 73, 72, 71, 70
  Scenario 2: 79, 112, 73, 72, 71, 70
  Scenario 3: 79, 117, 74, 73, 72, 71, 70, 96, 65, 31
  Scenario 4: 117, 79, 74, 73, 72, 71, 70
  Scenario 5: 79, 78, 107, 106, 46, 41, 72, 71, 101, 100, 40, 35, 66, 36, 70
  Scenario 6: 79, 78, 77, 102, 71, 70
Vehicle 91:
  Scenario 0: 79, 112, 73, 72, 71, 70
  Scenario 1: 79, 112, 73, 72, 71, 70
  Scenario 2: 117, 79, 112, 73, 72, 71, 70
  Scenario 3: 117, 74, 73, 72, 71, 70
  Scenario 4: 117, 74, 73, 72, 71, 70
  Scenario 5: 79, 78, 112, 73, 72, 71, 70
  Scenario 6: 79, 78, 77, 76, 97, 70
Vehicle 92:
  Scenario 0: 79, 78, 77, 102, 71, 70
  Scenario 1: 79, 78, 77, 107, 72, 71, 70
  Scenario 2: 79, 78, 107, 72, 71, 70
  Scenario 3: 117, 74, 73, 72, 71, 101, 66, 65, 31
  Scenario 4: 117, 116, 69, 68, 46, 72, 71, 70
  Scenario 5: 117, 116, 56, 51, 115, 55, 64, 50, 68, 67, 66, 36, 65, 70
  Scenario 6: 79, 78, 107, 72, 71, 70
Vehicle 93:
  Scenario 0: 79, 112, 73, 72, 71, 70
  Scenario 1: 117, 79, 78, 77, 76, 97, 70
  Scenario 2: 117, 79, 112, 73, 72, 71, 70
  Scenario 3: 117, 79, 112, 73, 72, 71, 70
  Scenario 4: 117, 79, 112, 73, 72, 71, 70
  Scenario 5: 117, 79, 112, 73, 72, 71, 70
  Scenario 6: 117, 74, 73, 72, 71, 70
Vehicle 94:
  Scenario 0: 79, 78, 107, 72, 71, 70
  Scenario 1: 79, 117, 78, 112, 73, 72, 71, 70
  Scenario 2: 79, 117, 112, 73, 72, 71, 70
  Scenario 3: 117, 79, 112, 73, 111, 68, 67, 66, 65, 31
  Scenario 4: 79, 117, 78, 77, 76, 75, 92
  Scenario 5: 79, 117, 74, 73, 72, 106, 105, 67, 62, 61, 40, 41, 66, 101, 6, 100, 1, 35, 60, 65, 31
  Scenario 6: 79, 112, 73, 72, 71, 70
Vehicle 95:
  Scenario 0: 79, 78, 107, 72, 71, 70
  Scenario 1: 79, 78, 112, 73, 72, 71, 70
  Scenario 2: 79, 112, 73, 72, 71, 70
  Scenario 3: 79, 117, 74, 73, 72, 71, 70
  Scenario 4: 79, 117, 74, 73, 72, 71, 70
  Scenario 5: 117, 116, 69, 68, 110, 50, 51, 73, 72, 71, 70
  Scenario 6: 58, 84, 83, 82, 81, 80, 93, 92
Vehicle 96:
  Scenario 0: 79, 78, 77, 107, 72, 71, 70
  Scenario 1: 79, 78, 77, 107, 72, 71, 70
  Scenario 2: 79, 78, 107, 72, 71, 70
  Scenario 3: 79, 78, 107, 72, 71, 70
  Scenario 4: 79, 78, 77, 102, 71, 70
  Scenario 5: 79, 112, 73, 72, 71, 70
  Scenario 6: 79, 78, 107, 72, 71, 70
Vehicle 97:
  Scenario 0: 20, 93, 21, 103, 17, 18, 19, 78, 112, 14, 8, 73, 13, 116
  Scenario 1: 20, 93, 21, 103, 102, 12, 106, 8, 9
  Scenario 2: 20, 93, 21, 103, 102, 12, 106, 8, 9
  Scenario 3: 20, 93, 21, 22, 23, 113, 19, 117, 116
  Scenario 4: 20, 98, 97, 96, 6, 7, 8, 9
  Scenario 5: 93, 20, 21, 98, 16, 17, 18, 19, 117, 116
  Scenario 6: 93, 92, 91, 5, 6, 7, 8, 9
Vehicle 98:
  Scenario 0: 93, 20, 98, 16, 17, 18, 19, 117, 116
  Scenario 1: 93, 20, 98, 16, 17, 18, 19, 117, 116
  Scenario 2: 93, 20, 15, 16, 17, 18, 19, 117, 74, 116
  Scenario 3: 20, 21, 103, 17, 102, 12, 13, 14, 116
  Scenario 4: 20, 93, 15, 92, 10, 11, 12, 13, 111, 9
  Scenario 5: 20, 93, 15, 92, 10, 91, 5, 95, 1, 60, 0, 2, 3, 45, 8, 110, 63, 4, 50, 9
  Scenario 6: 20, 21, 22, 23, 113, 112, 111, 9
Vehicle 99:
  Scenario 0: 20, 98, 97, 11, 12, 13, 14, 116
  Scenario 1: 20, 98, 97, 96, 6, 7, 8, 9
  Scenario 2: 20, 21, 22, 108, 18, 19, 117, 116
  Scenario 3: 20, 98, 97, 96, 6, 7, 8, 9
  Scenario 4: 93, 15, 97, 11, 101, 7, 8, 9
  Scenario 5: 20, 21, 98, 97, 11, 12, 13, 14, 116
  Scenario 6: 93, 92, 10, 11, 101, 7, 8, 9
Vehicle 100:
  Scenario 0: 93, 20, 98, 16, 17, 18, 19, 117, 116
  Scenario 1: 93, 92, 91, 5, 6, 7, 8, 9
  Scenario 2: 93, 20, 21, 22, 23, 113, 112, 14, 116
  Scenario 3: 93, 20, 98, 16, 102, 12, 13, 14, 116
  Scenario 4: 20, 21, 22, 23, 113, 19, 117, 116
  Scenario 5: 20, 21, 22, 23, 113, 112, 111, 9
  Scenario 6: 20, 98, 97, 96, 6, 7, 8, 9
Vehicle 101:
  Scenario 0: 93, 20, 98, 16, 17, 18, 19, 78, 112, 111, 9
  Scenario 1: 93, 20, 98, 16, 102, 12, 106, 8, 9
  Scenario 2: 20, 93, 92, 10, 96, 6, 7, 8, 9
  Scenario 3: 20, 21, 22, 23, 113, 112, 14, 116
  Scenario 4: 20, 93, 92, 10, 91, 5, 90, 0, 1, 60, 2, 3, 4, 55
  Scenario 5: 20, 93, 15, 92, 10, 91, 5, 90, 0, 30, 1, 2, 3, 62, 4, 50, 9
  Scenario 6: 20, 21, 22, 23, 113, 112, 111, 9
Vehicle 102:
  Scenario 0: 20, 98, 16, 17, 18, 19, 117, 116
  Scenario 1: 93, 92, 10, 96, 6, 7, 8, 9
  Scenario 2: 93, 92, 91, 5, 6, 7, 8, 9
  Scenario 3: 93, 92, 91, 5, 6, 7, 8, 9
  Scenario 4: 20, 21, 22, 23, 24, 118, 117, 116
  Scenario 5: 20, 21, 98, 16, 97, 96, 6, 7, 8, 9
  Scenario 6: 93, 92, 10, 11, 12, 13, 14, 116
Vehicle 103:
  Scenario 0: 20, 21, 103, 17, 107, 13, 14, 116
  Scenario 1: 93, 92, 10, 96, 6, 7, 8, 9
  Scenario 2: 20, 98, 16, 17, 18, 112, 111, 9
  Scenario 3: 20, 21, 103, 17, 18, 112, 111, 14, 9
  Scenario 4: 20, 21, 22, 23, 113, 19, 117, 116
  Scenario 5: 93, 92, 91, 10, 5, 90, 0, 60, 1, 2, 61, 3, 4, 63, 55
  Scenario 6: 20, 21, 103, 17, 18, 112, 111, 9
Vehicle 104:
  Scenario 0: 84, 113, 78, 77, 76, 102, 101, 66, 65
  Scenario 1: 84, 83, 82, 103, 76, 97, 96, 65
  Scenario 2: 84, 83, 82, 81, 103, 102, 71, 70, 96, 65
  Scenario 3: 84, 113, 112, 73, 111, 68, 67, 66, 65
  Scenario 4: 118, 79, 112, 111, 68, 67, 66, 65
  Scenario 5: 118, 84, 83, 82, 81, 98, 97, 70, 91
  Scenario 6: 84, 113, 112, 73, 72, 71, 96, 65
Vehicle 105:
  Scenario 0: 118, 84, 113, 112, 73, 72, 101, 66, 65
  Scenario 1: 84, 83, 82, 103, 76, 75, 92, 91
  Scenario 2: 84, 83, 82, 81, 98, 97, 96, 65
  Scenario 3: 84, 83, 82, 81, 98, 75, 92, 91
  Scenario 4: 84, 83, 82, 81, 80, 93, 92, 91
  Scenario 5: 84, 83, 82, 81, 98, 75, 92, 10, 70, 91
  Scenario 6: 84, 113, 112, 73, 72, 71, 70, 91
Vehicle 106:
  Scenario 0: 84, 118, 79, 78, 77, 102, 101, 66, 65
  Scenario 1: 118, 117, 116, 69, 68, 67, 66, 65
  Scenario 2: 84, 83, 108, 77, 76, 75, 92, 91
  Scenario 3: 84, 83, 82, 81, 98, 97, 96, 65
  Scenario 4: 84, 113, 112, 73, 72, 71, 101, 66, 65
  Scenario 5: 84, 113, 112, 111, 68, 67, 66, 65, 95, 60, 30
  Scenario 6: 84, 83, 82, 81, 98, 97, 96, 65
Vehicle 107:
  Scenario 0: 84, 83, 82, 81, 98, 97, 96, 65
  Scenario 1: 84, 83, 82, 81, 98, 97, 96, 65
  Scenario 2: 84, 83, 82, 81, 98, 97, 96, 65
  Scenario 3: 84, 83, 82, 103, 102, 101, 66, 65
  Scenario 4: 84, 113, 78, 77, 107, 106, 67, 66, 65
  Scenario 5: 84, 113, 78, 77, 107, 72, 101, 66, 65, 95, 35
  Scenario 6: 118, 79, 78, 77, 76, 75, 92, 91
Vehicle 108:
  Scenario 0: 84, 118, 79, 78, 107, 106, 67, 66, 65
  Scenario 1: 84, 118, 113, 78, 77, 76, 102, 101, 66, 65
  Scenario 2: 118, 84, 79, 78, 77, 102, 71, 96, 65
  Scenario 3: 84, 118, 79, 112, 111, 68, 67, 66, 65
  Scenario 4: 118, 117, 116, 69, 68, 67, 66, 65
  Scenario 5: 118, 84, 83, 108, 77, 107, 106, 67, 66, 65
  Scenario 6: 84, 83, 82, 81, 98, 75, 92, 91
Vehicle 109:
  Scenario 0: 118, 84, 83, 82, 81, 98, 97, 96, 65
  Scenario 1: 84, 83, 108, 77, 76, 75, 92, 91
  Scenario 2: 84, 118, 83, 82, 81, 80, 93, 92, 91
  Scenario 3: 118, 84, 83, 108, 77, 76, 97, 96, 65
  Scenario 4: 84, 118, 113, 78, 107, 72, 101, 66, 65
  Scenario 5: 84, 118, 117, 74, 73, 106, 67, 66, 65
  Scenario 6: 84, 83, 108, 77, 76, 97, 70, 91
Vehicle 110:
  Scenario 0: 84, 113, 112, 73, 72, 101, 66, 65
  Scenario 1: 84, 83, 82, 81, 80, 93, 92, 91
  Scenario 2: 84, 83, 108, 107, 106, 67, 66, 65
  Scenario 3: 84, 83, 82, 81, 98, 75, 92, 91
  Scenario 4: 84, 113, 112, 111, 68, 67, 66, 65
  Scenario 5: 84, 113, 112, 111, 68, 67, 66, 65, 95, 35
  Scenario 6: 84, 113, 112, 111, 68, 67, 66, 65
Vehicle 111:
  Scenario 0: 25, 94, 20, 21, 98, 16, 17, 107, 13, 14, 116, 115
  Scenario 1: 25, 94, 26, 104, 22, 23, 24, 118, 117, 116, 115
  Scenario 2: 25, 26, 104, 22, 23, 24, 118, 117, 116, 115
  Scenario 3: 25, 94, 26, 27, 28, 114, 113, 112, 111, 110, 4
  Scenario 4: 25, 26, 104, 22, 23, 24, 118, 117, 116, 115
  Scenario 5: 25, 26, 27, 28, 114, 24, 118, 117, 116, 115
  Scenario 6: 94, 20, 21, 22, 23, 113, 19, 117, 116, 115
Vehicle 112:
  Scenario 0: 94, 25, 26, 99, 21, 103, 102, 12, 71, 96, 95, 1, 2, 3, 4
  Scenario 1: 25, 26, 104, 22, 23, 24, 118, 117, 116, 115
  Scenario 2: 25, 26, 27, 109, 23, 113, 19, 117, 116, 115
  Scenario 3: 25, 26, 104, 103, 17, 18, 19, 117, 116, 115
  Scenario 4: 25, 26, 27, 28, 114, 113, 112, 14, 116, 69, 110, 4
  Scenario 5: 25, 26, 27, 104, 22, 108, 107, 13, 14, 116, 115
  Scenario 6: 25, 99, 98, 97, 11, 12, 106, 105, 3, 4
Vehicle 113:
  Scenario 0: 25, 94, 20, 21, 103, 17, 18, 19, 117, 116, 115
  Scenario 1: 25, 26, 104, 22, 23, 113, 19, 117, 116, 115
  Scenario 2: 25, 26, 27, 28, 114, 113, 19, 117, 116, 115
  Scenario 3: 94, 25, 99, 98, 97, 96, 6, 100, 2, 3, 4
  Scenario 4: 25, 94, 20, 21, 98, 16, 17, 102, 101, 7, 8, 9, 115
  Scenario 5: 25, 99, 21, 98, 16, 97, 96, 95, 1, 2, 3, 4
  Scenario 6: 25, 26, 27, 109, 108, 107, 106, 105, 3, 4
Vehicle 114:
  Scenario 0: 94, 93, 15, 16, 102, 12, 13, 111, 9, 110, 4
  Scenario 1: 25, 94, 93, 15, 16, 97, 96, 6, 7, 105, 3, 4
  Scenario 2: 25, 94, 99, 98, 97, 96, 6, 7, 105, 3, 4
  Scenario 3: 94, 25, 26, 104, 103, 102, 12, 71, 11, 106, 8, 105, 9, 115
  Scenario 4: 25, 26, 27, 109, 108, 18, 107, 72, 12, 106, 8, 9, 115
  Scenario 5: 94, 25, 93, 92, 10, 11, 101, 100, 2, 3, 4, 50, 110
  Scenario 6: 94, 93, 92, 91, 90, 0, 1, 2, 3, 4
Vehicle 115:
  Scenario 0: 94, 20, 98, 16, 102, 12, 13, 14, 116, 115
  Scenario 1: 25, 99, 98, 16, 102, 101, 7, 8, 9, 115
  Scenario 2: 94, 25, 20, 21, 103, 17, 18, 112, 14, 116, 115
  Scenario 3: 94, 25, 20, 98, 97, 11, 101, 7, 8, 9, 115
  Scenario 4: 94, 25, 93, 92, 91, 90, 0, 1, 2, 3, 4
  Scenario 5: 94, 25, 20, 21, 98, 16, 97, 96, 95, 1, 2, 3, 4
  Scenario 6: 25, 26, 27, 28, 29, 119, 118, 117, 116, 115
Vehicle 116:
  Scenario 0: 94, 20, 21, 98, 16, 17, 107, 13, 73, 106, 8, 9, 115
  Scenario 1: 94, 20, 21, 22, 108, 107, 18, 19, 117, 116, 115
  Scenario 2: 94, 25, 93, 15, 16, 102, 101, 7, 8, 110, 4
  Scenario 3: 25, 26, 27, 109, 108, 18, 19, 117, 116, 115
  Scenario 4: 25, 26, 27, 28, 114, 24, 118, 117, 116, 115
  Scenario 5: 94, 93, 92, 91, 90, 0, 1, 2, 3, 4
  Scenario 6: 94, 20, 21, 103, 102, 101, 100, 2, 3, 4
Vehicle 117:
  Scenario 0: 94, 20, 93, 92, 10, 11, 12, 13, 72, 101, 7, 8, 9, 115
  Scenario 1: 25, 26, 104, 22, 23, 113, 19, 117, 116, 115
  Scenario 2: 25, 26, 104, 22, 23, 113, 19, 117, 116, 115
  Scenario 3: 25, 26, 27, 104, 103, 17, 18, 112, 111, 110, 4
  Scenario 4: 25, 26, 27, 104, 103, 102, 12, 13, 14, 116, 115
  Scenario 5: 25, 26, 104, 22, 108, 18, 112, 14, 111, 116, 115
  Scenario 6: 94, 20, 98, 97, 11, 101, 100, 2, 3, 4
Vehicle 118:
  Scenario 0: 94, 25, 99, 21, 98, 22, 103, 102, 12, 7, 72, 13, 73, 106, 8, 9, 68, 115
  Scenario 1: 94, 25, 99, 21, 22, 103, 17, 107, 106, 8, 110, 4
  Scenario 2: 25, 94, 20, 21, 103, 17, 102, 18, 19, 117, 116, 115
  Scenario 3: 94, 25, 26, 27, 28, 114, 24, 118, 117, 116, 115
  Scenario 4: 25, 94, 20, 98, 16, 97, 11, 96, 6, 7, 8, 9, 115
  Scenario 5: 25, 94, 20, 21, 98, 16, 17, 102, 12, 13, 72, 101, 66, 95, 1, 2, 3, 4
  Scenario 6: 94, 20, 21, 22, 23, 113, 19, 117, 116, 115
Vehicle 119:
  Scenario 0: 94, 93, 15, 97, 11, 12, 13, 106, 8, 9, 115
  Scenario 1: 25, 94, 93, 15, 16, 17, 18, 19, 117, 116, 115
  Scenario 2: 25, 94, 20, 21, 22, 23, 113, 19, 117, 116, 115
  Scenario 3: 25, 94, 20, 21, 103, 102, 12, 13, 111, 110, 4
  Scenario 4: 25, 94, 93, 92, 91, 90, 0, 1, 2, 3, 4
  Scenario 5: 25, 99, 21, 98, 97, 96, 95, 1, 2, 3, 4
  Scenario 6: 94, 93, 15, 97, 96, 6, 7, 8, 9, 115
Vehicle 120:
  Scenario 0: 25, 94, 93, 15, 16, 102, 12, 13, 14, 116, 115
  Scenario 1: 25, 94, 93, 92, 91, 90, 0, 1, 2, 3, 4
  Scenario 2: 25, 94, 20, 21, 98, 16, 17, 18, 19, 117, 116, 115
  Scenario 3: 94, 25, 93, 92, 91, 90, 0, 1, 2, 3, 4
  Scenario 4: 25, 94, 99, 98, 97, 96, 95, 1, 2, 3, 4
  Scenario 5: 25, 99, 21, 98, 16, 97, 96, 6, 7, 8, 9, 68, 105, 3, 4, 50, 110
  Scenario 6: 25, 99, 98, 97, 11, 101, 7, 8, 110, 4
Vehicle 121:
  Scenario 0: 94, 93, 15, 16, 17, 18, 112, 14, 116, 115
  Scenario 1: 94, 93, 15, 16, 17, 18, 19, 117, 116, 115
  Scenario 2: 94, 20, 98, 16, 102, 12, 13, 72, 101, 100, 2, 3, 4
  Scenario 3: 94, 20, 21, 22, 108, 18, 112, 14, 116, 115
  Scenario 4: 25, 94, 20, 21, 103, 102, 12, 13, 111, 9, 115
  Scenario 5: 94, 25, 99, 21, 98, 97, 11, 101, 100, 7, 8, 9, 115
  Scenario 6: 25, 26, 27, 28, 114, 24, 118, 117, 116, 115
Vehicle 122:
  Scenario 0: 25, 94, 20, 21, 98, 16, 102, 12, 13, 14, 116, 115
  Scenario 1: 25, 94, 20, 21, 103, 102, 101, 7, 8, 110, 4
  Scenario 2: 25, 94, 20, 21, 103, 102, 12, 106, 8, 9, 115
  Scenario 3: 25, 94, 20, 98, 16, 17, 102, 101, 7, 105, 3, 4
  Scenario 4: 25, 94, 93, 15, 97, 96, 95, 1, 2, 3, 4
  Scenario 5: 25, 94, 93, 15, 97, 96, 95, 1, 2, 3, 4
  Scenario 6: 25, 26, 27, 109, 108, 107, 13, 111, 110, 4
Vehicle 123:
  Scenario 0: 94, 20, 98, 97, 11, 96, 6, 7, 8, 9, 115
  Scenario 1: 25, 94, 20, 98, 97, 11, 12, 13, 111, 110, 4
  Scenario 2: 25, 94, 20, 93, 92, 10, 11, 101, 100, 2, 3, 4
  Scenario 3: 25, 94, 20, 98, 97, 96, 95, 1, 2, 3, 4
  Scenario 4: 25, 26, 27, 109, 108, 107, 13, 111, 9, 115
  Scenario 5: 25, 94, 20, 93, 15, 92, 91, 5, 90, 0, 1, 2, 3, 4, 50, 110
  Scenario 6: 94, 93, 92, 91, 90, 0, 1, 2, 3, 4
Vehicle 124:
  Scenario 0: 94, 25, 93, 15, 16, 17, 18, 107, 13, 14, 111, 9, 115
  Scenario 1: 25, 26, 27, 28, 114, 24, 118, 117, 116, 115
  Scenario 2: 94, 25, 26, 27, 104, 22, 23, 24, 118, 117, 116, 115
  Scenario 3: 25, 26, 27, 104, 22, 23, 113, 112, 14, 116, 115
  Scenario 4: 25, 94, 20, 21, 22, 23, 24, 118, 117, 116, 115
  Scenario 5: 25, 26, 27, 104, 22, 103, 17, 102, 12, 101, 7, 8, 9, 115
  Scenario 6: 25, 99, 21, 22, 108, 107, 106, 8, 9, 115
Vehicle 125:
  Scenario 0: 26, 99, 27, 104, 103, 17, 107, 106, 8, 110
  Scenario 1: 26, 99, 27, 109, 108, 18, 112, 111, 110
  Scenario 2: 26, 99, 27, 28, 114, 113, 112, 111, 110
  Scenario 3: 26, 99, 98, 16, 17, 107, 13, 111, 110
  Scenario 4: 26, 104, 22, 108, 107, 13, 111, 110
  Scenario 5: 99, 26, 104, 22, 108, 18, 112, 111, 68, 8, 110
  Scenario 6: 99, 98, 97, 96, 95, 1, 2, 3
Vehicle 126:
  Scenario 0: 99, 26, 27, 104, 22, 108, 107, 106, 8, 110
  Scenario 1: 99, 21, 22, 108, 18, 112, 111, 110
  Scenario 2: 26, 99, 98, 97, 11, 12, 106, 67, 100, 7, 8, 110
  Scenario 3: 99, 26, 98, 16, 102, 101, 100, 2, 3
  Scenario 4: 26, 99, 27, 104, 103, 102, 12, 106, 8, 110
  Scenario 5: 26, 104, 103, 102, 101, 100, 2, 3, 45, 8, 110
  Scenario 6: 99, 98, 97, 96, 6, 7, 8, 110
Vehicle 127:
  Scenario 0: 99, 26, 27, 109, 108, 107, 106, 8, 110
  Scenario 1: 26, 99, 21, 22, 108, 107, 13, 111, 110
  Scenario 2: 99, 26, 104, 22, 108, 18, 107, 106, 8, 110
  Scenario 3: 26, 27, 28, 114, 113, 112, 111, 110
  Scenario 4: 26, 104, 22, 108, 18, 112, 111, 68, 105, 3
  Scenario 5: 99, 26, 104, 103, 17, 107, 13, 111, 110
  Scenario 6: 26, 27, 109, 108, 107, 106, 8, 110
Vehicle 128:
  Scenario 0: 99, 98, 16, 97, 11, 12, 106, 8, 110
  Scenario 1: 99, 21, 22, 108, 107, 13, 111, 110
  Scenario 2: 99, 21, 98, 16, 102, 12, 106, 8, 110
  Scenario 3: 26, 27, 109, 23, 108, 107, 106, 105, 3
  Scenario 4: 26, 99, 21, 22, 23, 113, 112, 111, 110
  Scenario 5: 26, 99, 21, 98, 16, 17, 18, 112, 111, 110
  Scenario 6: 99, 98, 97, 96, 95, 1, 2, 3
Vehicle 129:
  Scenario 0: 99, 21, 98, 16, 17, 102, 101, 7, 8, 110
  Scenario 1: 99, 21, 103, 102, 101, 100, 2, 3
  Scenario 2: 99, 98, 97, 96, 6, 100, 2, 3
  Scenario 3: 99, 98, 97, 96, 95, 1, 2, 3
  Scenario 4: 26, 99, 21, 98, 16, 17, 18, 112, 111, 110
  Scenario 5: 99, 21, 98, 97, 96, 65, 90, 0, 1, 2, 3
  Scenario 6: 99, 98, 97, 11, 12, 106, 8, 110
Vehicle 130:
  Scenario 0: 99, 21, 22, 108, 107, 106, 8, 110
  Scenario 1: 99, 21, 22, 108, 107, 106, 105, 3
  Scenario 2: 99, 21, 22, 23, 113, 112, 111, 110
  Scenario 3: 99, 21, 103, 17, 18, 107, 13, 111, 110
  Scenario 4: 99, 21, 103, 102, 101, 12, 106, 105, 3
  Scenario 5: 99, 21, 103, 17, 18, 112, 111, 110
  Scenario 6: 26, 27, 28, 114, 113, 112, 111, 110
Vehicle 131:
  Scenario 0: 99, 21, 22, 103, 17, 107, 106, 8, 110
  Scenario 1: 26, 27, 109, 108, 107, 106, 8, 67, 100, 2, 3
  Scenario 2: 26, 27, 109, 108, 18, 112, 111, 110
  Scenario 3: 26, 27, 109, 108, 18, 112, 111, 110
  Scenario 4: 26, 27, 109, 108, 107, 13, 111, 68, 8, 105, 3
  Scenario 5: 26, 27, 28, 114, 113, 112, 111, 110
  Scenario 6: 99, 98, 97, 96, 95, 1, 2, 3
Vehicle 132:
  Scenario 0: 27, 104, 22, 108, 107, 106, 105
  Scenario 1: 27, 104, 103, 102, 12, 106, 105
  Scenario 2: 27, 104, 103, 17, 107, 106, 105
  Scenario 3: 27, 104, 103, 17, 107, 106, 105
  Scenario 4: 104, 103, 102, 71, 11, 96, 95, 1, 2
  Scenario 5: 27, 104, 103, 17, 102, 101, 100, 2, 40, 7, 67, 105
  Scenario 6: 27, 109, 108, 107, 106, 105
Vehicle 133:
  Scenario 0: 104, 22, 103, 108, 107, 106, 105
  Scenario 1: 104, 22, 103, 108, 107, 106, 105
  Scenario 2: 104, 22, 103, 108, 107, 106, 105
  Scenario 3: 104, 22, 103, 108, 107, 106, 105
  Scenario 4: 27, 104, 103, 17, 102, 107, 106, 105
  Scenario 5: 104, 103, 17, 102, 107, 106, 105
  Scenario 6: 104, 103, 17, 107, 106, 105
Vehicle 134:
  Scenario 0: 27, 104, 22, 108, 107, 106, 105
  Scenario 1: 27, 104, 103, 17, 107, 106, 105
  Scenario 2: 27, 104, 103, 102, 12, 101, 106, 105
  Scenario 3: 27, 104, 103, 17, 107, 106, 105
  Scenario 4: 27, 104, 103, 102, 12, 101, 106, 105
  Scenario 5: 27, 104, 103, 102, 12, 101, 106, 105
  Scenario 6: 27, 109, 108, 107, 106, 105
Vehicle 135:
  Scenario 0: 27, 104, 22, 108, 107, 106, 105
  Scenario 1: 104, 103, 102, 101, 100, 2
  Scenario 2: 104, 103, 17, 107, 106, 105
  Scenario 3: 104, 103, 102, 12, 71, 96, 95, 1, 2
  Scenario 4: 104, 103, 102, 101, 7, 105
  Scenario 5: 104, 103, 102, 71, 96, 65, 90, 0, 1, 2
  Scenario 6: 104, 22, 108, 107, 106, 105
Vehicle 136:
  Scenario 0: 104, 22, 103, 108, 107, 106, 105
  Scenario 1: 27, 104, 22, 108, 107, 106, 105
  Scenario 2: 27, 104, 22, 108, 107, 106, 105
  Scenario 3: 104, 27, 109, 108, 107, 106, 105
  Scenario 4: 104, 22, 108, 107, 106, 105
  Scenario 5: 27, 109, 108, 107, 106, 67, 7, 105
  Scenario 6: 104, 103, 102, 101, 7, 105
Vehicle 137:
  Scenario 0: 104, 22, 108, 107, 106, 105
  Scenario 1: 104, 103, 102, 101, 100, 2
  Scenario 2: 104, 103, 102, 101, 100, 2
  Scenario 3: 104, 103, 102, 101, 7, 105
  Scenario 4: 104, 103, 102, 101, 100, 2
  Scenario 5: 104, 103, 102, 101, 7, 105
  Scenario 6: 27, 109, 108, 107, 106, 105
Vehicle 138:
  Scenario 0: 104, 22, 108, 107, 106, 105
  Scenario 1: 104, 103, 17, 107, 106, 105
  Scenario 2: 104, 103, 102, 71, 96, 95, 1, 2
  Scenario 3: 104, 103, 102, 101, 100, 2
  Scenario 4: 104, 103, 102, 71, 96, 6, 7, 105
  Scenario 5: 104, 103, 102, 71, 96, 6, 7, 67, 105
  Scenario 6: 104, 103, 102, 12, 106, 105
Vehicle 139:
  Scenario 0: 109, 87, 108, 107, 106, 105, 62
  Scenario 1: 109, 87, 108, 107, 106, 105, 62
  Scenario 2: 109, 87, 108, 107, 106, 105, 62
  Scenario 3: 109, 108, 107, 106, 8, 110, 63, 62
  Scenario 4: 109, 108, 107, 106, 8, 68, 67, 100
  Scenario 5: 109, 108, 107, 106, 8, 110, 63, 62
  Scenario 6: 109, 108, 107, 106, 67, 100
Vehicle 140:
  Scenario 0: 109, 108, 107, 106, 105, 62
  Scenario 1: 109, 108, 107, 106, 105, 62
  Scenario 2: 109, 108, 107, 106, 105, 62
  Scenario 3: 87, 104, 103, 102, 101, 100
  Scenario 4: 109, 82, 103, 102, 101, 100
  Scenario 5: 87, 104, 103, 102, 101, 100
  Scenario 6: 109, 108, 107, 106, 105, 62
Vehicle 141:
  Scenario 0: 109, 108, 107, 106, 105, 62
  Scenario 1: 87, 109, 82, 103, 102, 101, 100
  Scenario 2: 109, 87, 108, 107, 106, 67, 100
  Scenario 3: 109, 87, 104, 103, 102, 101, 100
  Scenario 4: 87, 109, 108, 107, 106, 105, 62
  Scenario 5: 109, 108, 107, 106, 67, 100
  Scenario 6: 109, 108, 107, 106, 105, 62
Vehicle 142:
  Scenario 0: 109, 87, 108, 107, 72, 101, 100
  Scenario 1: 109, 87, 108, 107, 106, 105, 62
  Scenario 2: 109, 87, 108, 107, 106, 105, 62
  Scenario 3: 87, 109, 108, 107, 106, 105, 62
  Scenario 4: 109, 87, 108, 107, 106, 105, 62
  Scenario 5: 87, 109, 108, 107, 106, 105, 62
  Scenario 6: 87, 86, 99, 98, 97, 96, 95, 1
Vehicle 143:
  Scenario 0: 109, 87, 108, 107, 106, 105, 62
  Scenario 1: 109, 108, 107, 106, 67, 100
  Scenario 2: 109, 87, 108, 107, 106, 67, 100
  Scenario 3: 87, 109, 104, 103, 102, 101, 100
  Scenario 4: 109, 108, 107, 106, 105, 62
  Scenario 5: 109, 108, 107, 106, 105, 45, 62, 8, 110, 63
  Scenario 6: 28, 114, 113, 112, 111, 68, 67, 100
Vehicle 144:
  Scenario 0: 109, 87, 108, 107, 106, 105, 62
  Scenario 1: 87, 109, 108, 107, 106, 67, 100
  Scenario 2: 87, 109, 104, 103, 102, 101, 100
  Scenario 3: 87, 104, 103, 102, 101, 100
  Scenario 4: 87, 104, 103, 102, 101, 100
  Scenario 5: 109, 87, 104, 103, 102, 101, 100
  Scenario 6: 87, 104, 103, 102, 101, 100
Vehicle 145:
  Scenario 0: 109, 87, 108, 107, 106, 105, 62
  Scenario 1: 109, 108, 107, 106, 67, 100
  Scenario 2: 109, 87, 82, 103, 102, 101, 100
  Scenario 3: 109, 108, 107, 106, 105, 62
  Scenario 4: 109, 108, 107, 106, 67, 100
  Scenario 5: 109, 108, 107, 106, 67, 100
  Scenario 6: 109, 108, 107, 72, 101, 100
Vehicle 146:
  Scenario 0: 114, 83, 82, 103, 102, 101, 100, 61
  Scenario 1: 114, 83, 82, 81, 98, 97, 96, 95
  Scenario 2: 88, 109, 108, 107, 106, 67, 100, 61
  Scenario 3: 88, 87, 104, 103, 102, 101, 66, 95
  Scenario 4: 88, 87, 104, 103, 102, 101, 100, 40, 61, 66, 95
  Scenario 5: 88, 87, 86, 99, 98, 97, 96, 95
  Scenario 6: 114, 113, 112, 73, 72, 101, 66, 95
Vehicle 147:
  Scenario 0: 114, 88, 109, 108, 107, 72, 101, 100, 61
  Scenario 1: 88, 87, 104, 103, 102, 71, 96, 95
  Scenario 2: 114, 88, 87, 104, 81, 98, 97, 96, 95
  Scenario 3: 88, 87, 104, 103, 76, 97, 96, 95
  Scenario 4: 88, 87, 109, 108, 107, 72, 101, 66, 95
  Scenario 5: 88, 114, 113, 78, 112, 73, 111, 68, 67, 105, 62, 40, 66, 65, 90, 0
  Scenario 6: 114, 113, 112, 111, 110, 63, 62, 61
Vehicle 148:
  Scenario 0: 88, 114, 83, 108, 77, 76, 97, 96, 95
  Scenario 1: 88, 114, 83, 108, 77, 76, 97, 96, 95
  Scenario 2: 114, 88, 87, 104, 103, 76, 97, 96, 95
  Scenario 3: 114, 88, 87, 104, 81, 98, 97, 96, 65, 90, 0
  Scenario 4: 88, 114, 109, 108, 107, 72, 101, 100, 61
  Scenario 5: 88, 87, 104, 103, 102, 71, 96, 95
  Scenario 6: 114, 113, 112, 73, 72, 101, 66, 95
Vehicle 149:
  Scenario 0: 114, 83, 108, 107, 106, 67, 66, 100, 61
  Scenario 1: 88, 114, 83, 108, 107, 72, 71, 96, 95
  Scenario 2: 88, 109, 108, 107, 72, 71, 96, 95
  Scenario 3: 88, 87, 104, 103, 102, 101, 66, 95
  Scenario 4: 88, 114, 83, 113, 78, 77, 107, 72, 71, 96, 65, 5, 95
  Scenario 5: 88, 87, 86, 104, 103, 102, 101, 66, 95
  Scenario 6: 114, 83, 82, 103, 102, 101, 66, 95
Vehicle 150:
  Scenario 0: 114, 88, 113, 112, 73, 106, 105, 62, 61
  Scenario 1: 114, 88, 83, 82, 103, 102, 101, 100, 61
  Scenario 2: 88, 114, 113, 112, 111, 110, 63, 62, 61
  Scenario 3: 88, 114, 113, 78, 112, 77, 102, 101, 100, 61
  Scenario 4: 88, 109, 108, 107, 72, 101, 66, 95
  Scenario 5: 88, 114, 87, 86, 99, 98, 97, 96, 95
  Scenario 6: 88, 87, 104, 81, 98, 97, 96, 95
Vehicle 151:
  Scenario 0: 114, 88, 109, 108, 107, 72, 106, 101, 100, 61
  Scenario 1: 88, 109, 108, 107, 106, 67, 100, 61
  Scenario 2: 88, 87, 109, 82, 103, 102, 101, 66, 95
  Scenario 3: 114, 88, 109, 108, 107, 72, 71, 96, 95
  Scenario 4: 88, 109, 82, 103, 102, 101, 100, 61
  Scenario 5: 114, 88, 87, 104, 103, 102, 101, 100, 40, 7, 105, 62, 61
  Scenario 6: 114, 113, 112, 73, 106, 67, 66, 95
Vehicle 152:
  Scenario 0: 114, 113, 78, 112, 107, 72, 101, 100, 61
  Scenario 1: 88, 114, 113, 112, 111, 68, 67, 66, 95
  Scenario 2: 88, 109, 108, 107, 106, 67, 100, 61
  Scenario 3: 88, 109, 108, 107, 106, 105, 62, 61
  Scenario 4: 88, 114, 83, 108, 107, 72, 71, 101, 100, 61
  Scenario 5: 88, 109, 82, 81, 98, 97, 96, 65, 31, 10, 5, 95
  Scenario 6: 114, 113, 78, 107, 106, 67, 66, 95
Vehicle 153:
  Scenario 0: 89, 119, 84, 83, 82, 103, 76, 97, 96, 65, 90
  Scenario 1: 119, 118, 79, 112, 111, 110, 63, 62, 61, 60
  Scenario 2: 89, 114, 113, 78, 107, 72, 71, 96, 65, 90
  Scenario 3: 89, 88, 87, 86, 99, 80, 93, 92, 91, 90
  Scenario 4: 89, 114, 113, 78, 77, 76, 97, 96, 95, 35, 65, 90
  Scenario 5: 89, 88, 87, 86, 99, 80, 93, 92, 91, 90
  Scenario 6: 119, 118, 79, 112, 111, 110, 63, 62, 61, 60
Vehicle 154:
  Scenario 0: 89, 119, 84, 83, 108, 107, 72, 106, 71, 96, 95, 60
  Scenario 1: 89, 114, 83, 82, 103, 102, 101, 66, 95, 60
  Scenario 2: 89, 88, 87, 86, 99, 80, 93, 92, 91, 90
  Scenario 3: 89, 88, 87, 86, 85, 94, 93, 92, 91, 90
  Scenario 4: 89, 88, 87, 86, 99, 98, 97, 70, 91, 90
  Scenario 5: 89, 88, 87, 86, 99, 98, 97, 70, 91, 90
  Scenario 6: 89, 114, 113, 112, 111, 68, 67, 66, 95, 60
Vehicle 155:
  Scenario 0: 89, 119, 118, 79, 112, 73, 106, 67, 100, 61, 60
  Scenario 1: 89, 88, 109, 108, 107, 106, 67, 100, 61, 60
  Scenario 2: 89, 88, 109, 82, 81, 98, 75, 92, 91, 5, 65, 90
  Scenario 3: 89, 88, 87, 86, 85, 94, 93, 92, 91, 90
  Scenario 4: 89, 88, 87, 104, 103, 102, 101, 100, 61, 35, 36, 96, 95, 65, 90
  Scenario 5: 89, 88, 87, 86, 85, 94, 93, 92, 91, 5, 95, 35, 60
  Scenario 6: 119, 84, 113, 112, 73, 72, 71, 96, 95, 60
Vehicle 156:
  Scenario 0: 119, 118, 79, 112, 73, 72, 101, 66, 95, 60
  Scenario 1: 89, 88, 87, 86, 99, 98, 97, 96, 65, 90
  Scenario 2: 89, 88, 87, 86, 99, 98, 75, 92, 91, 90
  Scenario 3: 89, 88, 87, 104, 103, 102, 71, 96, 95, 60
  Scenario 4: 89, 88, 87, 86, 99, 98, 97, 96, 95, 60
  Scenario 5: 89, 88, 87, 86, 99, 98, 97, 96, 95, 35, 60
  Scenario 6: 119, 84, 113, 112, 73, 72, 71, 96, 95, 60
Vehicle 157:
  Scenario 0: 119, 118, 117, 74, 73, 106, 67, 100, 61, 60
  Scenario 1: 119, 84, 83, 82, 81, 98, 97, 96, 95, 60
  Scenario 2: 119, 84, 83, 82, 81, 98, 97, 96, 95, 60
  Scenario 3: 119, 84, 83, 82, 81, 80, 93, 92, 91, 90
  Scenario 4: 119, 84, 83, 82, 103, 76, 75, 92, 91, 90
  Scenario 5: 119, 84, 83, 82, 103, 76, 75, 92, 91, 5, 95, 60
  Scenario 6: 89, 88, 87, 86, 85, 94, 93, 92, 91, 90
Vehicle 158:
  Scenario 0: 89, 88, 109, 108, 107, 106, 67, 100, 61, 66, 60
  Scenario 1: 89, 88, 87, 104, 81, 98, 97, 96, 65, 90
  Scenario 2: 89, 114, 83, 82, 81, 103, 102, 71, 96, 95, 60
  Scenario 3: 89, 88, 87, 86, 99, 98, 97, 96, 95, 60
  Scenario 4: 89, 88, 87, 104, 81, 98, 97, 96, 95, 60
  Scenario 5: 89, 88, 87, 86, 99, 98, 97, 96, 6, 66, 95, 35, 65, 90
  Scenario 6: 89, 88, 87, 86, 99, 80, 93, 92, 91, 90
Vehicle 159:
  Scenario 0: 119, 84, 83, 108, 107, 72, 101, 66, 65, 90
  Scenario 1: 119, 84, 83, 82, 103, 76, 75, 92, 91, 90
  Scenario 2: 89, 88, 109, 82, 103, 76, 97, 96, 65, 90, 95
  Scenario 3: 89, 88, 87, 86, 104, 81, 80, 93, 92, 91, 90
  Scenario 4: 89, 88, 87, 104, 103, 76, 97, 70, 91, 5, 95, 60
  Scenario 5: 89, 114, 83, 82, 103, 76, 75, 92, 91, 90
  Scenario 6: 119, 118, 117, 116, 69, 68, 67, 66, 65, 90
Vehicle 160:
  Scenario 0: 119, 84, 113, 112, 111, 68, 67, 100, 61, 60
  Scenario 1: 89, 88, 87, 86, 99, 98, 75, 92, 91, 90
  Scenario 2: 89, 114, 83, 108, 107, 106, 67, 66, 65, 95, 60
  Scenario 3: 89, 88, 109, 82, 81, 80, 93, 92, 91, 90
  Scenario 4: 89, 114, 83, 108, 107, 72, 71, 96, 95, 35, 60
  Scenario 5: 119, 84, 83, 82, 103, 76, 75, 92, 91, 90
  Scenario 6: 119, 118, 79, 112, 111, 110, 63, 62, 61, 60
Vehicle 161:
  Scenario 0: 89, 119, 84, 113, 83, 82, 103, 76, 97, 96, 95, 60
  Scenario 1: 89, 88, 87, 86, 99, 98, 75, 92, 91, 90
  Scenario 2: 89, 119, 84, 83, 82, 81, 80, 93, 92, 91, 90
  Scenario 3: 89, 119, 84, 83, 82, 81, 80, 93, 92, 91, 90
  Scenario 4: 89, 88, 87, 86, 99, 80, 93, 92, 91, 5, 95, 60
  Scenario 5: 89, 119, 84, 83, 113, 112, 111, 73, 68, 67, 105, 62, 61, 35, 60
  Scenario 6: 119, 84, 83, 108, 77, 76, 97, 96, 95, 60
Vehicle 162:
  Scenario 0: 89, 88, 109, 108, 107, 77, 102, 101, 100, 61, 60
  Scenario 1: 89, 88, 87, 86, 99, 98, 97, 96, 65, 90
  Scenario 2: 89, 88, 87, 86, 99, 80, 93, 92, 91, 90
  Scenario 3: 89, 88, 87, 86, 85, 94, 93, 92, 91, 90
  Scenario 4: 89, 88, 114, 83, 113, 112, 111, 110, 63, 62, 61, 60
  Scenario 5: 89, 88, 87, 86, 99, 98, 75, 92, 91, 90
  Scenario 6: 119, 84, 83, 82, 81, 80, 93, 92, 91, 90
Vehicle 163:
  Scenario 0: 89, 88, 109, 108, 107, 106, 67, 66, 95, 60
  Scenario 1: 89, 88, 87, 86, 85, 94, 93, 92, 91, 90
  Scenario 2: 89, 114, 113, 112, 111, 110, 63, 62, 61, 60
  Scenario 3: 89, 88, 114, 113, 112, 111, 68, 105, 62, 61, 35, 60, 95
  Scenario 4: 89, 88, 114, 83, 82, 81, 80, 93, 92, 91, 90
  Scenario 5: 89, 88, 114, 83, 113, 112, 73, 111, 68, 67, 110, 63, 62, 61, 60
  Scenario 6: 89, 88, 87, 86, 99, 98, 97, 96, 95, 60
Vehicle 164:
  Scenario 0: 89, 119, 84, 83, 82, 103, 102, 101, 100, 61, 60
  Scenario 1: 89, 119, 84, 83, 82, 103, 102, 101, 100, 61, 60
  Scenario 2: 89, 119, 84, 83, 82, 108, 107, 72, 101, 66, 95, 60
  Scenario 3: 89, 88, 87, 104, 81, 98, 97, 96, 95, 60
  Scenario 4: 89, 88, 87, 86, 99, 98, 97, 70, 91, 90
  Scenario 5: 89, 88, 87, 86, 85, 94, 93, 92, 91, 90
  Scenario 6: 89, 88, 87, 86, 85, 94, 93, 92, 91, 90
Vehicle 165:
  Scenario 0: 89, 114, 113, 112, 73, 106, 72, 101, 100, 61, 60
  Scenario 1: 89, 88, 87, 109, 108, 107, 106, 105, 62, 61, 60
  Scenario 2: 89, 114, 113, 112, 73, 106, 67, 72, 71, 96, 95, 60
  Scenario 3: 89, 114, 83, 82, 81, 80, 93, 92, 91, 90
  Scenario 4: 89, 88, 87, 86, 85, 94, 93, 92, 91, 5, 6, 65, 66, 95, 60
  Scenario 5: 89, 88, 87, 86, 85, 94, 93, 92, 91, 90
  Scenario 6: 89, 88, 87, 86, 85, 94, 93, 92, 91, 90
Vehicle 166:
  Scenario 0: 89, 114, 113, 112, 111, 68, 67, 105, 62, 61, 60
  Scenario 1: 89, 88, 87, 104, 103, 102, 101, 66, 65, 90
  Scenario 2: 89, 88, 87, 86, 99, 80, 93, 92, 91, 90
  Scenario 3: 89, 88, 87, 86, 99, 98, 75, 92, 91, 90
  Scenario 4: 89, 88, 87, 109, 82, 81, 80, 93, 92, 91, 90
  Scenario 5: 89, 88, 109, 82, 81, 98, 97, 70, 91, 5, 95, 60, 35, 65
  Scenario 6: 119, 118, 117, 116, 115, 64, 63, 62, 61, 60
Vehicle 167:
  Scenario 0: 
  Scenario 1: 
  Scenario 2: 
  Scenario 3: 
  Scenario 4: 
  Scenario 5: 
  Scenario 6: 
Vehicle 168:
  Scenario 0: 
  Scenario 1: 
  Scenario 2: 
  Scenario 3: 
  Scenario 4: 
  Scenario 5: 
  Scenario 6: 
Vehicle 169:
  Scenario 0: 
  Scenario 1: 
  Scenario 2: 
  Scenario 3: 
  Scenario 4: 
  Scenario 5: 
  Scenario 6: 
Vehicle 170:
  Scenario 0: 
  Scenario 1: 
  Scenario 2: 
  Scenario 3: 
  Scenario 4: 
  Scenario 5: 
  Scenario 6: 
Vehicle 171:
  Scenario 0: 
  Scenario 1: 
  Scenario 2: 
  Scenario 3: 
  Scenario 4: 
  Scenario 5: 
  Scenario 6: 
Vehicle 172:
  Scenario 0: 
  Scenario 1: 
  Scenario 2: 
  Scenario 3: 
  Scenario 4: 
  Scenario 5: 
  Scenario 6: 
Vehicle 173:
  Scenario 0: 
  Scenario 1: 
  Scenario 2: 
  Scenario 3: 
  Scenario 4: 
  Scenario 5: 
  Scenario 6: 
Vehicle 174:
  Scenario 0: 
  Scenario 1: 
  Scenario 2: 
  Scenario 3: 
  Scenario 4: 
  Scenario 5: 
  Scenario 6: 
Vehicle 175:
  Scenario 0: 
  Scenario 1: 
  Scenario 2: 
  Scenario 3: 
  Scenario 4: 
  Scenario 5: 
  Scenario 6: 
Vehicle 176:
  Scenario 0: 
  Scenario 1: 
  Scenario 2: 
  Scenario 3: 
  Scenario 4: 
  Scenario 5: 
  Scenario 6: 
Vehicle 177:
  Scenario 0: 
  Scenario 1: 
  Scenario 2: 
  Scenario 3: 
  Scenario 4: 
  Scenario 5: 
  Scenario 6: 
Vehicle 178:
  Scenario 0: 
  Scenario 1: 
  Scenario 2: 
  Scenario 3: 
  Scenario 4: 
  Scenario 5: 
  Scenario 6: 
Vehicle 179:
  Scenario 0: 
  Scenario 1: 
  Scenario 2: 
  Scenario 3: 
  Scenario 4: 
  Scenario 5: 
  Scenario 6: 
Vehicle 180:
  Scenario 0: 
  Scenario 1: 
  Scenario 2: 
  Scenario 3: 
  Scenario 4: 
  Scenario 5: 
  Scenario 6: 
Vehicle 181:
  Scenario 0: 
  Scenario 1: 
  Scenario 2: 
  Scenario 3: 
  Scenario 4: 
  Scenario 5: 
  Scenario 6: 
Vehicle 182:
  Scenario 0: 
  Scenario 1: 
  Scenario 2: 
  Scenario 3: 
  Scenario 4: 
  Scenario 5: 
  Scenario 6: 
Vehicle 183:
  Scenario 0: 
  Scenario 1: 
  Scenario 2: 
  Scenario 3: 
  Scenario 4: 
  Scenario 5: 
  Scenario 6: 
Vehicle 184:
  Scenario 0: 
  Scenario 1: 
  Scenario 2: 
  Scenario 3: 
  Scenario 4: 
  Scenario 5: 
  Scenario 6: 
Vehicle 185:
  Scenario 0: 
  Scenario 1: 
  Scenario 2: 
  Scenario 3: 
  Scenario 4: 
  Scenario 5: 
  Scenario 6: 
Vehicle 186:
  Scenario 0: 
  Scenario 1: 
  Scenario 2: 
  Scenario 3: 
  Scenario 4: 
  Scenario 5: 
  Scenario 6: 
Vehicle 187:
  Scenario 0: 
  Scenario 1: 
  Scenario 2: 
  Scenario 3: 
  Scenario 4: 
  Scenario 5: 
  Scenario 6: 
Vehicle 188:
  Scenario 0: 
  Scenario 1: 
  Scenario 2: 
  Scenario 3: 
  Scenario 4: 
  Scenario 5: 
  Scenario 6: 
Vehicle 189:
  Scenario 0: 
  Scenario 1: 
  Scenario 2: 
  Scenario 3: 
  Scenario 4: 
  Scenario 5: 
  Scenario 6: 
Vehicle 190:
  Scenario 0: 
  Scenario 1: 
  Scenario 2: 
  Scenario 3: 
  Scenario 4: 
  Scenario 5: 
  Scenario 6: 
Vehicle 191:
  Scenario 0: 
  Scenario 1: 
  Scenario 2: 
  Scenario 3: 
  Scenario 4: 
  Scenario 5: 
  Scenario 6: 
Vehicle 192:
  Scenario 0: 
  Scenario 1: 
  Scenario 2: 
  Scenario 3: 
  Scenario 4: 
  Scenario 5: 
  Scenario 6: 
Vehicle 193:
  Scenario 0: 
  Scenario 1: 
  Scenario 2: 
  Scenario 3: 
  Scenario 4: 
  Scenario 5: 
  Scenario 6: 
Vehicle 194:
  Scenario 0: 
  Scenario 1: 
  Scenario 2: 
  Scenario 3: 
  Scenario 4: 
  Scenario 5: 
  Scenario 6: 
Vehicle 195:
  Scenario 0: 
  Scenario 1: 
  Scenario 2: 
  Scenario 3: 
  Scenario 4: 
  Scenario 5: 
  Scenario 6: 
Vehicle 196:
  Scenario 0: 
  Scenario 1: 
  Scenario 2: 
  Scenario 3: 
  Scenario 4: 
  Scenario 5: 
  Scenario 6: 
Vehicle 197:
  Scenario 0: 
  Scenario 1: 
  Scenario 2: 
  Scenario 3: 
  Scenario 4: 
  Scenario 5: 
  Scenario 6: 
Vehicle 198:
  Scenario 0: 
  Scenario 1: 
  Scenario 2: 
  Scenario 3: 
  Scenario 4: 
  Scenario 5: 
  Scenario 6: 
Vehicle 199:
  Scenario 0: 
  Scenario 1: 
  Scenario 2: 
  Scenario 3: 
  Scenario 4: 
  Scenario 5: 
  Scenario 6: 
Vehicle 200:
  Scenario 0: 
  Scenario 1: 
  Scenario 2: 
  Scenario 3: 
  Scenario 4: 
  Scenario 5: 
  Scenario 6: 
Vehicle 201:
  Scenario 0: 
  Scenario 1: 
  Scenario 2: 
  Scenario 3: 
  Scenario 4: 
  Scenario 5: 
  Scenario 6: 
Vehicle 202:
  Scenario 0: 
  Scenario 1: 
  Scenario 2: 
  Scenario 3: 
  Scenario 4: 
  Scenario 5: 
  Scenario 6: 
Vehicle 203:
  Scenario 0: 
  Scenario 1: 
  Scenario 2: 
  Scenario 3: 
  Scenario 4: 
  Scenario 5: 
  Scenario 6: 
Vehicle 204:
  Scenario 0: 
  Scenario 1: 
  Scenario 2: 
  Scenario 3: 
  Scenario 4: 
  Scenario 5: 
  Scenario 6: 
Vehicle 205:
  Scenario 0: 
  Scenario 1: 
  Scenario 2: 
  Scenario 3: 
  Scenario 4: 
  Scenario 5: 
  Scenario 6: 
Vehicle 206:
  Scenario 0: 
  Scenario 1: 
  Scenario 2: 
  Scenario 3: 
  Scenario 4: 
  Scenario 5: 
  Scenario 6: 
Vehicle 207:
  Scenario 0: 
  Scenario 1: 
  Scenario 2: 
  Scenario 3: 
  Scenario 4: 
  Scenario 5: 
  Scenario 6: 
Vehicle 208:
  Scenario 0: 
  Scenario 1: 
  Scenario 2: 
  Scenario 3: 
  Scenario 4: 
  Scenario 5: 
  Scenario 6: 
Vehicle 209:
  Scenario 0: 
  Scenario 1: 
  Scenario 2: 
  Scenario 3: 
  Scenario 4: 
  Scenario 5: 
  Scenario 6: 
Vehicle 210:
  Scenario 0: 
  Scenario 1: 
  Scenario 2: 
  Scenario 3: 
  Scenario 4: 
  Scenario 5: 
  Scenario 6: 
Vehicle 211:
  Scenario 0: 
  Scenario 1: 
  Scenario 2: 
  Scenario 3: 
  Scenario 4: 
  Scenario 5: 
  Scenario 6: 
Vehicle 212:
  Scenario 0: 
  Scenario 1: 
  Scenario 2: 
  Scenario 3: 
  Scenario 4: 
  Scenario 5: 
  Scenario 6: 
Vehicle 213:
  Scenario 0: 
  Scenario 1: 
  Scenario 2: 
  Scenario 3: 
  Scenario 4: 
  Scenario 5: 
  Scenario 6: 
Vehicle 214:
  Scenario 0: 
  Scenario 1: 
  Scenario 2: 
  Scenario 3: 
  Scenario 4: 
  Scenario 5: 
  Scenario 6: 
Vehicle 215:
  Scenario 0: 
  Scenario 1: 
  Scenario 2: 
  Scenario 3: 
  Scenario 4: 
  Scenario 5: 
  Scenario 6: 
Vehicle 216:
  Scenario 0: 
  Scenario 1: 
  Scenario 2: 
  Scenario 3: 
  Scenario 4: 
  Scenario 5: 
  Scenario 6: 
Vehicle 217:
  Scenario 0: 
  Scenario 1: 
  Scenario 2: 
  Scenario 3: 
  Scenario 4: 
  Scenario 5: 
  Scenario 6: 
Vehicle 218:
  Scenario 0: 
  Scenario 1: 
  Scenario 2: 
  Scenario 3: 
  Scenario 4: 
  Scenario 5: 
  Scenario 6: 
Vehicle 219:
  Scenario 0: 
  Scenario 1: 
  Scenario 2: 
  Scenario 3: 
  Scenario 4: 
  Scenario 5: 
  Scenario 6: 
Vehicle 220:
  Scenario 0: 
  Scenario 1: 
  Scenario 2: 
  Scenario 3: 
  Scenario 4: 
  Scenario 5: 
  Scenario 6: 
Vehicle 221:
  Scenario 0: 
  Scenario 1: 
  Scenario 2: 
  Scenario 3: 
  Scenario 4: 
  Scenario 5: 
  Scenario 6: 
Vehicle 222:
  Scenario 0: 
  Scenario 1: 
  Scenario 2: 
  Scenario 3: 
  Scenario 4: 
  Scenario 5: 
  Scenario 6: 
Vehicle 223:
  Scenario 0: 
  Scenario 1: 
  Scenario 2: 
  Scenario 3: 
  Scenario 4: 
  Scenario 5: 
  Scenario 6: 
Vehicle 224:
  Scenario 0: 
  Scenario 1: 
  Scenario 2: 
  Scenario 3: 
  Scenario 4: 
  Scenario 5: 
  Scenario 6: 
Vehicle 225:
  Scenario 0: 
  Scenario 1: 
  Scenario 2: 
  Scenario 3: 
  Scenario 4: 
  Scenario 5: 
  Scenario 6: 
Vehicle 226:
  Scenario 0: 
  Scenario 1: 
  Scenario 2: 
  Scenario 3: 
  Scenario 4: 
  Scenario 5: 
  Scenario 6: 
Vehicle 227:
  Scenario 0: 
  Scenario 1: 
  Scenario 2: 
  Scenario 3: 
  Scenario 4: 
  Scenario 5: 
  Scenario 6: 
Vehicle 228:
  Scenario 0: 
  Scenario 1: 
  Scenario 2: 
  Scenario 3: 
  Scenario 4: 
  Scenario 5: 
  Scenario 6: 
Vehicle 229:
  Scenario 0: 
  Scenario 1: 
  Scenario 2: 
  Scenario 3: 
  Scenario 4: 
  Scenario 5: 
  Scenario 6: 
Vehicle 230:
  Scenario 0: 
  Scenario 1: 
  Scenario 2: 
  Scenario 3: 
  Scenario 4: 
  Scenario 5: 
  Scenario 6: 
Vehicle 231:
  Scenario 0: 
  Scenario 1: 
  Scenario 2: 
  Scenario 3: 
  Scenario 4: 
  Scenario 5: 
  Scenario 6: 
Vehicle 232:
  Scenario 0: 
  Scenario 1: 
  Scenario 2: 
  Scenario 3: 
  Scenario 4: 
  Scenario 5: 
  Scenario 6: 
Vehicle 233:
  Scenario 0: 
  Scenario 1: 
  Scenario 2: 
  Scenario 3: 
  Scenario 4: 
  Scenario 5: 
  Scenario 6: 
Vehicle 234:
  Scenario 0: 
  Scenario 1: 
  Scenario 2: 
  Scenario 3: 
  Scenario 4: 
  Scenario 5: 
  Scenario 6: 
Vehicle 235:
  Scenario 0: 
  Scenario 1: 
  Scenario 2: 
  Scenario 3: 
  Scenario 4: 
  Scenario 5: 
  Scenario 6: 
Vehicle 236:
  Scenario 0: 
  Scenario 1: 
  Scenario 2: 
  Scenario 3: 
  Scenario 4: 
  Scenario 5: 
  Scenario 6: 
Vehicle 237:
  Scenario 0: 
  Scenario 1: 
  Scenario 2: 
  Scenario 3: 
  Scenario 4: 
  Scenario 5: 
  Scenario 6: 
Vehicle 238:
  Scenario 0: 
  Scenario 1: 
  Scenario 2: 
  Scenario 3: 
  Scenario 4: 
  Scenario 5: 
  Scenario 6: 
Vehicle 239:
  Scenario 0: 
  Scenario 1: 
  Scenario 2: 
  Scenario 3: 
  Scenario 4: 
  Scenario 5: 
  Scenario 6: 
Vehicle 240:
  Scenario 0: 
  Scenario 1: 
  Scenario 2: 
  Scenario 3: 
  Scenario 4: 
  Scenario 5: 
  Scenario 6: 
Vehicle 241:
  Scenario 0: 
  Scenario 1: 
  Scenario 2: 
  Scenario 3: 
  Scenario 4: 
  Scenario 5: 
  Scenario 6: 
Vehicle 242:
  Scenario 0: 
  Scenario 1: 
  Scenario 2: 
  Scenario 3: 
  Scenario 4: 
  Scenario 5: 
  Scenario 6: 
Vehicle 243:
  Scenario 0: 
  Scenario 1: 
  Scenario 2: 
  Scenario 3: 
  Scenario 4: 
  Scenario 5: 
  Scenario 6: 
Vehicle 244:
  Scenario 0: 
  Scenario 1: 
  Scenario 2: 
  Scenario 3: 
  Scenario 4: 
  Scenario 5: 
  Scenario 6: 
Vehicle 245:
  Scenario 0: 
  Scenario 1: 
  Scenario 2: 
  Scenario 3: 
  Scenario 4: 
  Scenario 5: 
  Scenario 6: 
Vehicle 246:
  Scenario 0: 
  Scenario 1: 
  Scenario 2: 
  Scenario 3: 
  Scenario 4: 
  Scenario 5: 
  Scenario 6: 
Vehicle 247:
  Scenario 0: 
  Scenario 1: 
  Scenario 2: 
  Scenario 3: 
  Scenario 4: 
  Scenario 5: 
  Scenario 6: 
Vehicle 248:
  Scenario 0: 
  Scenario 1: 
  Scenario 2: 
  Scenario 3: 
  Scenario 4: 
  Scenario 5: 
  Scenario 6: 
Vehicle 249:
  Scenario 0: 
  Scenario 1: 
  Scenario 2: 
  Scenario 3: 
  Scenario 4: 
  Scenario 5: 
  Scenario 6: 
Vehicle 250:
  Scenario 0: 
  Scenario 1: 
  Scenario 2: 
  Scenario 3: 
  Scenario 4: 
  Scenario 5: 
  Scenario 6: 
Vehicle 251:
  Scenario 0: 
  Scenario 1: 
  Scenario 2: 
  Scenario 3: 
  Scenario 4: 
  Scenario 5: 
  Scenario 6: 
Vehicle 252:
  Scenario 0: 
  Scenario 1: 
  Scenario 2: 
  Scenario 3: 
  Scenario 4: 
  Scenario 5: 
  Scenario 6: 
Vehicle 253:
  Scenario 0: 
  Scenario 1: 
  Scenario 2: 
  Scenario 3: 
  Scenario 4: 
  Scenario 5: 
  Scenario 6: 
Vehicle 254:
  Scenario 0: 
  Scenario 1: 
  Scenario 2: 
  Scenario 3: 
  Scenario 4: 
  Scenario 5: 
  Scenario 6: 
Vehicle 255:
  Scenario 0: 
  Scenario 1: 
  Scenario 2: 
  Scenario 3: 
  Scenario 4: 
  Scenario 5: 
  Scenario 6: 
Vehicle 256:
  Scenario 0: 
  Scenario 1: 
  Scenario 2: 
  Scenario 3: 
  Scenario 4: 
  Scenario 5: 
  Scenario 6: 
Vehicle 257:
  Scenario 0: 
  Scenario 1: 
  Scenario 2: 
  Scenario 3: 
  Scenario 4: 
  Scenario 5: 
  Scenario 6: 
Vehicle 258:
  Scenario 0: 
  Scenario 1: 
  Scenario 2: 
  Scenario 3: 
  Scenario 4: 
  Scenario 5: 
  Scenario 6: 
Vehicle 259:
  Scenario 0: 
  Scenario 1: 
  Scenario 2: 
  Scenario 3: 
  Scenario 4: 
  Scenario 5: 
  Scenario 6: 
Vehicle 260:
  Scenario 0: 
  Scenario 1: 
  Scenario 2: 
  Scenario 3: 
  Scenario 4: 
  Scenario 5: 
  Scenario 6: 
Vehicle 261:
  Scenario 0: 
  Scenario 1: 
  Scenario 2: 
  Scenario 3: 
  Scenario 4: 
  Scenario 5: 
  Scenario 6: 
Vehicle 262:
  Scenario 0: 
  Scenario 1: 
  Scenario 2: 
  Scenario 3: 
  Scenario 4: 
  Scenario 5: 
  Scenario 6: 
Vehicle 263:
  Scenario 0: 
  Scenario 1: 
  Scenario 2: 
  Scenario 3: 
  Scenario 4: 
  Scenario 5: 
  Scenario 6: 
Vehicle 264:
  Scenario 0: 
  Scenario 1: 
  Scenario 2: 
  Scenario 3: 
  Scenario 4: 
  Scenario 5: 
  Scenario 6: 
Vehicle 265:
  Scenario 0: 
  Scenario 1: 
  Scenario 2: 
  Scenario 3: 
  Scenario 4: 
  Scenario 5: 
  Scenario 6: 
Vehicle 266:
  Scenario 0: 
  Scenario 1: 
  Scenario 2: 
  Scenario 3: 
  Scenario 4: 
  Scenario 5: 
  Scenario 6: 
Vehicle 267:
  Scenario 0: 
  Scenario 1: 
  Scenario 2: 
  Scenario 3: 
  Scenario 4: 
  Scenario 5: 
  Scenario 6: 
Vehicle 268:
  Scenario 0: 
  Scenario 1: 
  Scenario 2: 
  Scenario 3: 
  Scenario 4: 
  Scenario 5: 
  Scenario 6: 
Vehicle 269:
  Scenario 0: 
  Scenario 1: 
  Scenario 2: 
  Scenario 3: 
  Scenario 4: 
  Scenario 5: 
  Scenario 6: 
Vehicle 270:
  Scenario 0: 
  Scenario 1: 
  Scenario 2: 
  Scenario 3: 
  Scenario 4: 
  Scenario 5: 
  Scenario 6: 
Vehicle 271:
  Scenario 0: 
  Scenario 1: 
  Scenario 2: 
  Scenario 3: 
  Scenario 4: 
  Scenario 5: 
  Scenario 6: 
Vehicle 272:
  Scenario 0: 
  Scenario 1: 
  Scenario 2: 
  Scenario 3: 
  Scenario 4: 
  Scenario 5: 
  Scenario 6: 
Vehicle 273:
  Scenario 0: 
  Scenario 1: 
  Scenario 2: 
  Scenario 3: 
  Scenario 4: 
  Scenario 5: 
  Scenario 6: 
Vehicle 274:
  Scenario 0: 
  Scenario 1: 
  Scenario 2: 
  Scenario 3: 
  Scenario 4: 
  Scenario 5: 
  Scenario 6: 
Vehicle 275:
  Scenario 0: 
  Scenario 1: 
  Scenario 2: 
  Scenario 3: 
  Scenario 4: 
  Scenario 5: 
  Scenario 6: 
Vehicle 276:
  Scenario 0: 
  Scenario 1: 
  Scenario 2: 
  Scenario 3: 
  Scenario 4: 
  Scenario 5: 
  Scenario 6: 
Vehicle 277:
  Scenario 0: 
  Scenario 1: 
  Scenario 2: 
  Scenario 3: 
  Scenario 4: 
  Scenario 5: 
  Scenario 6: 
Vehicle 278:
  Scenario 0: 
  Scenario 1: 
  Scenario 2: 
  Scenario 3: 
  Scenario 4: 
  Scenario 5: 
  Scenario 6: 
Vehicle 279:
  Scenario 0: 
  Scenario 1: 
  Scenario 2: 
  Scenario 3: 
  Scenario 4: 
  Scenario 5: 
  Scenario 6: 
Vehicle 280:
  Scenario 0: 
  Scenario 1: 
  Scenario 2: 
  Scenario 3: 
  Scenario 4: 
  Scenario 5: 
  Scenario 6: 
Vehicle 281:
  Scenario 0: 
  Scenario 1: 
  Scenario 2: 
  Scenario 3: 
  Scenario 4: 
  Scenario 5: 
  Scenario 6: 
Vehicle 282:
  Scenario 0: 
  Scenario 1: 
  Scenario 2: 
  Scenario 3: 
  Scenario 4: 
  Scenario 5: 
  Scenario 6: 
Vehicle 283:
  Scenario 0: 
  Scenario 1: 
  Scenario 2: 
  Scenario 3: 
  Scenario 4: 
  Scenario 5: 
  Scenario 6: 
Vehicle 284:
  Scenario 0: 
  Scenario 1: 
  Scenario 2: 
  Scenario 3: 
  Scenario 4: 
  Scenario 5: 
  Scenario 6: 
Vehicle 285:
  Scenario 0: 
  Scenario 1: 
  Scenario 2: 
  Scenario 3: 
  Scenario 4: 
  Scenario 5: 
  Scenario 6: 
Vehicle 286:
  Scenario 0: 
  Scenario 1: 
  Scenario 2: 
  Scenario 3: 
  Scenario 4: 
  Scenario 5: 
  Scenario 6: 
Vehicle 287:
  Scenario 0: 
  Scenario 1: 
  Scenario 2: 
  Scenario 3: 
  Scenario 4: 
  Scenario 5: 
  Scenario 6: 
Vehicle 288:
  Scenario 0: 
  Scenario 1: 
  Scenario 2: 
  Scenario 3: 
  Scenario 4: 
  Scenario 5: 
  Scenario 6: 
Vehicle 289:
  Scenario 0: 
  Scenario 1: 
  Scenario 2: 
  Scenario 3: 
  Scenario 4: 
  Scenario 5: 
  Scenario 6: 
Vehicle 290:
  Scenario 0: 
  Scenario 1: 
  Scenario 2: 
  Scenario 3: 
  Scenario 4: 
  Scenario 5: 
  Scenario 6: 
Vehicle 291:
  Scenario 0: 
  Scenario 1: 
  Scenario 2: 
  Scenario 3: 
  Scenario 4: 
  Scenario 5: 
  Scenario 6: 
Vehicle 292:
  Scenario 0: 
  Scenario 1: 
  Scenario 2: 
  Scenario 3: 
  Scenario 4: 
  Scenario 5: 
  Scenario 6: 
Vehicle 293:
  Scenario 0: 
  Scenario 1: 
  Scenario 2: 
  Scenario 3: 
  Scenario 4: 
  Scenario 5: 
  Scenario 6: 
Vehicle 294:
  Scenario 0: 
  Scenario 1: 
  Scenario 2: 
  Scenario 3: 
  Scenario 4: 
  Scenario 5: 
  Scenario 6: 
Vehicle 295:
  Scenario 0: 
  Scenario 1: 
  Scenario 2: 
  Scenario 3: 
  Scenario 4: 
  Scenario 5: 
  Scenario 6: 
Vehicle 296:
  Scenario 0: 
  Scenario 1: 
  Scenario 2: 
  Scenario 3: 
  Scenario 4: 
  Scenario 5: 
  Scenario 6: 
Vehicle 297:
  Scenario 0: 
  Scenario 1: 
  Scenario 2: 
  Scenario 3: 
  Scenario 4: 
  Scenario 5: 
  Scenario 6: 
Vehicle 298:
  Scenario 0: 
  Scenario 1: 
  Scenario 2: 
  Scenario 3: 
  Scenario 4: 
  Scenario 5: 
  Scenario 6: 
Vehicle 299:
  Scenario 0: 
  Scenario 1: 
  Scenario 2: 
  Scenario 3: 
  Scenario 4: 
  Scenario 5: 
  Scenario 6: 
Vehicle 300:
  Scenario 0: 
  Scenario 1: 
  Scenario 2: 
  Scenario 3: 
  Scenario 4: 
  Scenario 5: 
  Scenario 6: 
Vehicle 301:
  Scenario 0: 
  Scenario 1: 
  Scenario 2: 
  Scenario 3: 
  Scenario 4: 
  Scenario 5: 
  Scenario 6: 
Vehicle 302:
  Scenario 0: 
  Scenario 1: 
  Scenario 2: 
  Scenario 3: 
  Scenario 4: 
  Scenario 5: 
  Scenario 6: 
Vehicle 303:
  Scenario 0: 
  Scenario 1: 
  Scenario 2: 
  Scenario 3: 
  Scenario 4: 
  Scenario 5: 
  Scenario 6: 
Vehicle 304:
  Scenario 0: 
  Scenario 1: 
  Scenario 2: 
  Scenario 3: 
  Scenario 4: 
  Scenario 5: 
  Scenario 6: 
Vehicle 305:
  Scenario 0: 
  Scenario 1: 
  Scenario 2: 
  Scenario 3: 
  Scenario 4: 
  Scenario 5: 
  Scenario 6: 
Vehicle 306:
  Scenario 0: 
  Scenario 1: 
  Scenario 2: 
  Scenario 3: 
  Scenario 4: 
  Scenario 5: 
  Scenario 6: 
Vehicle 307:
  Scenario 0: 
  Scenario 1: 
  Scenario 2: 
  Scenario 3: 
  Scenario 4: 
  Scenario 5: 
  Scenario 6: 
Vehicle 308:
  Scenario 0: 
  Scenario 1: 
  Scenario 2: 
  Scenario 3: 
  Scenario 4: 
  Scenario 5: 
  Scenario 6: 
Vehicle 309:
  Scenario 0: 
  Scenario 1: 
  Scenario 2: 
  Scenario 3: 
  Scenario 4: 
  Scenario 5: 
  Scenario 6: 
Vehicle 310:
  Scenario 0: 
  Scenario 1: 
  Scenario 2: 
  Scenario 3: 
  Scenario 4: 
  Scenario 5: 
  Scenario 6: 
Vehicle 311:
  Scenario 0: 
  Scenario 1: 
  Scenario 2: 
  Scenario 3: 
  Scenario 4: 
  Scenario 5: 
  Scenario 6: 
Vehicle 312:
  Scenario 0: 
  Scenario 1: 
  Scenario 2: 
  Scenario 3: 
  Scenario 4: 
  Scenario 5: 
  Scenario 6: 
Vehicle 313:
  Scenario 0: 
  Scenario 1: 
  Scenario 2: 
  Scenario 3: 
  Scenario 4: 
  Scenario 5: 
  Scenario 6: 
Vehicle 314:
  Scenario 0: 
  Scenario 1: 
  Scenario 2: 
  Scenario 3: 
  Scenario 4: 
  Scenario 5: 
  Scenario 6: 
Vehicle 315:
  Scenario 0: 
  Scenario 1: 
  Scenario 2: 
  Scenario 3: 
  Scenario 4: 
  Scenario 5: 
  Scenario 6: 
Vehicle 316:
  Scenario 0: 
  Scenario 1: 
  Scenario 2: 
  Scenario 3: 
  Scenario 4: 
  Scenario 5: 
  Scenario 6: 
Vehicle 317:
  Scenario 0: 
  Scenario 1: 
  Scenario 2: 
  Scenario 3: 
  Scenario 4: 
  Scenario 5: 
  Scenario 6: 
Vehicle 318:
  Scenario 0: 
  Scenario 1: 
  Scenario 2: 
  Scenario 3: 
  Scenario 4: 
  Scenario 5: 
  Scenario 6: 
Vehicle 319:
  Scenario 0: 
  Scenario 1: 
  Scenario 2: 
  Scenario 3: 
  Scenario 4: 
  Scenario 5: 
  Scenario 6: 
Vehicle 320:
  Scenario 0: 
  Scenario 1: 
  Scenario 2: 
  Scenario 3: 
  Scenario 4: 
  Scenario 5: 
  Scenario 6: 
Vehicle 321:
  Scenario 0: 
  Scenario 1: 
  Scenario 2: 
  Scenario 3: 
  Scenario 4: 
  Scenario 5: 
  Scenario 6: 
Vehicle 322:
  Scenario 0: 
  Scenario 1: 
  Scenario 2: 
  Scenario 3: 
  Scenario 4: 
  Scenario 5: 
  Scenario 6: 
Vehicle 323:
  Scenario 0: 
  Scenario 1: 
  Scenario 2: 
  Scenario 3: 
  Scenario 4: 
  Scenario 5: 
  Scenario 6: 
Vehicle 324:
  Scenario 0: 
  Scenario 1: 
  Scenario 2: 
  Scenario 3: 
  Scenario 4: 
  Scenario 5: 
  Scenario 6: 
Vehicle 325:
  Scenario 0: 
  Scenario 1: 
  Scenario 2: 
  Scenario 3: 
  Scenario 4: 
  Scenario 5: 
  Scenario 6: 
Vehicle 326:
  Scenario 0: 
  Scenario 1: 
  Scenario 2: 
  Scenario 3: 
  Scenario 4: 
  Scenario 5: 
  Scenario 6: 
Vehicle 327:
  Scenario 0: 
  Scenario 1: 
  Scenario 2: 
  Scenario 3: 
  Scenario 4: 
  Scenario 5: 
  Scenario 6: 
Vehicle 328:
  Scenario 0: 
  Scenario 1: 
  Scenario 2: 
  Scenario 3: 
  Scenario 4: 
  Scenario 5: 
  Scenario 6: 
Vehicle 329:
  Scenario 0: 
  Scenario 1: 
  Scenario 2: 
  Scenario 3: 
  Scenario 4: 
  Scenario 5: 
  Scenario 6: 
Vehicle 330:
  Scenario 0: 
  Scenario 1: 
  Scenario 2: 
  Scenario 3: 
  Scenario 4: 
  Scenario 5: 
  Scenario 6: 
Vehicle 331:
  Scenario 0: 
  Scenario 1: 
  Scenario 2: 
  Scenario 3: 
  Scenario 4: 
  Scenario 5: 
  Scenario 6: 
Vehicle 332:
  Scenario 0: 
  Scenario 1: 
  Scenario 2: 
  Scenario 3: 
  Scenario 4: 
  Scenario 5: 
  Scenario 6: 
Vehicle 333:
  Scenario 0: 
  Scenario 1: 
  Scenario 2: 
  Scenario 3: 
  Scenario 4: 
  Scenario 5: 
  Scenario 6: 
Vehicle 334:
  Scenario 0: 
  Scenario 1: 
  Scenario 2: 
  Scenario 3: 
  Scenario 4: 
  Scenario 5: 
  Scenario 6: 
Vehicle 335:
  Scenario 0: 
  Scenario 1: 
  Scenario 2: 
  Scenario 3: 
  Scenario 4: 
  Scenario 5: 
  Scenario 6: 
Vehicle 336:
  Scenario 0: 
  Scenario 1: 
  Scenario 2: 
  Scenario 3: 
  Scenario 4: 
  Scenario 5: 
  Scenario 6: 
Vehicle 337:
  Scenario 0: 
  Scenario 1: 
  Scenario 2: 
  Scenario 3: 
  Scenario 4: 
  Scenario 5: 
  Scenario 6: 
Vehicle 338:
  Scenario 0: 
  Scenario 1: 
  Scenario 2: 
  Scenario 3: 
  Scenario 4: 
  Scenario 5: 
  Scenario 6: 
Vehicle 339:
  Scenario 0: 
  Scenario 1: 
  Scenario 2: 
  Scenario 3: 
  Scenario 4: 
  Scenario 5: 
  Scenario 6: 
Vehicle 340:
  Scenario 0: 
  Scenario 1: 
  Scenario 2: 
  Scenario 3: 
  Scenario 4: 
  Scenario 5: 
  Scenario 6: 
Vehicle 341:
  Scenario 0: 
  Scenario 1: 
  Scenario 2: 
  Scenario 3: 
  Scenario 4: 
  Scenario 5: 
  Scenario 6: 
Vehicle 342:
  Scenario 0: 
  Scenario 1: 
  Scenario 2: 
  Scenario 3: 
  Scenario 4: 
  Scenario 5: 
  Scenario 6: 
Vehicle 343:
  Scenario 0: 
  Scenario 1: 
  Scenario 2: 
  Scenario 3: 
  Scenario 4: 
  Scenario 5: 
  Scenario 6: 
Vehicle 344:
  Scenario 0: 
  Scenario 1: 
  Scenario 2: 
  Scenario 3: 
  Scenario 4: 
  Scenario 5: 
  Scenario 6: 
Vehicle 345:
  Scenario 0: 
  Scenario 1: 
  Scenario 2: 
  Scenario 3: 
  Scenario 4: 
  Scenario 5: 
  Scenario 6: 
Vehicle 346:
  Scenario 0: 
  Scenario 1: 
  Scenario 2: 
  Scenario 3: 
  Scenario 4: 
  Scenario 5: 
  Scenario 6: 
Vehicle 347:
  Scenario 0: 
  Scenario 1: 
  Scenario 2: 
  Scenario 3: 
  Scenario 4: 
  Scenario 5: 
  Scenario 6: 
Vehicle 348:
  Scenario 0: 
  Scenario 1: 
  Scenario 2: 
  Scenario 3: 
  Scenario 4: 
  Scenario 5: 
  Scenario 6: 
Vehicle 349:
  Scenario 0: 
  Scenario 1: 
  Scenario 2: 
  Scenario 3: 
  Scenario 4: 
  Scenario 5: 
  Scenario 6: 
Vehicle 350:
  Scenario 0: 
  Scenario 1: 
  Scenario 2: 
  Scenario 3: 
  Scenario 4: 
  Scenario 5: 
  Scenario 6: 
Vehicle 351:
  Scenario 0: 
  Scenario 1: 
  Scenario 2: 
  Scenario 3: 
  Scenario 4: 
  Scenario 5: 
  Scenario 6: 
Vehicle 352:
  Scenario 0: 
  Scenario 1: 
  Scenario 2: 
  Scenario 3: 
  Scenario 4: 
  Scenario 5: 
  Scenario 6: 
Vehicle 353:
  Scenario 0: 
  Scenario 1: 
  Scenario 2: 
  Scenario 3: 
  Scenario 4: 
  Scenario 5: 
  Scenario 6: 
Vehicle 354:
  Scenario 0: 
  Scenario 1: 
  Scenario 2: 
  Scenario 3: 
  Scenario 4: 
  Scenario 5: 
  Scenario 6: 
Vehicle 355:
  Scenario 0: 
  Scenario 1: 
  Scenario 2: 
  Scenario 3: 
  Scenario 4: 
  Scenario 5: 
  Scenario 6: 
Vehicle 356:
  Scenario 0: 
  Scenario 1: 
  Scenario 2: 
  Scenario 3: 
  Scenario 4: 
  Scenario 5: 
  Scenario 6: 
Vehicle 357:
  Scenario 0: 
  Scenario 1: 
  Scenario 2: 
  Scenario 3: 
  Scenario 4: 
  Scenario 5: 
  Scenario 6: 
Vehicle 358:
  Scenario 0: 
  Scenario 1: 
  Scenario 2: 
  Scenario 3: 
  Scenario 4: 
  Scenario 5: 
  Scenario 6: 
Vehicle 359:
  Scenario 0: 
  Scenario 1: 
  Scenario 2: 
  Scenario 3: 
  Scenario 4: 
  Scenario 5: 
  Scenario 6: 
Vehicle 360:
  Scenario 0: 
  Scenario 1: 
  Scenario 2: 
  Scenario 3: 
  Scenario 4: 
  Scenario 5: 
  Scenario 6: 
Vehicle 361:
  Scenario 0: 
  Scenario 1: 
  Scenario 2: 
  Scenario 3: 
  Scenario 4: 
  Scenario 5: 
  Scenario 6: 
Vehicle 362:
  Scenario 0: 
  Scenario 1: 
  Scenario 2: 
  Scenario 3: 
  Scenario 4: 
  Scenario 5: 
  Scenario 6: 
Vehicle 363:
  Scenario 0: 
  Scenario 1: 
  Scenario 2: 
  Scenario 3: 
  Scenario 4: 
  Scenario 5: 
  Scenario 6: 
Vehicle 364:
  Scenario 0: 
  Scenario 1: 
  Scenario 2: 
  Scenario 3: 
  Scenario 4: 
  Scenario 5: 
  Scenario 6: 
Vehicle 365:
  Scenario 0: 
  Scenario 1: 
  Scenario 2: 
  Scenario 3: 
  Scenario 4: 
  Scenario 5: 
  Scenario 6: 
Vehicle 366:
  Scenario 0: 
  Scenario 1: 
  Scenario 2: 
  Scenario 3: 
  Scenario 4: 
  Scenario 5: 
  Scenario 6: 
Vehicle 367:
  Scenario 0: 
  Scenario 1: 
  Scenario 2: 
  Scenario 3: 
  Scenario 4: 
  Scenario 5: 
  Scenario 6: 
Vehicle 368:
  Scenario 0: 
  Scenario 1: 
  Scenario 2: 
  Scenario 3: 
  Scenario 4: 
  Scenario 5: 
  Scenario 6: 
Vehicle 369:
  Scenario 0: 
  Scenario 1: 
  Scenario 2: 
  Scenario 3: 
  Scenario 4: 
  Scenario 5: 
  Scenario 6: 
Vehicle 370:
  Scenario 0: 
  Scenario 1: 
  Scenario 2: 
  Scenario 3: 
  Scenario 4: 
  Scenario 5: 
  Scenario 6: 
Vehicle 371:
  Scenario 0: 
  Scenario 1: 
  Scenario 2: 
  Scenario 3: 
  Scenario 4: 
  Scenario 5: 
  Scenario 6: 
Vehicle 372:
  Scenario 0: 
  Scenario 1: 
  Scenario 2: 
  Scenario 3: 
  Scenario 4: 
  Scenario 5: 
  Scenario 6: 
Vehicle 373:
  Scenario 0: 
  Scenario 1: 
  Scenario 2: 
  Scenario 3: 
  Scenario 4: 
  Scenario 5: 
  Scenario 6: 
Vehicle 374:
  Scenario 0: 
  Scenario 1: 
  Scenario 2: 
  Scenario 3: 
  Scenario 4: 
  Scenario 5: 
  Scenario 6: 
Vehicle 375:
  Scenario 0: 
  Scenario 1: 
  Scenario 2: 
  Scenario 3: 
  Scenario 4: 
  Scenario 5: 
  Scenario 6: 
Vehicle 376:
  Scenario 0: 
  Scenario 1: 
  Scenario 2: 
  Scenario 3: 
  Scenario 4: 
  Scenario 5: 
  Scenario 6: 
Vehicle 377:
  Scenario 0: 
  Scenario 1: 
  Scenario 2: 
  Scenario 3: 
  Scenario 4: 
  Scenario 5: 
  Scenario 6: 
Vehicle 378:
  Scenario 0: 
  Scenario 1: 
  Scenario 2: 
  Scenario 3: 
  Scenario 4: 
  Scenario 5: 
  Scenario 6: 
Vehicle 379:
  Scenario 0: 
  Scenario 1: 
  Scenario 2: 
  Scenario 3: 
  Scenario 4: 
  Scenario 5: 
  Scenario 6: 
Vehicle 380:
  Scenario 0: 
  Scenario 1: 
  Scenario 2: 
  Scenario 3: 
  Scenario 4: 
  Scenario 5: 
  Scenario 6: 
Vehicle 381:
  Scenario 0: 
  Scenario 1: 
  Scenario 2: 
  Scenario 3: 
  Scenario 4: 
  Scenario 5: 
  Scenario 6: 
Vehicle 382:
  Scenario 0: 
  Scenario 1: 
  Scenario 2: 
  Scenario 3: 
  Scenario 4: 
  Scenario 5: 
  Scenario 6: 
Vehicle 383:
  Scenario 0: 
  Scenario 1: 
  Scenario 2: 
  Scenario 3: 
  Scenario 4: 
  Scenario 5: 
  Scenario 6: 
Vehicle 384:
  Scenario 0: 
  Scenario 1: 
  Scenario 2: 
  Scenario 3: 
  Scenario 4: 
  Scenario 5: 
  Scenario 6: 
Vehicle 385:
  Scenario 0: 
  Scenario 1: 
  Scenario 2: 
  Scenario 3: 
  Scenario 4: 
  Scenario 5: 
  Scenario 6: 
Vehicle 386:
  Scenario 0: 
  Scenario 1: 
  Scenario 2: 
  Scenario 3: 
  Scenario 4: 
  Scenario 5: 
  Scenario 6: 
Vehicle 387:
  Scenario 0: 
  Scenario 1: 
  Scenario 2: 
  Scenario 3: 
  Scenario 4: 
  Scenario 5: 
  Scenario 6: 
Vehicle 388:
  Scenario 0: 
  Scenario 1: 
  Scenario 2: 
  Scenario 3: 
  Scenario 4: 
  Scenario 5: 
  Scenario 6: 
Vehicle 389:
  Scenario 0: 
  Scenario 1: 
  Scenario 2: 
  Scenario 3: 
  Scenario 4: 
  Scenario 5: 
  Scenario 6: 
Vehicle 390:
  Scenario 0: 
  Scenario 1: 
  Scenario 2: 
  Scenario 3: 
  Scenario 4: 
  Scenario 5: 
  Scenario 6: 
Vehicle 391:
  Scenario 0: 
  Scenario 1: 
  Scenario 2: 
  Scenario 3: 
  Scenario 4: 
  Scenario 5: 
  Scenario 6: 
Vehicle 392:
  Scenario 0: 
  Scenario 1: 
  Scenario 2: 
  Scenario 3: 
  Scenario 4: 
  Scenario 5: 
  Scenario 6: 
Vehicle 393:
  Scenario 0: 
  Scenario 1: 
  Scenario 2: 
  Scenario 3: 
  Scenario 4: 
  Scenario 5: 
  Scenario 6: 
Vehicle 394:
  Scenario 0: 
  Scenario 1: 
  Scenario 2: 
  Scenario 3: 
  Scenario 4: 
  Scenario 5: 
  Scenario 6: 
Vehicle 395:
  Scenario 0: 
  Scenario 1: 
  Scenario 2: 
  Scenario 3: 
  Scenario 4: 
  Scenario 5: 
  Scenario 6: 
Vehicle 396:
  Scenario 0: 
  Scenario 1: 
  Scenario 2: 
  Scenario 3: 
  Scenario 4: 
  Scenario 5: 
  Scenario 6: 
Vehicle 397:
  Scenario 0: 
  Scenario 1: 
  Scenario 2: 
  Scenario 3: 
  Scenario 4: 
  Scenario 5: 
  Scenario 6: 
Vehicle 398:
  Scenario 0: 
  Scenario 1: 
  Scenario 2: 
  Scenario 3: 
  Scenario 4: 
  Scenario 5: 
  Scenario 6: 
Vehicle 399:
  Scenario 0: 
  Scenario 1: 
  Scenario 2: 
  Scenario 3: 
  Scenario 4: 
  Scenario 5: 
  Scenario 6: 
Vehicle 400:
  Scenario 0: 
  Scenario 1: 
  Scenario 2: 
  Scenario 3: 
  Scenario 4: 
  Scenario 5: 
  Scenario 6: 
Vehicle 401:
  Scenario 0: 
  Scenario 1: 
  Scenario 2: 
  Scenario 3: 
  Scenario 4: 
  Scenario 5: 
  Scenario 6: 
Vehicle 402:
  Scenario 0: 
  Scenario 1: 
  Scenario 2: 
  Scenario 3: 
  Scenario 4: 
  Scenario 5: 
  Scenario 6: 
Vehicle 403:
  Scenario 0: 
  Scenario 1: 
  Scenario 2: 
  Scenario 3: 
  Scenario 4: 
  Scenario 5: 
  Scenario 6: 
Vehicle 404:
  Scenario 0: 
  Scenario 1: 
  Scenario 2: 
  Scenario 3: 
  Scenario 4: 
  Scenario 5: 
  Scenario 6: 
Vehicle 405:
  Scenario 0: 
  Scenario 1: 
  Scenario 2: 
  Scenario 3: 
  Scenario 4: 
  Scenario 5: 
  Scenario 6: 
Vehicle 406:
  Scenario 0: 
  Scenario 1: 
  Scenario 2: 
  Scenario 3: 
  Scenario 4: 
  Scenario 5: 
  Scenario 6: 
Vehicle 407:
  Scenario 0: 
  Scenario 1: 
  Scenario 2: 
  Scenario 3: 
  Scenario 4: 
  Scenario 5: 
  Scenario 6: 
Vehicle 408:
  Scenario 0: 
  Scenario 1: 
  Scenario 2: 
  Scenario 3: 
  Scenario 4: 
  Scenario 5: 
  Scenario 6: 
Vehicle 409:
  Scenario 0: 
  Scenario 1: 
  Scenario 2: 
  Scenario 3: 
  Scenario 4: 
  Scenario 5: 
  Scenario 6: 
Vehicle 410:
  Scenario 0: 
  Scenario 1: 
  Scenario 2: 
  Scenario 3: 
  Scenario 4: 
  Scenario 5: 
  Scenario 6: 
Vehicle 411:
  Scenario 0: 
  Scenario 1: 
  Scenario 2: 
  Scenario 3: 
  Scenario 4: 
  Scenario 5: 
  Scenario 6: 
Vehicle 412:
  Scenario 0: 
  Scenario 1: 
  Scenario 2: 
  Scenario 3: 
  Scenario 4: 
  Scenario 5: 
  Scenario 6: 
Vehicle 413:
  Scenario 0: 
  Scenario 1: 
  Scenario 2: 
  Scenario 3: 
  Scenario 4: 
  Scenario 5: 
  Scenario 6: 
Vehicle 414:
  Scenario 0: 
  Scenario 1: 
  Scenario 2: 
  Scenario 3: 
  Scenario 4: 
  Scenario 5: 
  Scenario 6: 
Vehicle 415:
  Scenario 0: 
  Scenario 1: 
  Scenario 2: 
  Scenario 3: 
  Scenario 4: 
  Scenario 5: 
  Scenario 6: 
Vehicle 416:
  Scenario 0: 
  Scenario 1: 
  Scenario 2: 
  Scenario 3: 
  Scenario 4: 
  Scenario 5: 
  Scenario 6: 
Vehicle 417:
  Scenario 0: 
  Scenario 1: 
  Scenario 2: 
  Scenario 3: 
  Scenario 4: 
  Scenario 5: 
  Scenario 6: 
Vehicle 418:
  Scenario 0: 
  Scenario 1: 
  Scenario 2: 
  Scenario 3: 
  Scenario 4: 
  Scenario 5: 
  Scenario 6: 
Vehicle 419:
  Scenario 0: 
  Scenario 1: 
  Scenario 2: 
  Scenario 3: 
  Scenario 4: 
  Scenario 5: 
  Scenario 6: 
Vehicle 420:
  Scenario 0: 
  Scenario 1: 
  Scenario 2: 
  Scenario 3: 
  Scenario 4: 
  Scenario 5: 
  Scenario 6: 
Vehicle 421:
  Scenario 0: 
  Scenario 1: 
  Scenario 2: 
  Scenario 3: 
  Scenario 4: 
  Scenario 5: 
  Scenario 6: 
Vehicle 422:
  Scenario 0: 
  Scenario 1: 
  Scenario 2: 
  Scenario 3: 
  Scenario 4: 
  Scenario 5: 
  Scenario 6: 
Vehicle 423:
  Scenario 0: 
  Scenario 1: 
  Scenario 2: 
  Scenario 3: 
  Scenario 4: 
  Scenario 5: 
  Scenario 6: 
Vehicle 424:
  Scenario 0: 
  Scenario 1: 
  Scenario 2: 
  Scenario 3: 
  Scenario 4: 
  Scenario 5: 
  Scenario 6: 
Vehicle 425:
  Scenario 0: 
  Scenario 1: 
  Scenario 2: 
  Scenario 3: 
  Scenario 4: 
  Scenario 5: 
  Scenario 6: 
Vehicle 426:
  Scenario 0: 
  Scenario 1: 
  Scenario 2: 
  Scenario 3: 
  Scenario 4: 
  Scenario 5: 
  Scenario 6: 
Vehicle 427:
  Scenario 0: 
  Scenario 1: 
  Scenario 2: 
  Scenario 3: 
  Scenario 4: 
  Scenario 5: 
  Scenario 6: 
Vehicle 428:
  Scenario 0: 
  Scenario 1: 
  Scenario 2: 
  Scenario 3: 
  Scenario 4: 
  Scenario 5: 
  Scenario 6: 
Vehicle 429:
  Scenario 0: 
  Scenario 1: 
  Scenario 2: 
  Scenario 3: 
  Scenario 4: 
  Scenario 5: 
  Scenario 6: 
Vehicle 430:
  Scenario 0: 
  Scenario 1: 
  Scenario 2: 
  Scenario 3: 
  Scenario 4: 
  Scenario 5: 
  Scenario 6: 
Vehicle 431:
  Scenario 0: 
  Scenario 1: 
  Scenario 2: 
  Scenario 3: 
  Scenario 4: 
  Scenario 5: 
  Scenario 6: 
Vehicle 432:
  Scenario 0: 
  Scenario 1: 
  Scenario 2: 
  Scenario 3: 
  Scenario 4: 
  Scenario 5: 
  Scenario 6: 
Vehicle 433:
  Scenario 0: 
  Scenario 1: 
  Scenario 2: 
  Scenario 3: 
  Scenario 4: 
  Scenario 5: 
  Scenario 6: 
Vehicle 434:
  Scenario 0: 
  Scenario 1: 
  Scenario 2: 
  Scenario 3: 
  Scenario 4: 
  Scenario 5: 
  Scenario 6: 
Vehicle 435:
  Scenario 0: 
  Scenario 1: 
  Scenario 2: 
  Scenario 3: 
  Scenario 4: 
  Scenario 5: 
  Scenario 6: 
Vehicle 436:
  Scenario 0: 
  Scenario 1: 
  Scenario 2: 
  Scenario 3: 
  Scenario 4: 
  Scenario 5: 
  Scenario 6: 
Vehicle 437:
  Scenario 0: 
  Scenario 1: 
  Scenario 2: 
  Scenario 3: 
  Scenario 4: 
  Scenario 5: 
  Scenario 6: 
Vehicle 438:
  Scenario 0: 
  Scenario 1: 
  Scenario 2: 
  Scenario 3: 
  Scenario 4: 
  Scenario 5: 
  Scenario 6: 
Vehicle 439:
  Scenario 0: 
  Scenario 1: 
  Scenario 2: 
  Scenario 3: 
  Scenario 4: 
  Scenario 5: 
  Scenario 6: 
Vehicle 440:
  Scenario 0: 
  Scenario 1: 
  Scenario 2: 
  Scenario 3: 
  Scenario 4: 
  Scenario 5: 
  Scenario 6: 
Vehicle 441:
  Scenario 0: 
  Scenario 1: 
  Scenario 2: 
  Scenario 3: 
  Scenario 4: 
  Scenario 5: 
  Scenario 6: 
Vehicle 442:
  Scenario 0: 
  Scenario 1: 
  Scenario 2: 
  Scenario 3: 
  Scenario 4: 
  Scenario 5: 
  Scenario 6: 
Vehicle 443:
  Scenario 0: 
  Scenario 1: 
  Scenario 2: 
  Scenario 3: 
  Scenario 4: 
  Scenario 5: 
  Scenario 6: 
Vehicle 444:
  Scenario 0: 
  Scenario 1: 
  Scenario 2: 
  Scenario 3: 
  Scenario 4: 
  Scenario 5: 
  Scenario 6: 
Vehicle 445:
  Scenario 0: 
  Scenario 1: 
  Scenario 2: 
  Scenario 3: 
  Scenario 4: 
  Scenario 5: 
  Scenario 6: 
Vehicle 446:
  Scenario 0: 
  Scenario 1: 
  Scenario 2: 
  Scenario 3: 
  Scenario 4: 
  Scenario 5: 
  Scenario 6: 
Vehicle 447:
  Scenario 0: 
  Scenario 1: 
  Scenario 2: 
  Scenario 3: 
  Scenario 4: 
  Scenario 5: 
  Scenario 6: 
Vehicle 448:
  Scenario 0: 
  Scenario 1: 
  Scenario 2: 
  Scenario 3: 
  Scenario 4: 
  Scenario 5: 
  Scenario 6: 
Vehicle 449:
  Scenario 0: 
  Scenario 1: 
  Scenario 2: 
  Scenario 3: 
  Scenario 4: 
  Scenario 5: 
  Scenario 6: 
Vehicle 450:
  Scenario 0: 
  Scenario 1: 
  Scenario 2: 
  Scenario 3: 
  Scenario 4: 
  Scenario 5: 
  Scenario 6: 
Vehicle 451:
  Scenario 0: 
  Scenario 1: 
  Scenario 2: 
  Scenario 3: 
  Scenario 4: 
  Scenario 5: 
  Scenario 6: 
Vehicle 452:
  Scenario 0: 
  Scenario 1: 
  Scenario 2: 
  Scenario 3: 
  Scenario 4: 
  Scenario 5: 
  Scenario 6: 
Vehicle 453:
  Scenario 0: 
  Scenario 1: 
  Scenario 2: 
  Scenario 3: 
  Scenario 4: 
  Scenario 5: 
  Scenario 6: 
Vehicle 454:
  Scenario 0: 
  Scenario 1: 
  Scenario 2: 
  Scenario 3: 
  Scenario 4: 
  Scenario 5: 
  Scenario 6: 
Vehicle 455:
  Scenario 0: 
  Scenario 1: 
  Scenario 2: 
  Scenario 3: 
  Scenario 4: 
  Scenario 5: 
  Scenario 6: 
Vehicle 456:
  Scenario 0: 
  Scenario 1: 
  Scenario 2: 
  Scenario 3: 
  Scenario 4: 
  Scenario 5: 
  Scenario 6: 
Vehicle 457:
  Scenario 0: 
  Scenario 1: 
  Scenario 2: 
  Scenario 3: 
  Scenario 4: 
  Scenario 5: 
  Scenario 6: 
Vehicle 458:
  Scenario 0: 
  Scenario 1: 
  Scenario 2: 
  Scenario 3: 
  Scenario 4: 
  Scenario 5: 
  Scenario 6: 
Vehicle 459:
  Scenario 0: 
  Scenario 1: 
  Scenario 2: 
  Scenario 3: 
  Scenario 4: 
  Scenario 5: 
  Scenario 6: 
Vehicle 460:
  Scenario 0: 
  Scenario 1: 
  Scenario 2: 
  Scenario 3: 
  Scenario 4: 
  Scenario 5: 
  Scenario 6: 
Vehicle 461:
  Scenario 0: 
  Scenario 1: 
  Scenario 2: 
  Scenario 3: 
  Scenario 4: 
  Scenario 5: 
  Scenario 6: 
Vehicle 462:
  Scenario 0: 
  Scenario 1: 
  Scenario 2: 
  Scenario 3: 
  Scenario 4: 
  Scenario 5: 
  Scenario 6: 
Vehicle 463:
  Scenario 0: 
  Scenario 1: 
  Scenario 2: 
  Scenario 3: 
  Scenario 4: 
  Scenario 5: 
  Scenario 6: 
Vehicle 464:
  Scenario 0: 
  Scenario 1: 
  Scenario 2: 
  Scenario 3: 
  Scenario 4: 
  Scenario 5: 
  Scenario 6: 
Vehicle 465:
  Scenario 0: 
  Scenario 1: 
  Scenario 2: 
  Scenario 3: 
  Scenario 4: 
  Scenario 5: 
  Scenario 6: 
Vehicle 466:
  Scenario 0: 
  Scenario 1: 
  Scenario 2: 
  Scenario 3: 
  Scenario 4: 
  Scenario 5: 
  Scenario 6: 
Vehicle 467:
  Scenario 0: 
  Scenario 1: 
  Scenario 2: 
  Scenario 3: 
  Scenario 4: 
  Scenario 5: 
  Scenario 6: 
Vehicle 468:
  Scenario 0: 
  Scenario 1: 
  Scenario 2: 
  Scenario 3: 
  Scenario 4: 
  Scenario 5: 
  Scenario 6: 
Vehicle 469:
  Scenario 0: 
  Scenario 1: 
  Scenario 2: 
  Scenario 3: 
  Scenario 4: 
  Scenario 5: 
  Scenario 6: 
Vehicle 470:
  Scenario 0: 
  Scenario 1: 
  Scenario 2: 
  Scenario 3: 
  Scenario 4: 
  Scenario 5: 
  Scenario 6: 
Vehicle 471:
  Scenario 0: 
  Scenario 1: 
  Scenario 2: 
  Scenario 3: 
  Scenario 4: 
  Scenario 5: 
  Scenario 6: 
Vehicle 472:
  Scenario 0: 
  Scenario 1: 
  Scenario 2: 
  Scenario 3: 
  Scenario 4: 
  Scenario 5: 
  Scenario 6: 
Vehicle 473:
  Scenario 0: 
  Scenario 1: 
  Scenario 2: 
  Scenario 3: 
  Scenario 4: 
  Scenario 5: 
  Scenario 6: 
Vehicle 474:
  Scenario 0: 
  Scenario 1: 
  Scenario 2: 
  Scenario 3: 
  Scenario 4: 
  Scenario 5: 
  Scenario 6: 
Vehicle 475:
  Scenario 0: 
  Scenario 1: 
  Scenario 2: 
  Scenario 3: 
  Scenario 4: 
  Scenario 5: 
  Scenario 6: 
Vehicle 476:
  Scenario 0: 
  Scenario 1: 
  Scenario 2: 
  Scenario 3: 
  Scenario 4: 
  Scenario 5: 
  Scenario 6: 
Vehicle 477:
  Scenario 0: 
  Scenario 1: 
  Scenario 2: 
  Scenario 3: 
  Scenario 4: 
  Scenario 5: 
  Scenario 6: 
Vehicle 478:
  Scenario 0: 
  Scenario 1: 
  Scenario 2: 
  Scenario 3: 
  Scenario 4: 
  Scenario 5: 
  Scenario 6: 
Vehicle 479:
  Scenario 0: 
  Scenario 1: 
  Scenario 2: 
  Scenario 3: 
  Scenario 4: 
  Scenario 5: 
  Scenario 6: 
Vehicle 480:
  Scenario 0: 
  Scenario 1: 
  Scenario 2: 
  Scenario 3: 
  Scenario 4: 
  Scenario 5: 
  Scenario 6: 
Vehicle 481:
  Scenario 0: 
  Scenario 1: 
  Scenario 2: 
  Scenario 3: 
  Scenario 4: 
  Scenario 5: 
  Scenario 6: 
Vehicle 482:
  Scenario 0: 
  Scenario 1: 
  Scenario 2: 
  Scenario 3: 
  Scenario 4: 
  Scenario 5: 
  Scenario 6: 
Vehicle 483:
  Scenario 0: 
  Scenario 1: 
  Scenario 2: 
  Scenario 3: 
  Scenario 4: 
  Scenario 5: 
  Scenario 6: 
Vehicle 484:
  Scenario 0: 
  Scenario 1: 
  Scenario 2: 
  Scenario 3: 
  Scenario 4: 
  Scenario 5: 
  Scenario 6: 
Vehicle 485:
  Scenario 0: 
  Scenario 1: 
  Scenario 2: 
  Scenario 3: 
  Scenario 4: 
  Scenario 5: 
  Scenario 6: 
Vehicle 486:
  Scenario 0: 
  Scenario 1: 
  Scenario 2: 
  Scenario 3: 
  Scenario 4: 
  Scenario 5: 
  Scenario 6: 
Vehicle 487:
  Scenario 0: 
  Scenario 1: 
  Scenario 2: 
  Scenario 3: 
  Scenario 4: 
  Scenario 5: 
  Scenario 6: 
Vehicle 488:
  Scenario 0: 
  Scenario 1: 
  Scenario 2: 
  Scenario 3: 
  Scenario 4: 
  Scenario 5: 
  Scenario 6: 
Vehicle 489:
  Scenario 0: 
  Scenario 1: 
  Scenario 2: 
  Scenario 3: 
  Scenario 4: 
  Scenario 5: 
  Scenario 6: 
Vehicle 490:
  Scenario 0: 
  Scenario 1: 
  Scenario 2: 
  Scenario 3: 
  Scenario 4: 
  Scenario 5: 
  Scenario 6: 
Vehicle 491:
  Scenario 0: 
  Scenario 1: 
  Scenario 2: 
  Scenario 3: 
  Scenario 4: 
  Scenario 5: 
  Scenario 6: 
Vehicle 492:
  Scenario 0: 
  Scenario 1: 
  Scenario 2: 
  Scenario 3: 
  Scenario 4: 
  Scenario 5: 
  Scenario 6: 
Vehicle 493:
  Scenario 0: 
  Scenario 1: 
  Scenario 2: 
  Scenario 3: 
  Scenario 4: 
  Scenario 5: 
  Scenario 6: 
Vehicle 494:
  Scenario 0: 
  Scenario 1: 
  Scenario 2: 
  Scenario 3: 
  Scenario 4: 
  Scenario 5: 
  Scenario 6: 
Vehicle 495:
  Scenario 0: 
  Scenario 1: 
  Scenario 2: 
  Scenario 3: 
  Scenario 4: 
  Scenario 5: 
  Scenario 6: 
Vehicle 496:
  Scenario 0: 
  Scenario 1: 
  Scenario 2: 
  Scenario 3: 
  Scenario 4: 
  Scenario 5: 
  Scenario 6: 
Vehicle 497:
  Scenario 0: 
  Scenario 1: 
  Scenario 2: 
  Scenario 3: 
  Scenario 4: 
  Scenario 5: 
  Scenario 6: 
Vehicle 498:
  Scenario 0: 
  Scenario 1: 
  Scenario 2: 
  Scenario 3: 
  Scenario 4: 
  Scenario 5: 
  Scenario 6: 
Vehicle 499:
  Scenario 0: 0, 1, 60, 30, 5, 6, 7, 8, 46, 47, 18, 48, 23, 24, 54, 29
  Scenario 1: 0, 1, 35, 6, 36, 11, 37, 16, 17, 43, 22, 23, 24, 54, 29
  Scenario 2: 0, 1, 35, 6, 7, 41, 12, 13, 47, 18, 19, 53, 24, 54, 29
  Scenario 3: 0, 1, 60, 30, 5, 31, 10, 32, 15, 33, 20, 34, 25, 26, 27, 28, 29
  Scenario 4: 0, 30, 5, 90, 1, 60, 6, 36, 11, 37, 16, 17, 43, 22, 44, 27, 28, 29
  Scenario 5: 0, 30, 5, 90, 60, 1, 35, 6, 95, 31, 10, 91, 36, 11, 96, 37, 16, 38, 21, 39
  Scenario 6: 0, 1, 2, 3, 4, 55, 56, 57, 58, 59
